pl_name,hostname,tic_id,pl_orbper,pl_orbpererr1,pl_orbpererr2,pl_orbper_reflink,pl_tranmid,pl_tranmid_reflink,pl_trandep,pl_trandep_reflink,pl_trandur,pl_trandur_reflink,pl_rade,sy_tmag,sy_pnum,st_rad,st_mass,tran_flag,disc_facility
"HAT-P-8 b","HAT-P-8","TIC 188876052",3.07634000000,0.00000400000,-0.00000400000,"<a refstr=STASSUN_ET_AL__2017 href=https://ui.adsabs.harvard.edu/abs/2017AJ....153..136S/abstract target=ref>Stassun et al. 2017</a>",2456052.75596000,"<a refstr=KOKORI_ET_AL__2023 href=https://ui.adsabs.harvard.edu/abs/2023ApJS..265....4K/abstract target=ref>Kokori et al. 2023</a>",0.83000000,"<a refstr=STASSUN_ET_AL__2017 href=https://ui.adsabs.harvard.edu/abs/2017AJ....153..136S/abstract target=ref>Stassun et al. 2017</a>",3.9016058,"<a refstr=EXOFOP href=https://exofop.ipac.caltech.edu/tess/view_toi.php target=ref>ExoFOP</a>",15.69260000,9.7758000,1,1.570000,1.270000,1,"HATNet"
"HAT-P-3 b","HAT-P-3","TIC 311035838",2.89970000000,0.00005400000,-0.00005400000,"<a refstr=STASSUN_ET_AL__2017 href=https://ui.adsabs.harvard.edu/abs/2017AJ....153..136S/abstract target=ref>Stassun et al. 2017</a>",2455694.72623000,"<a refstr=KOKORI_ET_AL__2022 href=https://ui.adsabs.harvard.edu/abs/2022ApJS..258...40K/abstract target=ref>Kokori et al. 2022</a>",1.20000000,"<a refstr=STASSUN_ET_AL__2017 href=https://ui.adsabs.harvard.edu/abs/2017AJ....153..136S/abstract target=ref>Stassun et al. 2017</a>",2.0808000,"<a refstr=BOURRIER_ET_AL__2023 href=https://ui.adsabs.harvard.edu/abs/2023A&A...669A..63B/abstract target=ref>Bourrier et al. 2023</a>",10.53646000,10.7164000,1,0.870000,1.060000,1,"HATNet"
"WASP-32 b","WASP-32","TIC 427332229",2.71866000000,0.00000200000,-0.00000200000,"<a refstr=STASSUN_ET_AL__2017 href=https://ui.adsabs.harvard.edu/abs/2017AJ....153..136S/abstract target=ref>Stassun et al. 2017</a>",2456523.97994000,"<a refstr=IVSHINA__AMP__WINN_2022 href=https://ui.adsabs.harvard.edu/abs/2022ApJS..259...62I/abstract target=ref>Ivshina &amp; Winn 2022</a>",1.10000000,"<a refstr=STASSUN_ET_AL__2017 href=https://ui.adsabs.harvard.edu/abs/2017AJ....153..136S/abstract target=ref>Stassun et al. 2017</a>",2.4240000,"<a refstr=BROTHWELL_ET_AL__2014 href=https://ui.adsabs.harvard.edu/abs/2014MNRAS.440.3392B/abstract target=ref>Brothwell et al. 2014</a>",10.76064000,11.0210000,1,0.950000,0.720000,1,"SuperWASP"
"WASP-24 b","WASP-24","TIC 460396820",2.34121000000,0.00000200000,-0.00000200000,"<a refstr=STASSUN_ET_AL__2017 href=https://ui.adsabs.harvard.edu/abs/2017AJ....153..136S/abstract target=ref>Stassun et al. 2017</a>",2455402.12744000,"<a refstr=KOKORI_ET_AL__2022 href=https://ui.adsabs.harvard.edu/abs/2022ApJS..258...40K/abstract target=ref>Kokori et al. 2022</a>",1.00000000,"<a refstr=STASSUN_ET_AL__2017 href=https://ui.adsabs.harvard.edu/abs/2017AJ....153..136S/abstract target=ref>Stassun et al. 2017</a>",2.6832000,"<a refstr=STREET_ET_AL__2010 href=https://ui.adsabs.harvard.edu/abs/2010ApJ...720..337S/abstract target=ref> Street et al. 2010 </a>",15.46842000,11.0062000,1,1.420000,1.430000,1,"SuperWASP"
"TrES-2 b","TrES-2","TIC 399860444",2.47063000000,0.00001000000,-0.00001000000,"<a refstr=STASSUN_ET_AL__2017 href=https://ui.adsabs.harvard.edu/abs/2017AJ....153..136S/abstract target=ref>Stassun et al. 2017</a>",2454955.76336000,"<a refstr=ESTEVES_ET_AL__2015 href=https://ui.adsabs.harvard.edu/abs/2015ApJ...804..150E/abstract target=ref>Esteves et al. 2015</a>",1.60000000,"<a refstr=STASSUN_ET_AL__2017 href=https://ui.adsabs.harvard.edu/abs/2017AJ....153..136S/abstract target=ref>Stassun et al. 2017</a>",1.7425900,"<a refstr=MORTON_ET_AL__2016 href=https://ui.adsabs.harvard.edu/abs/2016ApJ...822...86M/abstract target=ref>Morton et al. 2016</a>",15.24424000,10.8540000,1,1.120000,1.360000,1,"TrES"
"HAT-P-67 b","HAT-P-67","TIC 198588220",4.81010690000,0.00000070000,-0.00000068000,"<a refstr=WANG_ET_AL_2025 href=https://ui.adsabs.harvard.edu/abs/2025AJ....169..336W/abstract target=ref>Wang et al. 2025</a>",2459010.99174000,"<a refstr=WANG_ET_AL_2025 href=https://ui.adsabs.harvard.edu/abs/2025AJ....169..336W/abstract target=ref>Wang et al. 2025</a>",0.69650000,"<a refstr=EXOFOP href=https://exofop.ipac.caltech.edu/tess/view_toi.php target=ref>ExoFOP</a>",6.9888000,"<a refstr=ZHOU_ET_AL__2017 href=https://ui.adsabs.harvard.edu/abs/2017AJ....153..211Z/abstract target=ref>Zhou et al. 2017</a>",23.98721870,9.6333100,1,2.620000,1.730000,1,"HATNet"
"WASP-21 b","WASP-21","TIC 436478932",4.32248200000,0.00001900000,-0.00002400000,"<a refstr=BOUCHY_ET_AL__2010 href=https://ui.adsabs.harvard.edu/abs/2010arXiv1006.2605B/abstract target=ref> Bouchy et al. 2010 </a>",2454743.04190000,"<a refstr=BOUCHY_ET_AL__2010 href=https://ui.adsabs.harvard.edu/abs/2010arXiv1006.2605B/abstract target=ref> Bouchy et al. 2010 </a>",1.08200000,"<a refstr=BOUCHY_ET_AL__2010 href=https://ui.adsabs.harvard.edu/abs/2010arXiv1006.2605B/abstract target=ref> Bouchy et al. 2010 </a>",3.3552000,"<a refstr=BOUCHY_ET_AL__2010 href=https://ui.adsabs.harvard.edu/abs/2010arXiv1006.2605B/abstract target=ref> Bouchy et al. 2010 </a>",11.99000000,10.9644000,1,1.060000,1.010000,1,"SuperWASP"
"TOI-907.01","TOI-907","TIC 305424003",4.58491290000,,,"<a refstr=HORD_ET_AL__2024 href=https://ui.adsabs.harvard.edu/abs/2024AJ....167..233H/abstract target=ref>Hord et al. 2024</a>",2460846.15200500,"<a refstr=EXOFOP href=https://exofop.ipac.caltech.edu/tess/view_toi.php target=ref>ExoFOP</a>",0.21010683,"<a refstr=EXOFOP href=https://exofop.ipac.caltech.edu/tess/view_toi.php target=ref>ExoFOP</a>",5.2493974,"<a refstr=HORD_ET_AL__2024 href=https://ui.adsabs.harvard.edu/abs/2024AJ....167..233H/abstract target=ref>Hord et al. 2024</a>",9.61588510,9.9444000,1,2.059789,1.069357,1,"Transiting Exoplanet Survey Satellite (TESS)"
"WASP-31 b","WASP-31","TIC 437248515",3.40590960000,0.00000500000,-0.00000500000,"<a refstr=ANDERSON_ET_AL__2011 href=https://ui.adsabs.harvard.edu/abs/2011A&A...531A..60A/abstract target=ref> Anderson et al. 2011</a>",2455192.68870000,"<a refstr=ANDERSON_ET_AL__2011 href=https://ui.adsabs.harvard.edu/abs/2011A&A...531A..60A/abstract target=ref> Anderson et al. 2011</a>",1.61500000,"<a refstr=ANDERSON_ET_AL__2011 href=https://ui.adsabs.harvard.edu/abs/2011A&A...531A..60A/abstract target=ref> Anderson et al. 2011</a>",2.6472000,"<a refstr=ANDERSON_ET_AL__2011 href=https://ui.adsabs.harvard.edu/abs/2011A&A...531A..60A/abstract target=ref> Anderson et al. 2011</a>",17.36300000,11.4553000,1,1.252000,1.163000,1,"SuperWASP"
"WASP-61 b","WASP-61","TIC 13021029",3.85590000000,0.00000300000,-0.00000300000,"<a refstr=STASSUN_ET_AL__2017 href=https://ui.adsabs.harvard.edu/abs/2017AJ....153..136S/abstract target=ref>Stassun et al. 2017</a>",2457128.11889000,"<a refstr=KOKORI_ET_AL__2023 href=https://ui.adsabs.harvard.edu/abs/2023ApJS..265....4K/abstract target=ref>Kokori et al. 2023</a>",0.88000000,"<a refstr=STASSUN_ET_AL__2017 href=https://ui.adsabs.harvard.edu/abs/2017AJ....153..136S/abstract target=ref>Stassun et al. 2017</a>",3.9504000,"<a refstr=BROWN_ET_AL__2017 href=https://ui.adsabs.harvard.edu/abs/2017MNRAS.464..810B/abstract target=ref>Brown et al. 2017</a>",15.80469000,11.7231000,1,1.550000,1.820000,1,"SuperWASP"
"WASP-123 b","WASP-123","TIC 31858843",2.97764359000,0.00000052000,-0.00000052000,"<a refstr=KOKORI_ET_AL__2023 href=https://ui.adsabs.harvard.edu/abs/2023ApJS..265....4K/abstract target=ref>Kokori et al. 2023</a>",2456845.17350000,"<a refstr=ALEXOUDI_2022 href=https://ui.adsabs.harvard.edu/abs/2022AN....34324012A/abstract target=ref>Alexoudi 2022</a>",1.30220000,"<a refstr=EXOFOP href=https://exofop.ipac.caltech.edu/tess/view_toi.php target=ref>ExoFOP</a>",3.0936000,"<a refstr=TURNER_ET_AL__2016 href=https://ui.adsabs.harvard.edu/abs/2016PASP..128f4401T/abstract target=ref>Turner et al. 2016</a>",15.13212395,10.4293000,1,1.285000,1.166000,1,"SuperWASP"
"K2-212 b","K2-212","TIC 388811663",9.79564700000,0.00002100000,-0.00002100000,"<a refstr=DUCK_ET_AL__2021 href=https://ui.adsabs.harvard.edu/abs/2021AJ....162..136D/abstract target=ref>Duck et al. 2021</a>",2457399.64109000,"<a refstr=DUCK_ET_AL__2021 href=https://ui.adsabs.harvard.edu/abs/2021AJ....162..136D/abstract target=ref>Duck et al. 2021</a>",0.12797000,"<a refstr=DUCK_ET_AL__2021 href=https://ui.adsabs.harvard.edu/abs/2021AJ....162..136D/abstract target=ref>Duck et al. 2021</a>",2.5992000,"<a refstr=PETIGURA_ET_AL__2018 href=https://ui.adsabs.harvard.edu/abs/2018AJ....155...21P/abstract target=ref>Petigura et al. 2018</a>",2.65000000,11.7603000,1,0.678000,0.622000,1,"K2"
"Qatar-8 b","Qatar-8","TIC 103751498",3.71495000000,0.00100000000,-0.00100000000,"<a refstr=ALSUBAI_ET_AL__2019 href=https://ui.adsabs.harvard.edu/abs/2019AJ....157..224A/abstract target=ref>Alsubai et al. 2019</a>",2458210.83980000,"<a refstr=ALSUBAI_ET_AL__2019 href=https://ui.adsabs.harvard.edu/abs/2019AJ....157..224A/abstract target=ref>Alsubai et al. 2019</a>",1.26200000,"<a refstr=EXOFOP href=https://exofop.ipac.caltech.edu/tess/view_toi.php target=ref>ExoFOP</a>",4.0272000,"<a refstr=ALSUBAI_ET_AL__2019 href=https://ui.adsabs.harvard.edu/abs/2019AJ....157..224A/abstract target=ref>Alsubai et al. 2019</a>",14.40356500,10.9101000,1,1.315000,1.029000,1,"Qatar"
"TOI-4898 b","TOI-4898","TIC 124235800",2.76520470167,0.00000781027,-0.00000744965,"<a refstr=LAFARGA_ET_AL_2026 href=https://ui.adsabs.harvard.edu/abs/2026MNRAS.548ag512L/abstract target=ref>Lafarga et al. 2026</a>",2458580.63858593,"<a refstr=LAFARGA_ET_AL_2026 href=https://ui.adsabs.harvard.edu/abs/2026MNRAS.548ag512L/abstract target=ref>Lafarga et al. 2026</a>",0.23900000,"<a refstr=EXOFOP href=https://exofop.ipac.caltech.edu/tess/view_toi.php target=ref>ExoFOP</a>",1.4486675,"<a refstr=LAFARGA_ET_AL_2026 href=https://ui.adsabs.harvard.edu/abs/2026MNRAS.548ag512L/abstract target=ref>Lafarga et al. 2026</a>",3.71979540,11.9277000,1,0.639344,0.619077,1,"Transiting Exoplanet Survey Satellite (TESS)"
"TOI-4492 b","TOI-4492","TIC 298297931",4.43318240000,0.00000150000,-0.00000140000,"<a refstr=LILLO_BOX_ET_AL_2026 href=https://ui.adsabs.harvard.edu/abs/2026arXiv260719756L/abstract target=ref>Lillo-Box et al. 2026</a>",2460555.31972000,"<a refstr=LILLO_BOX_ET_AL_2026 href=https://ui.adsabs.harvard.edu/abs/2026arXiv260719756L/abstract target=ref>Lillo-Box et al. 2026</a>",0.91660000,"<a refstr=EXOFOP href=https://exofop.ipac.caltech.edu/tess/view_toi.php target=ref>ExoFOP</a>",3.9520000,"<a refstr=LILLO_BOX_ET_AL_2026 href=https://ui.adsabs.harvard.edu/abs/2026arXiv260719756L/abstract target=ref>Lillo-Box et al. 2026</a>",11.78063872,9.6310500,1,1.222000,1.067000,1,"Transiting Exoplanet Survey Satellite (TESS)"
"HAT-P-46 b","HAT-P-46","TIC 104866616",4.46312900000,0.00004800000,-0.00004800000,"<a refstr=HARTMAN_ET_AL__2014 href=https://ui.adsabs.harvard.edu/abs/2014AJ....147..128H/abstract target=ref> Hartman et al. 2014 </a>",2455701.33646000,"<a refstr=HARTMAN_ET_AL__2014 href=https://ui.adsabs.harvard.edu/abs/2014AJ....147..128H/abstract target=ref> Hartman et al. 2014 </a>",0.79838271,"<a refstr=EXOFOP href=https://exofop.ipac.caltech.edu/tess/view_toi.php target=ref>ExoFOP</a>",3.0984000,"<a refstr=HARTMAN_ET_AL__2014 href=https://ui.adsabs.harvard.edu/abs/2014AJ....147..128H/abstract target=ref> Hartman et al. 2014 </a>",14.39200000,11.1323000,1,1.396000,1.284000,1,"HATNet"
"TOI-1107 b","TOI-1107","TIC 394561119",4.07823870000,0.00000240000,-0.00000250000,"<a refstr=PSARIDI_ET_AL_2022 href=https://ui.adsabs.harvard.edu/abs/2022A&A...664A..94P/abstract target=ref>Psaridi et al. 2022</a>",2459385.01230000,"<a refstr=PSARIDI_ET_AL_2022 href=https://ui.adsabs.harvard.edu/abs/2022A&A...664A..94P/abstract target=ref>Psaridi et al. 2022</a>",0.66676920,"<a refstr=EXOFOP href=https://exofop.ipac.caltech.edu/tess/view_toi.php target=ref>ExoFOP</a>",4.9104136,"<a refstr=EXOFOP href=https://exofop.ipac.caltech.edu/tess/view_toi.php target=ref>ExoFOP</a>",14.57167491,10.0068000,1,1.810000,1.350000,1,"Transiting Exoplanet Survey Satellite (TESS)"
"TOI-912 b","TOI-912","TIC 406941612",4.67806910000,0.00000170000,-0.00000170000,"<a refstr=LACEDELLI_ET_AL_2026 href=https://ui.adsabs.harvard.edu/abs/2026A&A...705A.260L/abstract target=ref>Lacedelli et al. 2026</a>",2458628.40610000,"<a refstr=LACEDELLI_ET_AL_2026 href=https://ui.adsabs.harvard.edu/abs/2026A&A...705A.260L/abstract target=ref>Lacedelli et al. 2026</a>",0.18356055,"<a refstr=EXOFOP href=https://exofop.ipac.caltech.edu/tess/view_toi.php target=ref>ExoFOP</a>",1.7000000,"<a refstr=LACEDELLI_ET_AL_2026 href=https://ui.adsabs.harvard.edu/abs/2026A&A...705A.260L/abstract target=ref>Lacedelli et al. 2026</a>",1.93000000,10.4904000,1,0.419000,0.418000,1,"Transiting Exoplanet Survey Satellite (TESS)"
"WASP-34 b","WASP-34","TIC 437242640",4.31768000000,0.00000500000,-0.00000500000,"<a refstr=STASSUN_ET_AL__2017 href=https://ui.adsabs.harvard.edu/abs/2017AJ....153..136S/abstract target=ref>Stassun et al. 2017</a>",2458654.36450000,"<a refstr=KOKORI_ET_AL__2023 href=https://ui.adsabs.harvard.edu/abs/2023ApJS..265....4K/abstract target=ref>Kokori et al. 2023</a>",1.30000000,"<a refstr=STASSUN_ET_AL__2017 href=https://ui.adsabs.harvard.edu/abs/2017AJ....153..136S/abstract target=ref>Stassun et al. 2017</a>",2.1024000,"<a refstr=SMALLEY_ET_AL__2011 href=https://ui.adsabs.harvard.edu/abs/2010arXiv1012.2278S/abstract target=ref> Smalley et al. 2011 </a>",11.20900000,9.7566000,1,0.910000,0.960000,1,"SuperWASP"
"WASP-74 b","WASP-74","TIC 244089109",2.13775000000,0.00000100000,-0.00000100000,"<a refstr=STASSUN_ET_AL__2017 href=https://ui.adsabs.harvard.edu/abs/2017AJ....153..136S/abstract target=ref>Stassun et al. 2017</a>",2457103.32597100,"<a refstr=KOKORI_ET_AL__2023 href=https://ui.adsabs.harvard.edu/abs/2023ApJS..265....4K/abstract target=ref>Kokori et al. 2023</a>",0.96000000,"<a refstr=STASSUN_ET_AL__2017 href=https://ui.adsabs.harvard.edu/abs/2017AJ....153..136S/abstract target=ref>Stassun et al. 2017</a>",2.2920000,"<a refstr=HELLIER_ET_AL__2015 href=https://ui.adsabs.harvard.edu/abs/2015AJ....150...18H/abstract target=ref>Hellier et al. 2015</a>",15.24424000,9.1305500,1,1.420000,0.980000,1,"SuperWASP"
"KELT-8 b","KELT-8","TIC 358516596",3.24406000000,0.00016000000,-0.00016000000,"<a refstr=STASSUN_ET_AL__2017 href=https://ui.adsabs.harvard.edu/abs/2017AJ....153..136S/abstract target=ref>Stassun et al. 2017</a>",2457986.46737000,"<a refstr=KOKORI_ET_AL__2023 href=https://ui.adsabs.harvard.edu/abs/2023ApJS..265....4K/abstract target=ref>Kokori et al. 2023</a>",1.30000000,"<a refstr=STASSUN_ET_AL__2017 href=https://ui.adsabs.harvard.edu/abs/2017AJ....153..136S/abstract target=ref>Stassun et al. 2017</a>",3.6774272,"<a refstr=EXOFOP href=https://exofop.ipac.caltech.edu/tess/view_toi.php target=ref>ExoFOP</a>",18.15858000,10.2025000,1,1.460000,0.810000,1,"KELT"
"GJ 1214 b","GJ 1214","TIC 467929202",1.58040453100,0.00000001800,-0.00000001700,"<a refstr=MAHAJAN_ET_AL__2024 href=https://ui.adsabs.harvard.edu/abs/2024ApJ...963L..37M/abstract target=ref>Mahajan et al. 2024</a>",2459639.78126190,"<a refstr=MAHAJAN_ET_AL__2024 href=https://ui.adsabs.harvard.edu/abs/2024ApJ...963L..37M/abstract target=ref>Mahajan et al. 2024</a>",1.34300000,"<a refstr=MAHAJAN_ET_AL__2024 href=https://ui.adsabs.harvard.edu/abs/2024ApJ...963L..37M/abstract target=ref>Mahajan et al. 2024</a>",0.8696600,"<a refstr=MAHAJAN_ET_AL__2024 href=https://ui.adsabs.harvard.edu/abs/2024ApJ...963L..37M/abstract target=ref>Mahajan et al. 2024</a>",2.73300000,11.5810000,1,0.216200,0.182000,1,"MEarth Project"
"GJ 436 b","GJ 436","TIC 138819293",2.64388312000,0.00000057000,-0.00000057000,"<a refstr=MACIEJEWSKI_ET_AL__2014 href=https://ui.adsabs.harvard.edu/abs/2014AcA....64..323M/abstract target=ref>Maciejewski et al. 2014</a>",2454510.80162000,"<a refstr=MACIEJEWSKI_ET_AL__2014 href=https://ui.adsabs.harvard.edu/abs/2014AcA....64..323M/abstract target=ref>Maciejewski et al. 2014</a>",0.68190000,"<a refstr=BOURRIER_ET_AL__2018 href=https://ui.adsabs.harvard.edu/abs/2018Natur.553..477B/abstract target=ref>Bourrier et al. 2018</a>",1.0053600,"<a refstr=LANOTTE_ET_AL__2014 href=https://ui.adsabs.harvard.edu/abs/2014A&A...572A..73L/abstract target=ref>Lanotte et al. 2014</a>",4.17000000,8.4034600,1,0.455000,0.470000,1,"W. M. Keck Observatory"
"HAT-P-12 b","HAT-P-12","TIC 198108326",3.21305980000,0.00000210000,-0.00000210000,"<a refstr=HARTMAN_ET_AL__2009 href=https://ui.adsabs.harvard.edu/abs/2009ApJ...706..785H/abstract target=ref> Hartman et al. 2009 </a>",2454419.19556000,"<a refstr=HARTMAN_ET_AL__2009 href=https://ui.adsabs.harvard.edu/abs/2009ApJ...706..785H/abstract target=ref> Hartman et al. 2009 </a>",1.97700000,"<a refstr=HARTMAN_ET_AL__2009 href=https://ui.adsabs.harvard.edu/abs/2009ApJ...706..785H/abstract target=ref> Hartman et al. 2009 </a>",2.3376000,"<a refstr=HARTMAN_ET_AL__2009 href=https://ui.adsabs.harvard.edu/abs/2009ApJ...706..785H/abstract target=ref> Hartman et al. 2009 </a>",10.74900000,11.7551000,1,0.701000,0.733000,1,"HATNet"
"HAT-P-14 b","HAT-P-14","TIC 101721385",4.62767000000,0.00000500000,-0.00000500000,"<a refstr=STASSUN_ET_AL__2017 href=https://ui.adsabs.harvard.edu/abs/2017AJ....153..136S/abstract target=ref>Stassun et al. 2017</a>",2457304.81275000,"<a refstr=KOKORI_ET_AL__2023 href=https://ui.adsabs.harvard.edu/abs/2023ApJS..265....4K/abstract target=ref>Kokori et al. 2023</a>",0.65000000,"<a refstr=STASSUN_ET_AL__2017 href=https://ui.adsabs.harvard.edu/abs/2017AJ....153..136S/abstract target=ref>Stassun et al. 2017</a>",2.1888000,"<a refstr=TORRES_ET_AL__2010 href=https://ui.adsabs.harvard.edu/abs/2010ApJ...715..458T/abstract target=ref> Torres et al. 2010 </a>",15.91678000,9.5441700,1,1.820000,2.650000,1,"HATNet"
"HAT-P-18 b","HAT-P-18","TIC 21744120",5.50802910000,0.00000030000,-0.00000030000,"<a refstr=YEE__VISSAPRAGADA_2026 href=https://ui.adsabs.harvard.edu/abs/2026ApJ..1000L..54Y/abstract target=ref>Yee &amp; Vissapragada 2026</a>",2454715.02250000,"<a refstr=YEE__VISSAPRAGADA_2026 href=https://ui.adsabs.harvard.edu/abs/2026ApJ..1000L..54Y/abstract target=ref>Yee &amp; Vissapragada 2026</a>",2.15847573,"<a refstr=EXOFOP href=https://exofop.ipac.caltech.edu/tess/view_toi.php target=ref>ExoFOP</a>",2.7144000,"<a refstr=HARTMAN_ET_AL__2011 href=https://ui.adsabs.harvard.edu/abs/2011ApJ...726...52H/abstract target=ref> Hartman et al. 2011 </a>",10.70457657,11.7330000,1,0.717000,0.770000,1,"HATNet"
"HAT-P-1 b","HAT-P-1","TIC 346338552",4.46529976000,0.00000055000,-0.00000055000,"<a refstr=NIKOLOV_ET_AL__2014 href=https://ui.adsabs.harvard.edu/abs/2014MNRAS.437...46N/abstract target=ref>Nikolov et al. 2014</a>",2453979.93202000,"<a refstr=NIKOLOV_ET_AL__2014 href=https://ui.adsabs.harvard.edu/abs/2014MNRAS.437...46N/abstract target=ref>Nikolov et al. 2014</a>",1.44400000,"<a refstr=EXOFOP href=https://exofop.ipac.caltech.edu/tess/view_toi.php target=ref>ExoFOP</a>",2.8500000,"<a refstr=NIKOLOV_ET_AL__2014 href=https://ui.adsabs.harvard.edu/abs/2014MNRAS.437...46N/abstract target=ref>Nikolov et al. 2014</a>",14.78467100,9.7603100,1,1.174000,1.151000,1,"HATNet"
"HAT-P-26 b","HAT-P-26","TIC 420779000",4.23452000000,0.00001500000,-0.00001500000,"<a refstr=STASSUN_ET_AL__2017 href=https://ui.adsabs.harvard.edu/abs/2017AJ....153..136S/abstract target=ref>Stassun et al. 2017</a>",2456901.05945800,"<a refstr=KOKORI_ET_AL__2023 href=https://ui.adsabs.harvard.edu/abs/2023ApJS..265....4K/abstract target=ref>Kokori et al. 2023</a>",0.54000000,"<a refstr=STASSUN_ET_AL__2017 href=https://ui.adsabs.harvard.edu/abs/2017AJ....153..136S/abstract target=ref>Stassun et al. 2017</a>",2.4552000,"<a refstr=HARTMAN_ET_AL__2011 href=https://ui.adsabs.harvard.edu/abs/2011ApJ...728..138H/abstract target=ref>Hartman et al. 2011</a>",7.06167000,10.9016000,1,0.870000,1.120000,1,"HATNet"
"HAT-P-30 b","HAT-P-30","TIC 455135327",2.81060000000,0.00000500000,-0.00000500000,"<a refstr=STASSUN_ET_AL__2017 href=https://ui.adsabs.harvard.edu/abs/2017AJ....153..136S/abstract target=ref>Stassun et al. 2017</a>",2457775.21277800,"<a refstr=YALCINKAYA_ET_AL_2024 href=https://ui.adsabs.harvard.edu/abs/2024MNRAS.530.2475Y/abstract target=ref>Yal&ccedil;&#x131;nkaya et al. 2024</a>",1.30000000,"<a refstr=STASSUN_ET_AL__2017 href=https://ui.adsabs.harvard.edu/abs/2017AJ....153..136S/abstract target=ref>Stassun et al. 2017</a>",2.2499254,"<a refstr=EXOFOP href=https://exofop.ipac.caltech.edu/tess/view_toi.php target=ref>ExoFOP</a>",16.14096000,9.9390800,1,1.310000,1.550000,1,"HATNet"
"HAT-P-32 b","HAT-P-32","TIC 292152376",2.15000820000,0.00000013000,-0.00000013000,"<a refstr=WANG_ET_AL__2019 href=https://ui.adsabs.harvard.edu/abs/2019AJ....157...82W/abstract target=ref>Wang et al. 2019</a>",2455867.40274300,"<a refstr=WANG_ET_AL__2019 href=https://ui.adsabs.harvard.edu/abs/2019AJ....157...82W/abstract target=ref>Wang et al. 2019</a>",2.21600000,"<a refstr=WANG_ET_AL__2019 href=https://ui.adsabs.harvard.edu/abs/2019AJ....157...82W/abstract target=ref>Wang et al. 2019</a>",3.1204800,"<a refstr=WANG_ET_AL__2019 href=https://ui.adsabs.harvard.edu/abs/2019AJ....157...82W/abstract target=ref>Wang et al. 2019</a>",22.19382000,10.7696000,1,1.367000,1.132000,1,"HATNet"
"HD 149026 b","HD 149026","TIC 255930614",2.87589000000,0.00000200000,-0.00000200000,"<a refstr=STASSUN_ET_AL__2017 href=https://ui.adsabs.harvard.edu/abs/2017AJ....153..136S/abstract target=ref>Stassun et al. 2017</a>",2457217.64141000,"<a refstr=KOKORI_ET_AL__2023 href=https://ui.adsabs.harvard.edu/abs/2023ApJS..265....4K/abstract target=ref>Kokori et al. 2023</a>",0.29000000,"<a refstr=STASSUN_ET_AL__2017 href=https://ui.adsabs.harvard.edu/abs/2017AJ....153..136S/abstract target=ref>Stassun et al. 2017</a>",3.1400000,"<a refstr=EXOFOP href=https://exofop.ipac.caltech.edu/tess/view_toi.php target=ref>ExoFOP</a>",8.29466000,7.6262000,1,1.410000,1.420000,1,"Subaru Telescope"
"HD 189733 b","HD 189733","TIC 256364928",2.21857567000,0.00000015000,-0.00000015000,"<a refstr=STASSUN_ET_AL__2017 href=https://ui.adsabs.harvard.edu/abs/2017AJ....153..136S/abstract target=ref>Stassun et al. 2017</a>",2453955.52555110,"<a refstr=BALUEV_ET_AL__2015 href=https://ui.adsabs.harvard.edu/abs/2015MNRAS.450.3101B/abstract target=ref>Baluev et al. 2015</a>",2.40000000,"<a refstr=STASSUN_ET_AL__2017 href=https://ui.adsabs.harvard.edu/abs/2017AJ....153..136S/abstract target=ref>Stassun et al. 2017</a>",1.8233621,"<a refstr=EXOFOP href=https://exofop.ipac.caltech.edu/tess/view_toi.php target=ref>ExoFOP</a>",12.66617000,6.8481000,1,0.750000,0.790000,1,"Haute-Provence Observatory"
"HD 209458 b","HD 209458","TIC 420814525",3.52474859000,0.00000038000,-0.00000038000,"<a refstr=STASSUN_ET_AL__2017 href=https://ui.adsabs.harvard.edu/abs/2017AJ....153..136S/abstract target=ref>Stassun et al. 2017</a>",2451659.93742000,"<a refstr=ALBRECHT_ET_AL__2012 href=https://ui.adsabs.harvard.edu/abs/2012ApJ...757...18A/abstract target=ref>Albrecht et al. 2012</a>",1.50000000,"<a refstr=STASSUN_ET_AL__2017 href=https://ui.adsabs.harvard.edu/abs/2017AJ....153..136S/abstract target=ref>Stassun et al. 2017</a>",3.0720000,"<a refstr=ALBRECHT_ET_AL__2012 href=https://ui.adsabs.harvard.edu/abs/2012ApJ...757...18A/abstract target=ref>Albrecht et al. 2012</a>",15.58051000,7.1274000,1,1.190000,1.230000,1,"W. M. Keck Observatory"
"TrES-4 b","TrES-4","TIC 159742538",3.55395000000,0.00007500000,-0.00007500000,"<a refstr=STASSUN_ET_AL__2017 href=https://ui.adsabs.harvard.edu/abs/2017AJ....153..136S/abstract target=ref>Stassun et al. 2017</a>",2460478.71288500,"<a refstr=MEECH_ET_AL__2025 href=https://ui.adsabs.harvard.edu/abs/2025MNRAS.539.1381M/abstract target=ref>Meech et al. 2025</a>",0.98000000,"<a refstr=STASSUN_ET_AL__2017 href=https://ui.adsabs.harvard.edu/abs/2017AJ....153..136S/abstract target=ref>Stassun et al. 2017</a>",3.6341388,"<a refstr=EXOFOP href=https://exofop.ipac.caltech.edu/tess/view_toi.php target=ref>ExoFOP</a>",18.04649000,11.1116000,1,1.660000,1.080000,1,"TrES"
"WASP-12 b","WASP-12","TIC 86396382",1.09141890100,0.00000001800,-0.00000001800,"<a refstr=LEONARDI_ET_AL__2024 href=https://ui.adsabs.harvard.edu/abs/2024A&A...686A..84L/abstract target=ref>Leonardi et al. 2024</a>",2457607.51930500,"<a refstr=LEONARDI_ET_AL__2024 href=https://ui.adsabs.harvard.edu/abs/2024A&A...686A..84L/abstract target=ref>Leonardi et al. 2024</a>",1.53777921,"<a refstr=EXOFOP href=https://exofop.ipac.caltech.edu/tess/view_toi.php target=ref>ExoFOP</a>",3.0010000,"<a refstr=LEONARDI_ET_AL__2024 href=https://ui.adsabs.harvard.edu/abs/2024A&A...686A..84L/abstract target=ref>Leonardi et al. 2024</a>",22.02564708,11.0967000,1,1.690000,1.325000,1,"SuperWASP"
"WASP-15 b","WASP-15","TIC 111991770",3.75210000000,0.00001000000,-0.00001000000,"<a refstr=STASSUN_ET_AL__2017 href=https://ui.adsabs.harvard.edu/abs/2017AJ....153..136S/abstract target=ref>Stassun et al. 2017</a>",2456036.76051000,"<a refstr=IVSHINA__AMP__WINN_2022 href=https://ui.adsabs.harvard.edu/abs/2022ApJS..259...62I/abstract target=ref>Ivshina &amp; Winn 2022</a>",0.97000000,"<a refstr=STASSUN_ET_AL__2017 href=https://ui.adsabs.harvard.edu/abs/2017AJ....153..136S/abstract target=ref>Stassun et al. 2017</a>",3.7128000,"<a refstr=TRIAUD_ET_AL__2010 href=https://ui.adsabs.harvard.edu/abs/2010A&A...524A..25T/abstract target=ref>Triaud et al. 2010</a>",15.80469000,10.4445000,1,1.480000,1.180000,1,"SuperWASP"
"WASP-17 b","WASP-17","TIC 66818296",3.73543000000,0.00000800000,-0.00000800000,"<a refstr=STASSUN_ET_AL__2017 href=https://ui.adsabs.harvard.edu/abs/2017AJ....153..136S/abstract target=ref>Stassun et al. 2017</a>",2454592.80154000,"<a refstr=BONOMO_ET_AL__2017 href=https://ui.adsabs.harvard.edu/abs/2017A&A...602A.107B/abstract target=ref>Bonomo et al. 2017</a>",1.70000000,"<a refstr=STASSUN_ET_AL__2017 href=https://ui.adsabs.harvard.edu/abs/2017AJ....153..136S/abstract target=ref>Stassun et al. 2017</a>",4.4232000,"<a refstr=TRIAUD_ET_AL__2010 href=https://ui.adsabs.harvard.edu/abs/2010A&A...524A..25T/abstract target=ref>Triaud et al. 2010</a>",20.96083000,11.0261000,1,1.490000,2.280000,1,"SuperWASP"
"WASP-18 b","WASP-18","TIC 100100827",0.94145223000,0.00000024000,-0.00000024000,"<a refstr=CORT_EACUTE_S_ZULETA_ET_AL__2020 href=https://ui.adsabs.harvard.edu/abs/2020A&A...636A..98C/abstract target=ref>Cort&eacute;s-Zuleta et al. 2020</a>",2456740.80560000,"<a refstr=CORT_EACUTE_S_ZULETA_ET_AL__2020 href=https://ui.adsabs.harvard.edu/abs/2020A&A...636A..98C/abstract target=ref>Cort&eacute;s-Zuleta et al. 2020</a>",1.04100000,"<a refstr=CORT_EACUTE_S_ZULETA_ET_AL__2020 href=https://ui.adsabs.harvard.edu/abs/2020A&A...636A..98C/abstract target=ref>Cort&eacute;s-Zuleta et al. 2020</a>",2.2100000,"<a refstr=CORT_EACUTE_S_ZULETA_ET_AL__2020 href=https://ui.adsabs.harvard.edu/abs/2020A&A...636A..98C/abstract target=ref>Cort&eacute;s-Zuleta et al. 2020</a>",13.89913607,8.8287000,1,1.319000,1.294000,1,"SuperWASP"
"WASP-19 b","WASP-19","TIC 35516889",0.78883852000,0.00000075000,-0.00000082000,"<a refstr=CORT_EACUTE_S_ZULETA_ET_AL__2020 href=https://ui.adsabs.harvard.edu/abs/2020A&A...636A..98C/abstract target=ref>Cort&eacute;s-Zuleta et al. 2020</a>",2456402.71280000,"<a refstr=CORT_EACUTE_S_ZULETA_ET_AL__2020 href=https://ui.adsabs.harvard.edu/abs/2020A&A...636A..98C/abstract target=ref>Cort&eacute;s-Zuleta et al. 2020</a>",2.07700000,"<a refstr=CORT_EACUTE_S_ZULETA_ET_AL__2020 href=https://ui.adsabs.harvard.edu/abs/2020A&A...636A..98C/abstract target=ref>Cort&eacute;s-Zuleta et al. 2020</a>",1.6070000,"<a refstr=CORT_EACUTE_S_ZULETA_ET_AL__2020 href=https://ui.adsabs.harvard.edu/abs/2020A&A...636A..98C/abstract target=ref>Cort&eacute;s-Zuleta et al. 2020</a>",15.86070769,11.6044000,1,1.006000,0.965000,1,"SuperWASP"
"WASP-25 b","WASP-25","TIC 229047362",3.76483370000,0.00000120000,-0.00000120000,"<a refstr=MCGRUDER_ET_AL__2023 href=https://ui.adsabs.harvard.edu/abs/2023ApJ...944L..56M/abstract target=ref>McGruder et al. 2023</a>",2455274.99649000,"<a refstr=MCGRUDER_ET_AL__2023 href=https://ui.adsabs.harvard.edu/abs/2023ApJ...944L..56M/abstract target=ref>McGruder et al. 2023</a>",2.22571184,"<a refstr=EXOFOP href=https://exofop.ipac.caltech.edu/tess/view_toi.php target=ref>ExoFOP</a>",2.7599960,"<a refstr=EXOFOP href=https://exofop.ipac.caltech.edu/tess/view_toi.php target=ref>ExoFOP</a>",13.80946422,11.2175000,1,0.884000,0.962000,1,"SuperWASP"
"WASP-39 b","WASP-39","TIC 181949561",4.05529410000,0.00000340000,-0.00000340000,"<a refstr=MANCINI_ET_AL__2018 href=https://ui.adsabs.harvard.edu/abs/2018A&A...613A..41M/abstract target=ref>Mancini et al. 2018</a>",2455342.96913000,"<a refstr=MANCINI_ET_AL__2018 href=https://ui.adsabs.harvard.edu/abs/2018A&A...613A..41M/abstract target=ref>Mancini et al. 2018</a>",2.34348052,"<a refstr=EXOFOP href=https://exofop.ipac.caltech.edu/tess/view_toi.php target=ref>ExoFOP</a>",2.8032000,"<a refstr=FAEDI_ET_AL__2011 href=https://ui.adsabs.harvard.edu/abs/2011arXiv1102.1375F/abstract target=ref> Faedi et al. 2011 </a>",14.33631100,11.3763000,1,0.939000,0.913000,1,"SuperWASP"
"WASP-43 b","WASP-43","TIC 36734222",0.81347500000,0.00000100000,-0.00000100000,"<a refstr=HELLIER_ET_AL__2011 href=https://ui.adsabs.harvard.edu/abs/2011arXiv1104.2823H/abstract target=ref> Hellier et al. 2011 </a>",2455528.86774000,"<a refstr=HELLIER_ET_AL__2011 href=https://ui.adsabs.harvard.edu/abs/2011arXiv1104.2823H/abstract target=ref> Hellier et al. 2011 </a>",2.55000000,"<a refstr=HELLIER_ET_AL__2011 href=https://ui.adsabs.harvard.edu/abs/2011arXiv1104.2823H/abstract target=ref> Hellier et al. 2011 </a>",1.1592000,"<a refstr=HELLIER_ET_AL__2011 href=https://ui.adsabs.harvard.edu/abs/2011arXiv1104.2823H/abstract target=ref> Hellier et al. 2011 </a>",10.42400000,11.1184000,1,0.600000,0.580000,1,"SuperWASP"
"WASP-6 b","WASP-6","TIC 204376737",3.36100260000,0.00000061000,-0.00000630000,"<a refstr=MCGRUDER_ET_AL__2023 href=https://ui.adsabs.harvard.edu/abs/2023ApJ...944L..56M/abstract target=ref>McGruder et al. 2023</a>",2454596.43260000,"<a refstr=MCGRUDER_ET_AL__2023 href=https://ui.adsabs.harvard.edu/abs/2023ApJ...944L..56M/abstract target=ref>McGruder et al. 2023</a>",2.40817811,"<a refstr=EXOFOP href=https://exofop.ipac.caltech.edu/tess/view_toi.php target=ref>ExoFOP</a>",2.5685869,"<a refstr=EXOFOP href=https://exofop.ipac.caltech.edu/tess/view_toi.php target=ref>ExoFOP</a>",12.54284940,11.4779000,1,0.790000,0.854000,1,"SuperWASP"
"GJ 3470 b","GJ 3470","TIC 19028197",3.33664960000,0.00000390000,-0.00000330000,"<a refstr=AWIPHAN_ET_AL__2016 href=https://ui.adsabs.harvard.edu/abs/2016MNRAS.463.2574A/abstract target=ref>Awiphan et al. 2016</a>",2455983.70421000,"<a refstr=AWIPHAN_ET_AL__2016 href=https://ui.adsabs.harvard.edu/abs/2016MNRAS.463.2574A/abstract target=ref>Awiphan et al. 2016</a>",0.67658704,"<a refstr=EXOFOP href=https://exofop.ipac.caltech.edu/tess/view_toi.php target=ref>ExoFOP</a>",1.8984000,"<a refstr=DEMORY_ET_AL__2013 href=https://ui.adsabs.harvard.edu/abs/2013ApJ...768..154D/abstract target=ref>Demory et al. 2013</a>",4.57000000,10.2479000,1,0.547000,0.539000,1,"La Silla Observatory"
"WASP-63 b","WASP-63","TIC 393414358",4.37808000000,0.00000600000,-0.00000600000,"<a refstr=STASSUN_ET_AL__2017 href=https://ui.adsabs.harvard.edu/abs/2017AJ....153..136S/abstract target=ref>Stassun et al. 2017</a>",2458574.77102000,"<a refstr=KOKORI_ET_AL__2023 href=https://ui.adsabs.harvard.edu/abs/2023ApJS..265....4K/abstract target=ref>Kokori et al. 2023</a>",0.61000000,"<a refstr=STASSUN_ET_AL__2017 href=https://ui.adsabs.harvard.edu/abs/2017AJ....153..136S/abstract target=ref>Stassun et al. 2017</a>",5.3900978,"<a refstr=EXOFOP href=https://exofop.ipac.caltech.edu/tess/view_toi.php target=ref>ExoFOP</a>",15.80469000,10.4390000,1,1.860000,1.280000,1,"SuperWASP"
"WASP-52 b","WASP-52","TIC 427685831",1.74977980000,0.00000120000,-0.00000120000,"<a refstr=HEBRARD_ET_AL__2013 href=https://ui.adsabs.harvard.edu/abs/2013A%26A...549A.134H/abstract target=ref> Hebrard et al. 2013 </a>",2455793.68143000,"<a refstr=HEBRARD_ET_AL__2013 href=https://ui.adsabs.harvard.edu/abs/2013A%26A...549A.134H/abstract target=ref> Hebrard et al. 2013 </a>",2.71000000,"<a refstr=HEBRARD_ET_AL__2013 href=https://ui.adsabs.harvard.edu/abs/2013A%26A...549A.134H/abstract target=ref> Hebrard et al. 2013 </a>",1.8096000,"<a refstr=HEBRARD_ET_AL__2013 href=https://ui.adsabs.harvard.edu/abs/2013A%26A...549A.134H/abstract target=ref> Hebrard et al. 2013 </a>",14.24000000,11.3819000,1,0.790000,0.870000,1,"SuperWASP"
"WASP-77 A b","WASP-77 A","TIC 1129033",1.36002939500,0.00000005700,-0.00000005700,"<a refstr=NOGUER_ET_AL__2024 href=https://ui.adsabs.harvard.edu/abs/2024PASP..136f4401N/abstract target=ref>Noguer et al. 2024</a>",2459957.33786000,"<a refstr=NOGUER_ET_AL__2024 href=https://ui.adsabs.harvard.edu/abs/2024PASP..136f4401N/abstract target=ref>Noguer et al. 2024</a>",1.94276945,"<a refstr=EXOFOP href=https://exofop.ipac.caltech.edu/tess/view_toi.php target=ref>ExoFOP</a>",2.1652751,"<a refstr=EXOFOP href=https://exofop.ipac.caltech.edu/tess/view_toi.php target=ref>ExoFOP</a>",13.56000000,9.6271300,1,0.910000,0.903000,1,"SuperWASP"
"WASP-80 b","WASP-80","TIC 243921117",3.06785234000,0.00000083000,-0.00000079000,"<a refstr=TRIAUD_ET_AL__2015 href=https://ui.adsabs.harvard.edu/abs/2015MNRAS.450.2279T/abstract target=ref>Triaud et al. 2015</a>",2456487.42500600,"<a refstr=TRIAUD_ET_AL__2015 href=https://ui.adsabs.harvard.edu/abs/2015MNRAS.450.2279T/abstract target=ref>Triaud et al. 2015</a>",2.93700000,"<a refstr=TRIAUD_ET_AL__2015 href=https://ui.adsabs.harvard.edu/abs/2015MNRAS.450.2279T/abstract target=ref>Triaud et al. 2015</a>",2.1310000,"<a refstr=TRIAUD_ET_AL__2015 href=https://ui.adsabs.harvard.edu/abs/2015MNRAS.450.2279T/abstract target=ref>Triaud et al. 2015</a>",11.19779100,10.3622000,1,0.586000,0.577000,1,"SuperWASP"
"WASP-103 b","WASP-103","TIC 276754403",0.92554200000,0.00001900000,-0.00001900000,"<a refstr=GILLON_ET_AL__2014 href=https://ui.adsabs.harvard.edu/abs/2014A%26A...562L...3G/abstract target=ref> Gillon et al. 2014 </a>",2456459.59957000,"<a refstr=GILLON_ET_AL__2014 href=https://ui.adsabs.harvard.edu/abs/2014A%26A...562L...3G/abstract target=ref> Gillon et al. 2014 </a>",1.19500000,"<a refstr=GILLON_ET_AL__2014 href=https://ui.adsabs.harvard.edu/abs/2014A%26A...562L...3G/abstract target=ref> Gillon et al. 2014 </a>",2.5930000,"<a refstr=GILLON_ET_AL__2014 href=https://ui.adsabs.harvard.edu/abs/2014A%26A...562L...3G/abstract target=ref> Gillon et al. 2014 </a>",17.12700000,11.7586000,1,1.436000,1.220000,1,"SuperWASP"
"WASP-96 b","WASP-96","TIC 160148385",3.42526020000,0.00000270000,-0.00000270000,"<a refstr=HELLIER_ET_AL__2014 href=https://ui.adsabs.harvard.edu/abs/2014MNRAS.440.1982H/abstract target=ref> Hellier et al. 2014 </a>",2456258.06210000,"<a refstr=HELLIER_ET_AL__2014 href=https://ui.adsabs.harvard.edu/abs/2014MNRAS.440.1982H/abstract target=ref> Hellier et al. 2014 </a>",1.38000000,"<a refstr=HELLIER_ET_AL__2014 href=https://ui.adsabs.harvard.edu/abs/2014MNRAS.440.1982H/abstract target=ref> Hellier et al. 2014 </a>",2.4264000,"<a refstr=HELLIER_ET_AL__2014 href=https://ui.adsabs.harvard.edu/abs/2014MNRAS.440.1982H/abstract target=ref> Hellier et al. 2014 </a>",13.45000000,11.9116000,1,1.050000,1.060000,1,"SuperWASP"
"WASP-20 b","WASP-20","TIC 211438925",4.89964477000,0.00000051000,-0.00000051000,"<a refstr=KOKORI_ET_AL__2023 href=https://ui.adsabs.harvard.edu/abs/2023ApJS..265....4K/abstract target=ref>Kokori et al. 2023</a>",2455715.66591000,"<a refstr=ALEXOUDI_2022 href=https://ui.adsabs.harvard.edu/abs/2022AN....34324012A/abstract target=ref>Alexoudi 2022</a>",1.09570000,"<a refstr=EXOFOP href=https://exofop.ipac.caltech.edu/tess/view_toi.php target=ref>ExoFOP</a>",3.0700000,"<a refstr=EXOFOP href=https://exofop.ipac.caltech.edu/tess/view_toi.php target=ref>ExoFOP</a>",15.46839337,10.2480000,1,1.242000,1.200000,1,"SuperWASP"
"KELT-7 b","KELT-7","TIC 367366318",2.73477000000,0.00000400000,-0.00000400000,"<a refstr=STASSUN_ET_AL__2017 href=https://ui.adsabs.harvard.edu/abs/2017AJ....153..136S/abstract target=ref>Stassun et al. 2017</a>",2459109.13844700,"<a refstr=KOKORI_ET_AL__2023 href=https://ui.adsabs.harvard.edu/abs/2023ApJS..265....4K/abstract target=ref>Kokori et al. 2023</a>",0.83000000,"<a refstr=STASSUN_ET_AL__2017 href=https://ui.adsabs.harvard.edu/abs/2017AJ....153..136S/abstract target=ref>Stassun et al. 2017</a>",3.5112000,"<a refstr=BIERYLA_ET_AL__2015 href=https://ui.adsabs.harvard.edu/abs/2015AJ....150...12B/abstract target=ref>Bieryla et al. 2015</a>",17.93440000,8.1484700,1,1.810000,1.760000,1,"KELT"
"WASP-76 b","WASP-76","TIC 293435336",1.80988198000,0.00000064000,-0.00000056000,"<a refstr=EHRENREICH_ET_AL__2020 href=https://ui.adsabs.harvard.edu/abs/2020Natur.580..597E/abstract target=ref>Ehrenreich et al. 2020</a>",2458080.62616500,"<a refstr=EHRENREICH_ET_AL__2020 href=https://ui.adsabs.harvard.edu/abs/2020Natur.580..597E/abstract target=ref>Ehrenreich et al. 2020</a>",1.17800000,"<a refstr=EHRENREICH_ET_AL__2020 href=https://ui.adsabs.harvard.edu/abs/2020Natur.580..597E/abstract target=ref>Ehrenreich et al. 2020</a>",3.8000000,"<a refstr=EHRENREICH_ET_AL__2020 href=https://ui.adsabs.harvard.edu/abs/2020Natur.580..597E/abstract target=ref>Ehrenreich et al. 2020</a>",20.78145022,9.0270600,1,1.756000,1.458000,1,"SuperWASP"
"KELT-4 A b","KELT-4 A","TIC 165297570",2.98959320000,0.00000490000,-0.00000490000,"<a refstr=EASTMAN_ET_AL__2016 href=https://ui.adsabs.harvard.edu/abs/2016AJ....151...45E/abstract target=ref>Eastman et al. 2016</a>",2456190.30201000,"<a refstr=EASTMAN_ET_AL__2016 href=https://ui.adsabs.harvard.edu/abs/2016AJ....151...45E/abstract target=ref>Eastman et al. 2016</a>",1.18700000,"<a refstr=EASTMAN_ET_AL__2016 href=https://ui.adsabs.harvard.edu/abs/2016AJ....151...45E/abstract target=ref>Eastman et al. 2016</a>",3.4627200,"<a refstr=EASTMAN_ET_AL__2016 href=https://ui.adsabs.harvard.edu/abs/2016AJ....151...45E/abstract target=ref>Eastman et al. 2016</a>",19.04409100,9.6022000,1,1.603000,1.201000,1,"KELT"
"K2-34 b","K2-34","TIC 178217113",2.99563480000,0.00000020000,-0.00000020000,"<a refstr=CASTRO_GONZ_AACUTE_LEZ_ET_AL__2022 href=https://ui.adsabs.harvard.edu/abs/2022MNRAS.509.1075C/abstract target=ref>Castro-Gonz&aacute;lez et al. 2022</a>",2457141.35148340,"<a refstr=CASTRO_GONZ_AACUTE_LEZ_ET_AL__2022 href=https://ui.adsabs.harvard.edu/abs/2022MNRAS.509.1075C/abstract target=ref>Castro-Gonz&aacute;lez et al. 2022</a>",0.74930000,"<a refstr=KRUSE_ET_AL__2019 href=https://ui.adsabs.harvard.edu/abs/2019ApJS..244...11K/abstract target=ref>Kruse et al. 2019</a>",2.4768000,"<a refstr=KRUSE_ET_AL__2019 href=https://ui.adsabs.harvard.edu/abs/2019ApJS..244...11K/abstract target=ref>Kruse et al. 2019</a>",13.75000000,11.0514000,1,1.420000,1.160000,1,"K2"
"WASP-121 b","WASP-121","TIC 22529346",1.27492504000,0.00000015000,-0.00000015000,"<a refstr=SING_ET_AL__2024 href=https://ui.adsabs.harvard.edu/abs/2024AJ....168..231S/abstract target=ref>Sing et al. 2024</a>",2460245.02038000,"<a refstr=PELLETIER_ET_AL_2026 href=https://ui.adsabs.harvard.edu/abs/2026A&A...706A...2P/abstract target=ref>Pelletier et al. 2026</a>",1.50180000,"<a refstr=SING_ET_AL__2024 href=https://ui.adsabs.harvard.edu/abs/2024AJ....168..231S/abstract target=ref>Sing et al. 2024</a>",2.9053000,"<a refstr=BOURRIER_ET_AL__2020 href=https://ui.adsabs.harvard.edu/abs/2020A&A...635A.205B/abstract target=ref>Bourrier et al. 2020</a>",19.52604438,10.0560000,1,1.461000,1.330000,1,"SuperWASP"
"WASP-131 b","WASP-131","TIC 271168962",5.32201250000,0.00000100000,-0.00000100000,"<a refstr=DOYLE_ET_AL__2023 href=https://ui.adsabs.harvard.edu/abs/2023MNRAS.522.4499D/abstract target=ref>Doyle et al. 2023</a>",2458282.25880000,"<a refstr=DOYLE_ET_AL__2023 href=https://ui.adsabs.harvard.edu/abs/2023MNRAS.522.4499D/abstract target=ref>Doyle et al. 2023</a>",0.65170000,"<a refstr=DOYLE_ET_AL__2023 href=https://ui.adsabs.harvard.edu/abs/2023MNRAS.522.4499D/abstract target=ref>Doyle et al. 2023</a>",3.8450000,"<a refstr=DOYLE_ET_AL__2023 href=https://ui.adsabs.harvard.edu/abs/2023MNRAS.522.4499D/abstract target=ref>Doyle et al. 2023</a>",13.74221034,9.4719900,1,1.561000,1.060000,1,"SuperWASP-South"
"WASP-139 b","WASP-139","TIC 159951311",5.92426200000,0.00000400000,-0.00000400000,"<a refstr=HELLIER_ET_AL__2017 href=https://ui.adsabs.harvard.edu/abs/2017MNRAS.465.3693H/abstract target=ref>Hellier et al. 2017</a>",2457196.79330000,"<a refstr=HELLIER_ET_AL__2017 href=https://ui.adsabs.harvard.edu/abs/2017MNRAS.465.3693H/abstract target=ref>Hellier et al. 2017</a>",1.07000000,"<a refstr=HELLIER_ET_AL__2017 href=https://ui.adsabs.harvard.edu/abs/2017MNRAS.465.3693H/abstract target=ref>Hellier et al. 2017</a>",2.8320000,"<a refstr=HELLIER_ET_AL__2017 href=https://ui.adsabs.harvard.edu/abs/2017MNRAS.465.3693H/abstract target=ref>Hellier et al. 2017</a>",8.96720000,11.7276000,1,0.800000,0.920000,1,"SuperWASP-South"
"WASP-127 b","WASP-127","TIC 169226822",4.17806203000,0.00000088000,-0.00000053000,"<a refstr=SEIDEL_ET_AL__2020 href=https://ui.adsabs.harvard.edu/abs/2020A&A...643A..45S/abstract target=ref>Seidel et al. 2020</a>",2456776.62124000,"<a refstr=SEIDEL_ET_AL__2020 href=https://ui.adsabs.harvard.edu/abs/2020A&A...643A..45S/abstract target=ref>Seidel et al. 2020</a>",1.02100000,"<a refstr=SEIDEL_ET_AL__2020 href=https://ui.adsabs.harvard.edu/abs/2020A&A...643A..45S/abstract target=ref>Seidel et al. 2020</a>",4.3528800,"<a refstr=SEIDEL_ET_AL__2020 href=https://ui.adsabs.harvard.edu/abs/2020A&A...643A..45S/abstract target=ref>Seidel et al. 2020</a>",14.69499900,9.6295900,1,1.333000,0.950000,1,"SuperWASP"
"KELT-11 b","KELT-11","TIC 55092869",4.73620865000,0.00000377000,-0.00000377000,"<a refstr=MOUNZER_ET_AL__2022 href=https://ui.adsabs.harvard.edu/abs/2022A&A...668A...1M/abstract target=ref>Mounzer et al. 2022</a>",2455498.95898000,"<a refstr=MOUNZER_ET_AL__2022 href=https://ui.adsabs.harvard.edu/abs/2022A&A...668A...1M/abstract target=ref>Mounzer et al. 2022</a>",0.23388746,"<a refstr=EXOFOP href=https://exofop.ipac.caltech.edu/tess/view_toi.php target=ref>ExoFOP</a>",7.1000000,"<a refstr=MOUNZER_ET_AL__2022 href=https://ui.adsabs.harvard.edu/abs/2022A&A...668A...1M/abstract target=ref>Mounzer et al. 2022</a>",15.13212395,7.3212000,1,2.690000,1.440000,1,"KELT-South"
"KELT-9 b","KELT-9","TIC 16740101",1.48112350000,0.00000110000,-0.00000110000,"<a refstr=BORSA_ET_AL_2019 href=https://ui.adsabs.harvard.edu/abs/2019A&A...631A..34B/abstract target=ref>Borsa et al. 2019</a>",2457095.68572000,"<a refstr=BORSA_ET_AL_2019 href=https://ui.adsabs.harvard.edu/abs/2019A&A...631A..34B/abstract target=ref>Borsa et al. 2019</a>",0.67885145,"<a refstr=EXOFOP href=https://exofop.ipac.caltech.edu/tess/view_toi.php target=ref>ExoFOP</a>",4.1588291,"<a refstr=EXOFOP href=https://exofop.ipac.caltech.edu/tess/view_toi.php target=ref>ExoFOP</a>",21.70058664,7.5820400,1,2.418000,2.320000,1,"KELT-North"
"KELT-20 b","KELT-20","TIC 69679391",3.47410850000,0.00000190000,-0.00000190000,"<a refstr=LUND_ET_AL__2017 href=https://ui.adsabs.harvard.edu/abs/2017AJ....154..194L/abstract target=ref>Lund et al. 2017</a>",2457503.12004900,"<a refstr=LUND_ET_AL__2017 href=https://ui.adsabs.harvard.edu/abs/2017AJ....154..194L/abstract target=ref>Lund et al. 2017</a>",1.30900000,"<a refstr=LUND_ET_AL__2017 href=https://ui.adsabs.harvard.edu/abs/2017AJ....154..194L/abstract target=ref>Lund et al. 2017</a>",3.5755200,"<a refstr=LUND_ET_AL__2017 href=https://ui.adsabs.harvard.edu/abs/2017AJ....154..194L/abstract target=ref>Lund et al. 2017</a>",19.51486900,7.5521600,1,1.565000,1.760000,1,"KELT-North"
"NGTS-2 b","NGTS-2","TIC 125739286",4.51116400000,0.00006100000,-0.00006100000,"<a refstr=RAYNARD_ET_AL__2018 href=https://ui.adsabs.harvard.edu/abs/2018MNRAS.481.4960R/abstract target=ref>Raynard et al. 2018</a>",2457759.12610000,"<a refstr=RAYNARD_ET_AL__2018 href=https://ui.adsabs.harvard.edu/abs/2018MNRAS.481.4960R/abstract target=ref>Raynard et al. 2018</a>",1.11700000,"<a refstr=EXOFOP href=https://exofop.ipac.caltech.edu/tess/view_toi.php target=ref>ExoFOP</a>",4.6510000,"<a refstr=RAYNARD_ET_AL__2018 href=https://ui.adsabs.harvard.edu/abs/2018MNRAS.481.4960R/abstract target=ref>Raynard et al. 2018</a>",17.87835500,10.5288000,1,1.702000,1.640000,1,"Next-Generation Transit Survey (NGTS)"
"WASP-166 b","WASP-166","TIC 408310006",5.44354000000,0.00000400000,-0.00000400000,"<a refstr=HELLIER_ET_AL__2019 href=https://ui.adsabs.harvard.edu/abs/2019MNRAS.488.3067H/abstract target=ref>Hellier et al. 2019</a>",2457664.32890000,"<a refstr=HELLIER_ET_AL__2019 href=https://ui.adsabs.harvard.edu/abs/2019MNRAS.488.3067H/abstract target=ref>Hellier et al. 2019</a>",0.28100000,"<a refstr=HELLIER_ET_AL__2019 href=https://ui.adsabs.harvard.edu/abs/2019MNRAS.488.3067H/abstract target=ref>Hellier et al. 2019</a>",3.6000000,"<a refstr=HELLIER_ET_AL__2019 href=https://ui.adsabs.harvard.edu/abs/2019MNRAS.488.3067H/abstract target=ref>Hellier et al. 2019</a>",7.06167000,8.8684900,1,1.220000,1.190000,1,"WASP-South"
"WASP-178 b","WASP-178","TIC 160708862",3.34482850000,0.00000120000,-0.00000120000,"<a refstr=HELLIER_ET_AL__2019 href=https://ui.adsabs.harvard.edu/abs/2019MNRAS.490.1479H/abstract target=ref>Hellier et al. 2019</a>",2456927.06839000,"<a refstr=HELLIER_ET_AL__2019 href=https://ui.adsabs.harvard.edu/abs/2019MNRAS.490.1479H/abstract target=ref>Hellier et al. 2019</a>",1.24300000,"<a refstr=HELLIER_ET_AL__2019 href=https://ui.adsabs.harvard.edu/abs/2019MNRAS.490.1479H/abstract target=ref>Hellier et al. 2019</a>",3.4704000,"<a refstr=HELLIER_ET_AL__2019 href=https://ui.adsabs.harvard.edu/abs/2019MNRAS.490.1479H/abstract target=ref>Hellier et al. 2019</a>",20.28829000,9.8787000,1,1.670000,2.070000,1,"WASP-South"
"HATS-72 b","HATS-72","TIC 188570092",7.32794740000,0.00000160000,-0.00000160000,"<a refstr=HARTMAN_ET_AL__2020 href=https://ui.adsabs.harvard.edu/abs/2020AJ....159..173H/abstract target=ref>Hartman et al. 2020</a>",2458087.64782000,"<a refstr=HARTMAN_ET_AL__2020 href=https://ui.adsabs.harvard.edu/abs/2020AJ....159..173H/abstract target=ref>Hartman et al. 2020</a>",1.37100000,"<a refstr=EXOFOP href=https://exofop.ipac.caltech.edu/tess/view_toi.php target=ref>ExoFOP</a>",3.0847200,"<a refstr=HARTMAN_ET_AL__2020 href=https://ui.adsabs.harvard.edu/abs/2020AJ....159..173H/abstract target=ref>Hartman et al. 2020</a>",8.09738160,11.3875000,1,0.721400,0.731100,1,"HATSouth"
"TOI-849 b","TOI-849","TIC 33595516",0.76554800000,0.00005300000,-0.00005300000,"<a refstr=POLANSKI_ET_AL__2024 href=https://ui.adsabs.harvard.edu/abs/2024ApJS..272...32P/abstract target=ref>Polanski et al. 2024</a>",2458871.68120000,"<a refstr=POLANSKI_ET_AL__2024 href=https://ui.adsabs.harvard.edu/abs/2024ApJS..272...32P/abstract target=ref>Polanski et al. 2024</a>",0.14100000,"<a refstr=EXOFOP href=https://exofop.ipac.caltech.edu/tess/view_toi.php target=ref>ExoFOP</a>",1.5700000,"<a refstr=ARMSTRONG_ET_AL__2020 href=https://ui.adsabs.harvard.edu/abs/2020Natur.583...39A/abstract target=ref>Armstrong et al. 2020</a>",3.64000000,11.5485000,1,0.970000,0.970000,1,"Transiting Exoplanet Survey Satellite (TESS)"
"LTT 9779 b","LTT 9779","TIC 183985250",0.79205200000,0.00000930000,-0.00000930000,"<a refstr=JENKINS_ET_AL_2020 href=https://ui.adsabs.harvard.edu/abs/2020NatAs...4.1148J/abstract target=ref>Jenkins et al. 2020</a>",2458354.21430000,"<a refstr=JENKINS_ET_AL_2020 href=https://ui.adsabs.harvard.edu/abs/2020NatAs...4.1148J/abstract target=ref>Jenkins et al. 2020</a>",0.15617799,"<a refstr=EXOFOP href=https://exofop.ipac.caltech.edu/tess/view_toi.php target=ref>ExoFOP</a>",0.3656119,"<a refstr=EXOFOP href=https://exofop.ipac.caltech.edu/tess/view_toi.php target=ref>ExoFOP</a>",4.72000000,9.1031000,1,0.949000,1.020000,1,"Transiting Exoplanet Survey Satellite (TESS)"
"TOI-824 b","TOI-824","TIC 193641523",1.39297800000,0.00001800000,-0.00001700000,"<a refstr=BURT_ET_AL__2020 href=https://ui.adsabs.harvard.edu/abs/2020AJ....160..153B/abstract target=ref>Burt et al. 2020</a>",2458639.60354000,"<a refstr=BURT_ET_AL__2020 href=https://ui.adsabs.harvard.edu/abs/2020AJ....160..153B/abstract target=ref>Burt et al. 2020</a>",0.14900000,"<a refstr=BURT_ET_AL__2020 href=https://ui.adsabs.harvard.edu/abs/2020AJ....160..153B/abstract target=ref>Burt et al. 2020</a>",1.1534400,"<a refstr=BURT_ET_AL__2020 href=https://ui.adsabs.harvard.edu/abs/2020AJ....160..153B/abstract target=ref>Burt et al. 2020</a>",2.92600000,10.0732000,1,0.695000,0.710000,1,"Transiting Exoplanet Survey Satellite (TESS)"
"GJ 486 b","GJ 486","TIC 390651552",1.46712127000,0.00000031000,-0.00000035000,"<a refstr=WEINER_MANSFIELD_ET_AL__2024 href=https://ui.adsabs.harvard.edu/abs/2024ApJ...975L..22W/abstract target=ref>Weiner Mansfield et al. 2024</a>",2459939.07160200,"<a refstr=WEINER_MANSFIELD_ET_AL__2024 href=https://ui.adsabs.harvard.edu/abs/2024ApJ...975L..22W/abstract target=ref>Weiner Mansfield et al. 2024</a>",0.13871000,"<a refstr=WEINER_MANSFIELD_ET_AL__2024 href=https://ui.adsabs.harvard.edu/abs/2024ApJ...975L..22W/abstract target=ref>Weiner Mansfield et al. 2024</a>",1.0158000,"<a refstr=WEINER_MANSFIELD_ET_AL__2024 href=https://ui.adsabs.harvard.edu/abs/2024ApJ...975L..22W/abstract target=ref>Weiner Mansfield et al. 2024</a>",1.28900000,8.8223000,1,0.324300,0.312000,1,"Calar Alto Observatory"
"TOI-674 b","TOI-674","TIC 158588995",1.97714300000,0.00000300000,-0.00000300000,"<a refstr=MURGAS_ET_AL__2021 href=https://ui.adsabs.harvard.edu/abs/2021A&A...653A..60M/abstract target=ref>Murgas et al. 2021</a>",2458641.40455200,"<a refstr=MURGAS_ET_AL__2021 href=https://ui.adsabs.harvard.edu/abs/2021A&A...653A..60M/abstract target=ref>Murgas et al. 2021</a>",1.38773060,"<a refstr=EXOFOP href=https://exofop.ipac.caltech.edu/tess/view_toi.php target=ref>ExoFOP</a>",1.1104153,"<a refstr=EXOFOP href=https://exofop.ipac.caltech.edu/tess/view_toi.php target=ref>ExoFOP</a>",5.25000000,11.8764000,1,0.420000,0.420000,1,"Transiting Exoplanet Survey Satellite (TESS)"
"TOI-2109 b","TOI-2109","TIC 392476080",0.67247414000,0.00000002800,-0.00000028000,"<a refstr=WONG_ET_AL__2021 href=https://ui.adsabs.harvard.edu/abs/2021AJ....162..256W/abstract target=ref>Wong et al. 2021</a>",2459378.45937000,"<a refstr=WONG_ET_AL__2021 href=https://ui.adsabs.harvard.edu/abs/2021AJ....162..256W/abstract target=ref>Wong et al. 2021</a>",0.66510000,"<a refstr=WONG_ET_AL__2021 href=https://ui.adsabs.harvard.edu/abs/2021AJ....162..256W/abstract target=ref>Wong et al. 2021</a>",1.9474931,"<a refstr=EXOFOP href=https://exofop.ipac.caltech.edu/tess/view_toi.php target=ref>ExoFOP</a>",15.09849700,9.7856900,1,1.698000,1.453000,1,"Transiting Exoplanet Survey Satellite (TESS)"
"TOI-1075 b","TOI-1075","TIC 351601843",0.60473280000,0.00000320000,-0.00000320000,"<a refstr=ESSACK_ET_AL_2023 href=https://ui.adsabs.harvard.edu/abs/2023AJ....165...47E/abstract target=ref>Essack et al. 2023</a>",2458654.25100000,"<a refstr=ESSACK_ET_AL_2023 href=https://ui.adsabs.harvard.edu/abs/2023AJ....165...47E/abstract target=ref>Essack et al. 2023</a>",0.10276833,"<a refstr=EXOFOP href=https://exofop.ipac.caltech.edu/tess/view_toi.php target=ref>ExoFOP</a>",1.0702171,"<a refstr=LAFARGA_ET_AL_2026 href=https://ui.adsabs.harvard.edu/abs/2026MNRAS.548ag512L/abstract target=ref>Lafarga et al. 2026</a>",1.79100000,11.1186000,1,0.581000,0.604000,1,"Transiting Exoplanet Survey Satellite (TESS)"
"TOI-181 b","TOI-181","TIC 76923707",4.53200000000,0.00000200000,-0.00000200000,"<a refstr=MISTRY_ET_AL_2023 href=https://ui.adsabs.harvard.edu/abs/2023MNRAS.521.1066M/abstract target=ref>Mistry et al. 2023</a>",2458358.12000000,"<a refstr=MISTRY_ET_AL_2023 href=https://ui.adsabs.harvard.edu/abs/2023MNRAS.521.1066M/abstract target=ref>Mistry et al. 2023</a>",0.73000000,"<a refstr=MISTRY_ET_AL_2023 href=https://ui.adsabs.harvard.edu/abs/2023MNRAS.521.1066M/abstract target=ref>Mistry et al. 2023</a>",1.9900000,"<a refstr=MISTRY_ET_AL_2023 href=https://ui.adsabs.harvard.edu/abs/2023MNRAS.521.1066M/abstract target=ref>Mistry et al. 2023</a>",6.95590000,10.4654000,1,0.745000,0.822000,1,"Transiting Exoplanet Survey Satellite (TESS)"
"LHS 475 b","LHS 475","TIC 369327947",2.02908800000,0.00000600000,-0.00000600000,"<a refstr=LUSTIG_YAEGER_ET_AL_2023 href=https://ui.adsabs.harvard.edu/abs/2023NatAs...7.1317L/abstract target=ref>Lustig-Yaeger et al. 2023</a>",2459822.37625930,"<a refstr=LUSTIG_YAEGER_ET_AL_2023 href=https://ui.adsabs.harvard.edu/abs/2023NatAs...7.1317L/abstract target=ref>Lustig-Yaeger et al. 2023</a>",0.11010000,"<a refstr=LUSTIG_YAEGER_ET_AL_2023 href=https://ui.adsabs.harvard.edu/abs/2023NatAs...7.1317L/abstract target=ref>Lustig-Yaeger et al. 2023</a>",0.7250000,"<a refstr=LUSTIG_YAEGER_ET_AL_2023 href=https://ui.adsabs.harvard.edu/abs/2023NatAs...7.1317L/abstract target=ref>Lustig-Yaeger et al. 2023</a>",0.99100000,10.1508000,1,0.278900,0.262000,1,"Transiting Exoplanet Survey Satellite (TESS)"
"TOI-1173 b","TOI-1173","TIC 232967440",7.06439710000,0.00000170000,-0.00000170000,"<a refstr=YEE__VISSAPRAGADA_2026 href=https://ui.adsabs.harvard.edu/abs/2026ApJ..1000L..54Y/abstract target=ref>Yee &amp; Vissapragada 2026</a>",2459529.37849000,"<a refstr=YEE__VISSAPRAGADA_2026 href=https://ui.adsabs.harvard.edu/abs/2026ApJ..1000L..54Y/abstract target=ref>Yee &amp; Vissapragada 2026</a>",0.82680000,"<a refstr=EXOFOP href=https://exofop.ipac.caltech.edu/tess/view_toi.php target=ref>ExoFOP</a>",2.5609598,"<a refstr=POLANSKI_ET_AL__2024 href=https://ui.adsabs.harvard.edu/abs/2024ApJS..272...32P/abstract target=ref>Polanski et al. 2024</a>",8.77663189,10.2938000,1,0.934000,0.911000,1,"Transiting Exoplanet Survey Satellite (TESS)"
"TOI-1420 b","TOI-1420","TIC 321857016",6.95610630000,0.00000170000,-0.00000170000,"<a refstr=YOSHIDA_ET_AL__2023 href=https://ui.adsabs.harvard.edu/abs/2023AJ....166..181Y/abstract target=ref>Yoshida et al. 2023</a>",2459517.43305000,"<a refstr=YOSHIDA_ET_AL__2023 href=https://ui.adsabs.harvard.edu/abs/2023AJ....166..181Y/abstract target=ref>Yoshida et al. 2023</a>",1.39600000,"<a refstr=YOSHIDA_ET_AL__2023 href=https://ui.adsabs.harvard.edu/abs/2023AJ....166..181Y/abstract target=ref>Yoshida et al. 2023</a>",3.3720000,"<a refstr=YOSHIDA_ET_AL__2023 href=https://ui.adsabs.harvard.edu/abs/2023AJ....166..181Y/abstract target=ref>Yoshida et al. 2023</a>",11.89000000,11.2287000,1,0.923000,0.987000,1,"Transiting Exoplanet Survey Satellite (TESS)"
"TOI-2031 A b","TOI-2031 A","TIC 470127886",5.71548654000,0.00000076000,-0.00000075000,"<a refstr=YEE_ET_AL_2025 href=https://ui.adsabs.harvard.edu/abs/2025ApJS..280...30Y/abstract target=ref>Yee et al. 2025</a>",2459806.02913500,"<a refstr=YEE_ET_AL_2025 href=https://ui.adsabs.harvard.edu/abs/2025ApJS..280...30Y/abstract target=ref>Yee et al. 2025</a>",1.10100000,"<a refstr=YEE_ET_AL_2025 href=https://ui.adsabs.harvard.edu/abs/2025ApJS..280...30Y/abstract target=ref>Yee et al. 2025</a>",4.0270000,"<a refstr=YEE_ET_AL_2025 href=https://ui.adsabs.harvard.edu/abs/2025ApJS..280...30Y/abstract target=ref>Yee et al. 2025</a>",14.20177855,10.7609000,1,1.241000,1.174000,1,"Transiting Exoplanet Survey Satellite (TESS)"
"TOI-2374 b","TOI-2374","TIC 439366538",4.31361930000,0.00000150000,-0.00000150000,"<a refstr=YEE_ET_AL_2025 href=https://ui.adsabs.harvard.edu/abs/2025AJ....170..275Y/abstract target=ref>Yee et al. 2025</a>",2460069.26439000,"<a refstr=YEE_ET_AL_2025 href=https://ui.adsabs.harvard.edu/abs/2025AJ....170..275Y/abstract target=ref>Yee et al. 2025</a>",0.93300000,"<a refstr=YEE_ET_AL_2025 href=https://ui.adsabs.harvard.edu/abs/2025AJ....170..275Y/abstract target=ref>Yee et al. 2025</a>",1.8920000,"<a refstr=YEE_ET_AL_2025 href=https://ui.adsabs.harvard.edu/abs/2025AJ....170..275Y/abstract target=ref>Yee et al. 2025</a>",7.48759911,11.2057000,1,0.711000,0.802000,1,"Transiting Exoplanet Survey Satellite (TESS)"
"WASP-193 b","WASP-193","TIC 49043968",6.24634750000,0.00000150000,-0.00000150000,"<a refstr=YEE_ET_AL__2025 href=https://ui.adsabs.harvard.edu/abs/2025AJ....169..225Y/abstract target=ref>Yee et al. 2025</a>",2459243.31080000,"<a refstr=YEE_ET_AL__2025 href=https://ui.adsabs.harvard.edu/abs/2025AJ....169..225Y/abstract target=ref>Yee et al. 2025</a>",1.24800000,"<a refstr=YEE_ET_AL__2025 href=https://ui.adsabs.harvard.edu/abs/2025AJ....169..225Y/abstract target=ref>Yee et al. 2025</a>",4.2559000,"<a refstr=YEE_ET_AL__2025 href=https://ui.adsabs.harvard.edu/abs/2025AJ....169..225Y/abstract target=ref>Yee et al. 2025</a>",14.78464554,11.6337000,1,1.213000,1.018000,1,"WASP-South"
"BD+05 4868 A b","BD+05 4868 A","TIC 466376085",1.27186900000,0.00000100000,-0.00000100000,"<a refstr=HON_ET_AL_2025 href=https://ui.adsabs.harvard.edu/abs/2025ApJ...984L...3H/abstract target=ref>Hon et al. 2025</a>",2460556.28920000,"<a refstr=HON_ET_AL_2025 href=https://ui.adsabs.harvard.edu/abs/2025ApJ...984L...3H/abstract target=ref>Hon et al. 2025</a>",1.40000000,"<a refstr=HON_ET_AL_2025 href=https://ui.adsabs.harvard.edu/abs/2025ApJ...984L...3H/abstract target=ref>Hon et al. 2025</a>",,,,9.1886000,1,0.690000,0.700000,1,"Transiting Exoplanet Survey Satellite (TESS)"
"TOI-4747 b","TOI-4747","TIC 235078021",5.21924158592,0.00002758578,-0.00003625849,"<a refstr=LAFARGA_ET_AL_2026 href=https://ui.adsabs.harvard.edu/abs/2026MNRAS.548ag512L/abstract target=ref>Lafarga et al. 2026</a>",2459196.39359501,"<a refstr=LAFARGA_ET_AL_2026 href=https://ui.adsabs.harvard.edu/abs/2026MNRAS.548ag512L/abstract target=ref>Lafarga et al. 2026</a>",0.15000000,"<a refstr=EXOFOP href=https://exofop.ipac.caltech.edu/tess/view_toi.php target=ref>ExoFOP</a>",2.6763556,"<a refstr=LAFARGA_ET_AL_2026 href=https://ui.adsabs.harvard.edu/abs/2026MNRAS.548ag512L/abstract target=ref>Lafarga et al. 2026</a>",3.95803201,11.8128000,1,0.988751,1.010000,1,"Transiting Exoplanet Survey Satellite (TESS)"
"XO-5 b","XO-5","TIC 9155187",4.18775580000,0.00000060000,-0.00000060000,"<a refstr=SMITH_2015 href=https://ui.adsabs.harvard.edu/abs/2015AcA....65..117S/abstract target=ref>Smith 2015</a>",2456864.31290000,"<a refstr=SMITH_2015 href=https://ui.adsabs.harvard.edu/abs/2015AcA....65..117S/abstract target=ref>Smith 2015</a>",1.08000000,"<a refstr=SMITH_2015 href=https://ui.adsabs.harvard.edu/abs/2015AcA....65..117S/abstract target=ref>Smith 2015</a>",3.1176000,"<a refstr=SMITH_2015 href=https://ui.adsabs.harvard.edu/abs/2015AcA....65..117S/abstract target=ref>Smith 2015</a>",12.78000000,11.4556000,1,1.130000,1.040000,1,"XO"
"WASP-174 b","WASP-174","TIC 102192004",4.23370050000,0.00000180000,-0.00000180000,"<a refstr=MANCINI_ET_AL__2020 href=https://ui.adsabs.harvard.edu/abs/2020A&A...633A..30M/abstract target=ref>Mancini et al. 2020</a>",2458545.52660000,"<a refstr=MANCINI_ET_AL__2020 href=https://ui.adsabs.harvard.edu/abs/2020A&A...633A..30M/abstract target=ref>Mancini et al. 2020</a>",0.86000000,"<a refstr=TEMPLE_ET_AL__2018 href=https://ui.adsabs.harvard.edu/abs/2018MNRAS.480.5307T/abstract target=ref>Temple et al. 2018</a>",2.0940000,"<a refstr=MANCINI_ET_AL__2020 href=https://ui.adsabs.harvard.edu/abs/2020A&A...633A..30M/abstract target=ref>Mancini et al. 2020</a>",16.10730527,11.3287000,1,1.347000,1.240000,1,"SuperWASP-South"
"TOI-2587 A b","TOI-2587 A","TIC 68007716",5.45664000000,0.00001100000,-0.00001100000,"<a refstr=YEE_ET_AL__2023 href=https://ui.adsabs.harvard.edu/abs/2023ApJS..265....1Y/abstract target=ref>Yee et al. 2023</a>",2458950.09242000,"<a refstr=YEE_ET_AL__2023 href=https://ui.adsabs.harvard.edu/abs/2023ApJS..265....1Y/abstract target=ref>Yee et al. 2023</a>",0.41100000,"<a refstr=YEE_ET_AL__2023 href=https://ui.adsabs.harvard.edu/abs/2023ApJS..265....1Y/abstract target=ref>Yee et al. 2023</a>",4.1620000,"<a refstr=YEE_ET_AL__2023 href=https://ui.adsabs.harvard.edu/abs/2023ApJS..265....1Y/abstract target=ref>Yee et al. 2023</a>",12.07207221,10.9657000,1,1.726000,1.150000,1,"Transiting Exoplanet Survey Satellite (TESS)"
"TOI-4137 b","TOI-4137","TIC 417646390",3.80161220000,0.00000650000,-0.00000650000,"<a refstr=YEE_ET_AL__2022 href=https://ui.adsabs.harvard.edu/abs/2022AJ....164...70Y/abstract target=ref>Yee et al. 2022</a>",2458990.46651000,"<a refstr=YEE_ET_AL__2022 href=https://ui.adsabs.harvard.edu/abs/2022AJ....164...70Y/abstract target=ref>Yee et al. 2022</a>",0.74900000,"<a refstr=YEE_ET_AL__2022 href=https://ui.adsabs.harvard.edu/abs/2022AJ....164...70Y/abstract target=ref>Yee et al. 2022</a>",3.4296000,"<a refstr=YEE_ET_AL__2022 href=https://ui.adsabs.harvard.edu/abs/2022AJ....164...70Y/abstract target=ref>Yee et al. 2022</a>",13.57407563,10.8557000,1,1.438000,1.313000,1,"Transiting Exoplanet Survey Satellite (TESS)"
"TOI-3807 b","TOI-3807","TIC 289661991",2.89897270000,0.00000380000,-0.00000390000,"<a refstr=YEE_ET_AL__2023 href=https://ui.adsabs.harvard.edu/abs/2023ApJS..265....1Y/abstract target=ref>Yee et al. 2023</a>",2459218.13454000,"<a refstr=YEE_ET_AL__2023 href=https://ui.adsabs.harvard.edu/abs/2023ApJS..265....1Y/abstract target=ref>Yee et al. 2023</a>",1.36000000,"<a refstr=YEE_ET_AL__2023 href=https://ui.adsabs.harvard.edu/abs/2023ApJS..265....1Y/abstract target=ref>Yee et al. 2023</a>",1.7800000,"<a refstr=YEE_ET_AL__2023 href=https://ui.adsabs.harvard.edu/abs/2023ApJS..265....1Y/abstract target=ref>Yee et al. 2023</a>",18.49481816,11.5817000,1,1.468000,1.181000,1,"Transiting Exoplanet Survey Satellite (TESS)"
"KELT-16 b","KELT-16","TIC 236445129",0.96899510000,0.00000240000,-0.00000240000,"<a refstr=OBERST_ET_AL__2017 href=https://ui.adsabs.harvard.edu/abs/2017AJ....153...97O/abstract target=ref>Oberst et al. 2017</a>",2457247.24791000,"<a refstr=OBERST_ET_AL__2017 href=https://ui.adsabs.harvard.edu/abs/2017AJ....153...97O/abstract target=ref>Oberst et al. 2017</a>",1.14600000,"<a refstr=OBERST_ET_AL__2017 href=https://ui.adsabs.harvard.edu/abs/2017AJ....153...97O/abstract target=ref>Oberst et al. 2017</a>",2.4888000,"<a refstr=OBERST_ET_AL__2017 href=https://ui.adsabs.harvard.edu/abs/2017AJ....153...97O/abstract target=ref>Oberst et al. 2017</a>",15.86073500,11.4373000,1,1.360000,1.211000,1,"KELT"
"WASP-108 b","WASP-108","TIC 404340025",2.67555212374,0.00000048124,-0.00000048124,"<a refstr=EXOFOP href=https://exofop.ipac.caltech.edu/tess/view_toi.php target=ref>ExoFOP</a>",2456413.79490000,"<a refstr=ALEXOUDI_2022 href=https://ui.adsabs.harvard.edu/abs/2022AN....34324012A/abstract target=ref>Alexoudi 2022</a>",1.43409909,"<a refstr=EXOFOP href=https://exofop.ipac.caltech.edu/tess/view_toi.php target=ref>ExoFOP</a>",3.2277336,"<a refstr=EXOFOP href=https://exofop.ipac.caltech.edu/tess/view_toi.php target=ref>ExoFOP</a>",15.13212395,10.7036000,1,1.344150,1.167000,1,"Transiting Exoplanet Survey Satellite (TESS)"
"HAT-P-47 b","HAT-P-47","TIC 73448352",4.73217441000,0.00000055000,-0.00000055000,"<a refstr=WANG_ET_AL_2026 href=https://ui.adsabs.harvard.edu/abs/2026A&A...710A.409W/abstract target=ref>Wang et al. 2026</a>",2458387.36996000,"<a refstr=WANG_ET_AL_2026 href=https://ui.adsabs.harvard.edu/abs/2026A&A...710A.409W/abstract target=ref>Wang et al. 2026</a>",0.81210000,"<a refstr=EXOFOP href=https://exofop.ipac.caltech.edu/tess/view_toi.php target=ref>ExoFOP</a>",2.5890000,"<a refstr=EXOFOP href=https://exofop.ipac.caltech.edu/tess/view_toi.php target=ref>ExoFOP</a>",14.71739166,10.1868000,1,1.515000,1.387000,1,"Transiting Exoplanet Survey Satellite (TESS)"
"TOI-2133 b","TOI-2133","TIC 39200363",3.82664720000,0.00000500000,-0.00000400000,"<a refstr=MORELLO_ET_AL_2026 href=https://ui.adsabs.harvard.edu/abs/2026MNRAS.549ag183M/abstract target=ref>Morello et al. 2026</a>",2458985.88310000,"<a refstr=MORELLO_ET_AL_2026 href=https://ui.adsabs.harvard.edu/abs/2026MNRAS.549ag183M/abstract target=ref>Morello et al. 2026</a>",0.11818154,"<a refstr=EXOFOP href=https://exofop.ipac.caltech.edu/tess/view_toi.php target=ref>ExoFOP</a>",2.1130000,"<a refstr=MORELLO_ET_AL_2026 href=https://ui.adsabs.harvard.edu/abs/2026MNRAS.549ag183M/abstract target=ref>Morello et al. 2026</a>",2.37000000,10.8571000,1,0.620000,0.644000,1,"Transiting Exoplanet Survey Satellite (TESS)"
"WASP-157 b","WASP-157","TIC 179012583",3.95162300000,0.00001800000,-0.00001800000,"<a refstr=LIVINGSTON_ET_AL__2018 href=https://ui.adsabs.harvard.edu/abs/2018AJ....156..277L/abstract target=ref>Livingston et al. 2018</a>",2457222.23863000,"<a refstr=LIVINGSTON_ET_AL__2018 href=https://ui.adsabs.harvard.edu/abs/2018AJ....156..277L/abstract target=ref>Livingston et al. 2018</a>",0.76280000,"<a refstr=KRUSE_ET_AL__2019 href=https://ui.adsabs.harvard.edu/abs/2019ApJS..244...11K/abstract target=ref>Kruse et al. 2019</a>",1.8530000,"<a refstr=BARROS_ET_AL__2016 href=https://ui.adsabs.harvard.edu/abs/2016A&A...594A.100B/abstract target=ref>Barros et al. 2016</a>",11.19000000,11.7283000,1,1.100000,1.060000,1,"SuperWASP"
"LHS 1478 b","LHS 1478","TIC 396562848",1.94953941000,0.00000050000,-0.00000050000,"<a refstr=AUGUST_ET_AL_2025 href=https://ui.adsabs.harvard.edu/abs/2025A&A...695A.171A/abstract target=ref>August et al. 2025</a>",2459492.48743000,"<a refstr=AUGUST_ET_AL_2025 href=https://ui.adsabs.harvard.edu/abs/2025A&A...695A.171A/abstract target=ref>August et al. 2025</a>",0.19270000,"<a refstr=AUGUST_ET_AL_2025 href=https://ui.adsabs.harvard.edu/abs/2025A&A...695A.171A/abstract target=ref>August et al. 2025</a>",0.7133000,"<a refstr=AUGUST_ET_AL_2025 href=https://ui.adsabs.harvard.edu/abs/2025A&A...695A.171A/abstract target=ref>August et al. 2025</a>",1.17400000,11.0548000,1,0.246200,0.230100,1,"Transiting Exoplanet Survey Satellite (TESS)"
"TOI-1296 b","TOI-1296","TIC 219854185",3.94437360000,0.00000160000,-0.00000160000,"<a refstr=POLANSKI_ET_AL__2024 href=https://ui.adsabs.harvard.edu/abs/2024ApJS..272...32P/abstract target=ref>Polanski et al. 2024</a>",2458930.75531000,"<a refstr=POLANSKI_ET_AL__2024 href=https://ui.adsabs.harvard.edu/abs/2024ApJS..272...32P/abstract target=ref>Polanski et al. 2024</a>",0.66636192,"<a refstr=EXOFOP href=https://exofop.ipac.caltech.edu/tess/view_toi.php target=ref>ExoFOP</a>",4.8636539,"<a refstr=POLANSKI_ET_AL__2024 href=https://ui.adsabs.harvard.edu/abs/2024ApJS..272...32P/abstract target=ref>Polanski et al. 2024</a>",14.11645916,10.8041000,1,1.703100,1.157600,1,"Transiting Exoplanet Survey Satellite (TESS)"
"TOI-1135 b","TOI-1135","TIC 154872375",8.02773270000,0.00000190000,-0.00000180000,"<a refstr=DUGAN_ET_AL_2025 href=https://ui.adsabs.harvard.edu/abs/2025ApJ...994L..23D/abstract target=ref>Dugan et al. 2025</a>",2460466.30793000,"<a refstr=DUGAN_ET_AL_2025 href=https://ui.adsabs.harvard.edu/abs/2025ApJ...994L..23D/abstract target=ref>Dugan et al. 2025</a>",0.48600000,"<a refstr=MALLORQUIN_ET_AL_2024 href=https://ui.adsabs.harvard.edu/abs/2024A&A...685A..90M/abstract target=ref>Mallorqu&iacute;n et al. 2024</a>",4.4616000,"<a refstr=DUGAN_ET_AL_2025 href=https://ui.adsabs.harvard.edu/abs/2025ApJ...994L..23D/abstract target=ref>Dugan et al. 2025</a>",9.91994792,9.0285500,1,1.202000,1.119000,1,"Transiting Exoplanet Survey Satellite (TESS)"
"TOI-1695 b","TOI-1695","TIC 422756130",3.13427910000,0.00000710000,-0.00000630000,"<a refstr=CHERUBIM_ET_AL_2023 href=https://ui.adsabs.harvard.edu/abs/2023AJ....165..167C/abstract target=ref>Cherubim et al. 2023</a>",2458791.52056000,"<a refstr=CHERUBIM_ET_AL_2023 href=https://ui.adsabs.harvard.edu/abs/2023AJ....165..167C/abstract target=ref>Cherubim et al. 2023</a>",0.12360000,"<a refstr=CHERUBIM_ET_AL_2023 href=https://ui.adsabs.harvard.edu/abs/2023AJ....165..167C/abstract target=ref>Cherubim et al. 2023</a>",1.3110000,"<a refstr=CHERUBIM_ET_AL_2023 href=https://ui.adsabs.harvard.edu/abs/2023AJ....165..167C/abstract target=ref>Cherubim et al. 2023</a>",1.90000000,11.0294000,1,0.515000,0.513000,1,"Transiting Exoplanet Survey Satellite (TESS)"
"TOI-2025 b","TOI-2025","TIC 394050135",8.87209820000,0.00000770000,-0.00000770000,"<a refstr=RODRIGUEZ_ET_AL_2023 href=https://ui.adsabs.harvard.edu/abs/2023MNRAS.521.2765R/abstract target=ref>Rodriguez et al. 2023</a>",2459089.53337000,"<a refstr=RODRIGUEZ_ET_AL_2023 href=https://ui.adsabs.harvard.edu/abs/2023MNRAS.521.2765R/abstract target=ref>Rodriguez et al. 2023</a>",0.55780000,"<a refstr=RODRIGUEZ_ET_AL_2023 href=https://ui.adsabs.harvard.edu/abs/2023MNRAS.521.2765R/abstract target=ref>Rodriguez et al. 2023</a>",3.6010000,"<a refstr=RODRIGUEZ_ET_AL_2023 href=https://ui.adsabs.harvard.edu/abs/2023MNRAS.521.2765R/abstract target=ref>Rodriguez et al. 2023</a>",11.89272852,10.9461000,1,1.459000,1.199000,1,"Transiting Exoplanet Survey Satellite (TESS)"
"TOI-3688 A b","TOI-3688 A","TIC 245509452",3.24607500000,0.00001200000,-0.00001200000,"<a refstr=YEE_ET_AL__2023 href=https://ui.adsabs.harvard.edu/abs/2023ApJS..265....1Y/abstract target=ref>Yee et al. 2023</a>",2459108.05070000,"<a refstr=YEE_ET_AL__2023 href=https://ui.adsabs.harvard.edu/abs/2023ApJS..265....1Y/abstract target=ref>Yee et al. 2023</a>",0.85000000,"<a refstr=YEE_ET_AL__2023 href=https://ui.adsabs.harvard.edu/abs/2023ApJS..265....1Y/abstract target=ref>Yee et al. 2023</a>",3.4820000,"<a refstr=YEE_ET_AL__2023 href=https://ui.adsabs.harvard.edu/abs/2023ApJS..265....1Y/abstract target=ref>Yee et al. 2023</a>",13.08088048,11.8433000,1,1.302000,1.199000,1,"Transiting Exoplanet Survey Satellite (TESS)"
"WASP-104 b","WASP-104","TIC 393495970",1.75541370000,0.00000180000,-0.00000360000,"<a refstr=SMITH_ET_AL__2014 href=https://ui.adsabs.harvard.edu/abs/2014A&A...570A..64S/abstract target=ref>Smith et al. 2014</a>",2456406.11126000,"<a refstr=SMITH_ET_AL__2014 href=https://ui.adsabs.harvard.edu/abs/2014A&A...570A..64S/abstract target=ref>Smith et al. 2014</a>",1.47400000,"<a refstr=SMITH_ET_AL__2014 href=https://ui.adsabs.harvard.edu/abs/2014A&A...570A..64S/abstract target=ref>Smith et al. 2014</a>",1.7620800,"<a refstr=SMITH_ET_AL__2014 href=https://ui.adsabs.harvard.edu/abs/2014A&A...570A..64S/abstract target=ref>Smith et al. 2014</a>",12.74500000,11.0658000,1,0.963000,1.076000,1,"SuperWASP"
"WASP-69 b","WASP-69","TIC 248853232",3.86813881000,0.00000013000,-0.00000013000,"<a refstr=ALLART_ET_AL__2025 href=https://ui.adsabs.harvard.edu/abs/2025A&A...700A...7A/abstract target=ref>Allart et al. 2025</a>",2455748.83428000,"<a refstr=ALLART_ET_AL__2025 href=https://ui.adsabs.harvard.edu/abs/2025A&A...700A...7A/abstract target=ref>Allart et al. 2025</a>",1.72599935,"<a refstr=EXOFOP href=https://exofop.ipac.caltech.edu/tess/view_toi.php target=ref>ExoFOP</a>",2.1869000,"<a refstr=ALLART_ET_AL__2025 href=https://ui.adsabs.harvard.edu/abs/2025A&A...700A...7A/abstract target=ref>Allart et al. 2025</a>",11.21000000,8.8628000,1,0.801000,0.830000,1,"SuperWASP"
"WASP-106 b","WASP-106","TIC 53189332",9.28969000000,0.00001000000,-0.00001000000,"<a refstr=WRIGHT_ET_AL__2023 href=https://ui.adsabs.harvard.edu/abs/2023AJ....166..217W/abstract target=ref>Wright et al. 2023</a>",2457977.97960000,"<a refstr=WRIGHT_ET_AL__2023 href=https://ui.adsabs.harvard.edu/abs/2023AJ....166..217W/abstract target=ref>Wright et al. 2023</a>",0.62040000,"<a refstr=WRIGHT_ET_AL__2023 href=https://ui.adsabs.harvard.edu/abs/2023AJ....166..217W/abstract target=ref>Wright et al. 2023</a>",5.3340000,"<a refstr=WRIGHT_ET_AL__2023 href=https://ui.adsabs.harvard.edu/abs/2023AJ....166..217W/abstract target=ref>Wright et al. 2023</a>",12.10569916,10.9900000,1,1.470000,1.175000,1,"SuperWASP"
"TOI-2578 b","TOI-2578","TIC 104986789",3.45796670000,0.00000330000,-0.00000330000,"<a refstr=GUENTHER_ET_AL_2026 href=https://ui.adsabs.harvard.edu/abs/2026AJ....172...54G/abstract target=ref>Guenther et al. 2026</a>",2459911.48030000,"<a refstr=GUENTHER_ET_AL_2026 href=https://ui.adsabs.harvard.edu/abs/2026AJ....172...54G/abstract target=ref>Guenther et al. 2026</a>",1.15116467,"<a refstr=GUENTHER_ET_AL_2026 href=https://ui.adsabs.harvard.edu/abs/2026AJ....172...54G/abstract target=ref>Guenther et al. 2026</a>",2.6230000,"<a refstr=GUENTHER_ET_AL_2026 href=https://ui.adsabs.harvard.edu/abs/2026AJ....172...54G/abstract target=ref>Guenther et al. 2026</a>",19.66055215,10.5863000,1,1.640000,1.270000,1,"Transiting Exoplanet Survey Satellite (TESS)"
"HAT-P-60 b","HAT-P-60","TIC 354469661",4.79478130000,0.00000240000,-0.00000240000,"<a refstr=BAKOS_ET_AL__2021 href=https://ui.adsabs.harvard.edu/abs/2021AJ....162....7B/abstract target=ref>Bakos et al. 2021</a>",2458360.94029000,"<a refstr=BAKOS_ET_AL__2021 href=https://ui.adsabs.harvard.edu/abs/2021AJ....162....7B/abstract target=ref>Bakos et al. 2021</a>",0.68640000,"<a refstr=EXOFOP href=https://exofop.ipac.caltech.edu/tess/view_toi.php target=ref>ExoFOP</a>",5.0350000,"<a refstr=BAKOS_ET_AL__2021 href=https://ui.adsabs.harvard.edu/abs/2021AJ....162....7B/abstract target=ref>Bakos et al. 2021</a>",18.28184752,9.1792500,1,2.197000,1.435000,1,"HATNet"
"TOI-1194 b","TOI-1194","TIC 147950620",2.31064460000,0.00000054000,-0.00000054000,"<a refstr=POLANSKI_ET_AL__2024 href=https://ui.adsabs.harvard.edu/abs/2024ApJS..272...32P/abstract target=ref>Polanski et al. 2024</a>",2458684.92352000,"<a refstr=POLANSKI_ET_AL__2024 href=https://ui.adsabs.harvard.edu/abs/2024ApJS..272...32P/abstract target=ref>Polanski et al. 2024</a>",0.67170000,"<a refstr=WANG_ET_AL_2024 href=https://ui.adsabs.harvard.edu/abs/2024RAA....24c5012W/abstract target=ref>Wang et al. 2024</a>",1.6276453,"<a refstr=POLANSKI_ET_AL__2024 href=https://ui.adsabs.harvard.edu/abs/2024ApJS..272...32P/abstract target=ref>Polanski et al. 2024</a>",8.71664516,10.4782000,1,0.960800,0.983500,1,"Transiting Exoplanet Survey Satellite (TESS)"
"HATS-38 b","HATS-38","TIC 168281028",4.37502100000,0.00001000000,-0.00001000000,"<a refstr=JORD_AACUTE_N_ET_AL__2020 href=https://ui.adsabs.harvard.edu/abs/2020AJ....160..222J/abstract target=ref>Jord&aacute;n et al. 2020</a>",2457725.16042000,"<a refstr=JORD_AACUTE_N_ET_AL__2020 href=https://ui.adsabs.harvard.edu/abs/2020AJ....160..222J/abstract target=ref>Jord&aacute;n et al. 2020</a>",0.32709829,"<a refstr=EXOFOP href=https://exofop.ipac.caltech.edu/tess/view_toi.php target=ref>ExoFOP</a>",3.2160000,"<a refstr=JORD_AACUTE_N_ET_AL__2020 href=https://ui.adsabs.harvard.edu/abs/2020AJ....160..222J/abstract target=ref>Jord&aacute;n et al. 2020</a>",6.88232600,11.8134000,1,1.105000,0.890000,1,"HATSouth"
"TOI-4029 b","TOI-4029","TIC 393633044",5.88498234631,0.00002444049,-0.00002268084,"<a refstr=LAFARGA_ET_AL_2026 href=https://ui.adsabs.harvard.edu/abs/2026MNRAS.548ag512L/abstract target=ref>Lafarga et al. 2026</a>",2458981.90779801,"<a refstr=LAFARGA_ET_AL_2026 href=https://ui.adsabs.harvard.edu/abs/2026MNRAS.548ag512L/abstract target=ref>Lafarga et al. 2026</a>",0.30300000,"<a refstr=EXOFOP href=https://exofop.ipac.caltech.edu/tess/view_toi.php target=ref>ExoFOP</a>",3.9572737,"<a refstr=LAFARGA_ET_AL_2026 href=https://ui.adsabs.harvard.edu/abs/2026MNRAS.548ag512L/abstract target=ref>Lafarga et al. 2026</a>",6.73756618,11.1718000,1,1.178340,1.018000,1,"Transiting Exoplanet Survey Satellite (TESS)"
"TOI-2641 b","TOI-2641","TIC 162802770",4.88097400000,0.00002300000,-0.00003700000,"<a refstr=PSARIDI_ET_AL__2023 href=https://ui.adsabs.harvard.edu/abs/2023A&A...675A..39P/abstract target=ref>Psaridi et al. 2023</a>",2459332.21332000,"<a refstr=PSARIDI_ET_AL__2023 href=https://ui.adsabs.harvard.edu/abs/2023A&A...675A..39P/abstract target=ref>Psaridi et al. 2023</a>",0.33855527,"<a refstr=EXOFOP href=https://exofop.ipac.caltech.edu/tess/view_toi.php target=ref>ExoFOP</a>",1.6800000,"<a refstr=PSARIDI_ET_AL__2023 href=https://ui.adsabs.harvard.edu/abs/2023A&A...675A..39P/abstract target=ref>Psaridi et al. 2023</a>",18.10250383,11.1897000,1,1.336000,1.160000,1,"Transiting Exoplanet Survey Satellite (TESS)"
"TOI-3082 b","TOI-3082","TIC 428699140",1.92690700000,0.00012800000,-0.00013400000,"<a refstr=MISTRY_ET_AL_2023 href=https://ui.adsabs.harvard.edu/abs/2023AJ....166....9M/abstract target=ref>Mistry et al. 2023</a>",2459309.11990000,"<a refstr=MISTRY_ET_AL_2023 href=https://ui.adsabs.harvard.edu/abs/2023AJ....166....9M/abstract target=ref>Mistry et al. 2023</a>",0.22600000,"<a refstr=EXOFOP href=https://exofop.ipac.caltech.edu/tess/view_toi.php target=ref>ExoFOP</a>",1.7631790,"<a refstr=LAFARGA_ET_AL_2026 href=https://ui.adsabs.harvard.edu/abs/2026MNRAS.548ag512L/abstract target=ref>Lafarga et al. 2026</a>",3.66210000,11.7662000,1,0.684700,0.664000,1,"Transiting Exoplanet Survey Satellite (TESS)"
"TOI-3474 b","TOI-3474","TIC 274367763",3.87951050000,0.00000450000,-0.00000450000,"<a refstr=YEE_ET_AL_2025 href=https://ui.adsabs.harvard.edu/abs/2025ApJS..280...30Y/abstract target=ref>Yee et al. 2025</a>",2459789.28867000,"<a refstr=YEE_ET_AL_2025 href=https://ui.adsabs.harvard.edu/abs/2025ApJS..280...30Y/abstract target=ref>Yee et al. 2025</a>",1.14800000,"<a refstr=YEE_ET_AL_2025 href=https://ui.adsabs.harvard.edu/abs/2025ApJS..280...30Y/abstract target=ref>Yee et al. 2025</a>",3.7990000,"<a refstr=YEE_ET_AL_2025 href=https://ui.adsabs.harvard.edu/abs/2025ApJS..280...30Y/abstract target=ref>Yee et al. 2025</a>",14.67255574,11.9672000,1,1.256000,1.121000,1,"Transiting Exoplanet Survey Satellite (TESS)"
"WASP-167 b","WASP-167","TIC 104024556",2.02195960000,0.00000060000,-0.00000060000,"<a refstr=TEMPLE_ET_AL__2017 href=https://ui.adsabs.harvard.edu/abs/2017MNRAS.471.2743T/abstract target=ref>Temple et al. 2017</a>",2456592.46430000,"<a refstr=TEMPLE_ET_AL__2017 href=https://ui.adsabs.harvard.edu/abs/2017MNRAS.471.2743T/abstract target=ref>Temple et al. 2017</a>",0.82000000,"<a refstr=TEMPLE_ET_AL__2017 href=https://ui.adsabs.harvard.edu/abs/2017MNRAS.471.2743T/abstract target=ref>Temple et al. 2017</a>",2.7240000,"<a refstr=TEMPLE_ET_AL__2017 href=https://ui.adsabs.harvard.edu/abs/2017MNRAS.471.2743T/abstract target=ref>Temple et al. 2017</a>",17.71022000,10.3182000,1,1.790000,1.590000,1,"Multiple Observatories"
"TOI-5704 b","TOI-5704","TIC 148673433",3.77111600000,0.00001150000,-0.00001070000,"<a refstr=MISTRY_ET_AL_2023 href=https://ui.adsabs.harvard.edu/abs/2023AJ....166....9M/abstract target=ref>Mistry et al. 2023</a>",2459610.75680000,"<a refstr=MISTRY_ET_AL_2023 href=https://ui.adsabs.harvard.edu/abs/2023AJ....166....9M/abstract target=ref>Mistry et al. 2023</a>",0.16476730,"<a refstr=EXOFOP href=https://exofop.ipac.caltech.edu/tess/view_toi.php target=ref>ExoFOP</a>",2.3375061,"<a refstr=EXOFOP href=https://exofop.ipac.caltech.edu/tess/view_toi.php target=ref>ExoFOP</a>",3.22740000,10.6147000,1,0.757500,0.730000,1,"Transiting Exoplanet Survey Satellite (TESS)"
"G 9-40 b","G 9-40","TIC 203214081",5.74599820000,0.00000200000,-0.00000200000,"<a refstr=LUQUE_ET_AL__2022 href=https://ui.adsabs.harvard.edu/abs/2022A&A...666A.154L/abstract target=ref>Luque et al. 2022</a>",2459503.32682000,"<a refstr=LUQUE_ET_AL__2022 href=https://ui.adsabs.harvard.edu/abs/2022A&A...666A.154L/abstract target=ref>Luque et al. 2022</a>",0.36500000,"<a refstr=EXOFOP href=https://exofop.ipac.caltech.edu/tess/view_toi.php target=ref>ExoFOP</a>",1.6930000,"<a refstr=LUQUE_ET_AL__2022 href=https://ui.adsabs.harvard.edu/abs/2022A&A...666A.154L/abstract target=ref>Luque et al. 2022</a>",1.90000000,11.5219000,1,0.302600,0.295200,1,"K2"
"WASP-54 b","WASP-54","TIC 61098812",3.69364000000,0.00000600000,-0.00000600000,"<a refstr=STASSUN_ET_AL__2017 href=https://ui.adsabs.harvard.edu/abs/2017AJ....153..136S/abstract target=ref>Stassun et al. 2017</a>",2459163.93328000,"<a refstr=KOKORI_ET_AL__2023 href=https://ui.adsabs.harvard.edu/abs/2023ApJS..265....4K/abstract target=ref>Kokori et al. 2023</a>",0.86000000,"<a refstr=STASSUN_ET_AL__2017 href=https://ui.adsabs.harvard.edu/abs/2017AJ....153..136S/abstract target=ref>Stassun et al. 2017</a>",4.4661850,"<a refstr=EXOFOP href=https://exofop.ipac.caltech.edu/tess/view_toi.php target=ref>ExoFOP</a>",17.71022000,9.8722900,1,1.760000,1.080000,1,"SuperWASP"
"TOI-3856 b","TOI-3856","TIC 125552076",2.04360352000,0.00000094000,-0.00000094000,"<a refstr=YEE_ET_AL_2025 href=https://ui.adsabs.harvard.edu/abs/2025ApJS..280...30Y/abstract target=ref>Yee et al. 2025</a>",2459574.66334000,"<a refstr=YEE_ET_AL_2025 href=https://ui.adsabs.harvard.edu/abs/2025ApJS..280...30Y/abstract target=ref>Yee et al. 2025</a>",1.39700000,"<a refstr=YEE_ET_AL_2025 href=https://ui.adsabs.harvard.edu/abs/2025ApJS..280...30Y/abstract target=ref>Yee et al. 2025</a>",1.8250000,"<a refstr=YEE_ET_AL_2025 href=https://ui.adsabs.harvard.edu/abs/2025ApJS..280...30Y/abstract target=ref>Yee et al. 2025</a>",13.59649359,11.6550000,1,1.055000,1.096000,1,"Transiting Exoplanet Survey Satellite (TESS)"
"TOI-540 b","TOI-540","TIC 200322593",1.23914910000,0.00000170000,-0.00000170000,"<a refstr=MENT_ET_AL__2021 href=https://ui.adsabs.harvard.edu/abs/2021AJ....161...23M/abstract target=ref>Ment et al. 2021</a>",2458411.82601000,"<a refstr=MENT_ET_AL__2021 href=https://ui.adsabs.harvard.edu/abs/2021AJ....161...23M/abstract target=ref>Ment et al. 2021</a>",0.23186594,"<a refstr=EXOFOP href=https://exofop.ipac.caltech.edu/tess/view_toi.php target=ref>ExoFOP</a>",0.4887749,"<a refstr=EXOFOP href=https://exofop.ipac.caltech.edu/tess/view_toi.php target=ref>ExoFOP</a>",0.90300000,11.5045000,1,0.189500,0.159000,1,"Transiting Exoplanet Survey Satellite (TESS)"
"WASP-170 b","WASP-170","TIC 118956453",2.34478022000,0.00000360000,-0.00000360000,"<a refstr=BARKAOUI_ET_AL__2019 href=https://ui.adsabs.harvard.edu/abs/2019AJ....157...43B/abstract target=ref>Barkaoui et al. 2019</a>",2457802.39150000,"<a refstr=BARKAOUI_ET_AL__2019 href=https://ui.adsabs.harvard.edu/abs/2019AJ....157...43B/abstract target=ref>Barkaoui et al. 2019</a>",1.38200000,"<a refstr=BARKAOUI_ET_AL__2019 href=https://ui.adsabs.harvard.edu/abs/2019AJ....157...43B/abstract target=ref>Barkaoui et al. 2019</a>",2.0400000,"<a refstr=BARKAOUI_ET_AL__2019 href=https://ui.adsabs.harvard.edu/abs/2019AJ....157...43B/abstract target=ref>Barkaoui et al. 2019</a>",12.28506400,11.9397000,1,0.938000,0.930000,1,"SuperWASP-South"
"TOI-7155 b","TOI-7155","TIC 468350765",3.89489711981,0.00002869250,-0.00002780397,"<a refstr=LAFARGA_ET_AL_2026 href=https://ui.adsabs.harvard.edu/abs/2026MNRAS.548ag512L/abstract target=ref>Lafarga et al. 2026</a>",2459737.32220814,"<a refstr=LAFARGA_ET_AL_2026 href=https://ui.adsabs.harvard.edu/abs/2026MNRAS.548ag512L/abstract target=ref>Lafarga et al. 2026</a>",0.10710000,"<a refstr=EXOFOP href=https://exofop.ipac.caltech.edu/tess/view_toi.php target=ref>ExoFOP</a>",2.2083903,"<a refstr=LAFARGA_ET_AL_2026 href=https://ui.adsabs.harvard.edu/abs/2026MNRAS.548ag512L/abstract target=ref>Lafarga et al. 2026</a>",2.40821473,11.8389000,1,0.670748,0.755000,1,"Transiting Exoplanet Survey Satellite (TESS)"
"TOI-1184 b","TOI-1184","TIC 233087860",5.74843380300,0.00000259200,-0.00000272600,"<a refstr=CROSSFIELD_ET_AL_2025 href=https://ui.adsabs.harvard.edu/abs/2025AJ....169...89C/abstract target=ref>Crossfield et al. 2025</a>",2459960.51150000,"<a refstr=CROSSFIELD_ET_AL_2025 href=https://ui.adsabs.harvard.edu/abs/2025AJ....169...89C/abstract target=ref>Crossfield et al. 2025</a>",0.10410000,"<a refstr=EXOFOP href=https://exofop.ipac.caltech.edu/tess/view_toi.php target=ref>ExoFOP</a>",1.8879000,"<a refstr=CROSSFIELD_ET_AL_2025 href=https://ui.adsabs.harvard.edu/abs/2025AJ....169...89C/abstract target=ref>Crossfield et al. 2025</a>",2.39000000,9.9469000,1,0.690000,0.710000,1,"Transiting Exoplanet Survey Satellite (TESS)"
"WASP-159 b","WASP-159","TIC 77156657",3.84040100000,0.00000700000,-0.00000700000,"<a refstr=HELLIER_ET_AL__2019 href=https://ui.adsabs.harvard.edu/abs/2019MNRAS.482.1379H/abstract target=ref>Hellier et al. 2019</a>",2457668.08490000,"<a refstr=HELLIER_ET_AL__2019 href=https://ui.adsabs.harvard.edu/abs/2019MNRAS.482.1379H/abstract target=ref>Hellier et al. 2019</a>",0.45300000,"<a refstr=HELLIER_ET_AL__2019 href=https://ui.adsabs.harvard.edu/abs/2019MNRAS.482.1379H/abstract target=ref>Hellier et al. 2019</a>",5.5872000,"<a refstr=HELLIER_ET_AL__2019 href=https://ui.adsabs.harvard.edu/abs/2019MNRAS.482.1379H/abstract target=ref>Hellier et al. 2019</a>",15.46842000,11.8831000,1,2.110000,1.410000,1,"SuperWASP-South"
"WASP-194 b","WASP-194","TIC 400432230",3.18338700000,0.00000040000,-0.00000050000,"<a refstr=SCHANCHE_ET_AL_2025 href=https://ui.adsabs.harvard.edu/abs/2025AJ....169..334S/abstract target=ref>Schanche et al. 2025</a>",2457449.05110000,"<a refstr=SCHANCHE_ET_AL_2025 href=https://ui.adsabs.harvard.edu/abs/2025AJ....169..334S/abstract target=ref>Schanche et al. 2025</a>",1.01430000,"<a refstr=SCHANCHE_ET_AL_2025 href=https://ui.adsabs.harvard.edu/abs/2025AJ....169..334S/abstract target=ref>Schanche et al. 2025</a>",2.0170000,"<a refstr=EXOFOP href=https://exofop.ipac.caltech.edu/tess/view_toi.php target=ref>ExoFOP</a>",15.47960235,11.5787000,1,1.409000,1.290000,1,"SuperWASP"
"WASP-7 b","WASP-7","TIC 389352124",4.95464160000,0.00000350000,-0.00000350000,"<a refstr=SOUTHWORTH_ET_AL__2011 href=https://ui.adsabs.harvard.edu/abs/2011A%26A...527A...8S/abstract target=ref> Southworth et al. 2011 </a>",2455446.63493000,"<a refstr=SOUTHWORTH_ET_AL__2011 href=https://ui.adsabs.harvard.edu/abs/2011A%26A...527A...8S/abstract target=ref> Southworth et al. 2011 </a>",0.67452443,"<a refstr=EXOFOP href=https://exofop.ipac.caltech.edu/tess/view_toi.php target=ref>ExoFOP</a>",3.7752000,"<a refstr=HELLIER_ET_AL__2008 href=https://ui.adsabs.harvard.edu/abs/2009ApJ...690L..89H/abstract target=ref> Hellier et al. 2008 </a>",14.90797000,9.0532000,1,1.432000,1.276000,1,"SuperWASP"
"TOI-2154 b","TOI-2154","TIC 428787891",3.82408010000,0.00000250000,-0.00000250000,"<a refstr=RODRIGUEZ_ET_AL_2023 href=https://ui.adsabs.harvard.edu/abs/2023MNRAS.521.2765R/abstract target=ref>Rodriguez et al. 2023</a>",2459148.60166000,"<a refstr=RODRIGUEZ_ET_AL_2023 href=https://ui.adsabs.harvard.edu/abs/2023MNRAS.521.2765R/abstract target=ref>Rodriguez et al. 2023</a>",1.14300000,"<a refstr=RODRIGUEZ_ET_AL_2023 href=https://ui.adsabs.harvard.edu/abs/2023MNRAS.521.2765R/abstract target=ref>Rodriguez et al. 2023</a>",2.4650000,"<a refstr=RODRIGUEZ_ET_AL_2023 href=https://ui.adsabs.harvard.edu/abs/2023MNRAS.521.2765R/abstract target=ref>Rodriguez et al. 2023</a>",16.28664896,10.6611000,1,1.396000,1.233000,1,"Transiting Exoplanet Survey Satellite (TESS)"
"WASP-59 b","WASP-59","TIC 91051152",7.91958500000,0.00001000000,-0.00001000000,"<a refstr=HEBRARD_ET_AL__2013 href=https://ui.adsabs.harvard.edu/abs/2013A%26A...549A.134H/abstract target=ref> Hebrard et al. 2013 </a>",2455830.95559000,"<a refstr=HEBRARD_ET_AL__2013 href=https://ui.adsabs.harvard.edu/abs/2013A%26A...549A.134H/abstract target=ref> Hebrard et al. 2013 </a>",1.69000000,"<a refstr=HEBRARD_ET_AL__2013 href=https://ui.adsabs.harvard.edu/abs/2013A%26A...549A.134H/abstract target=ref> Hebrard et al. 2013 </a>",2.4480000,"<a refstr=HEBRARD_ET_AL__2013 href=https://ui.adsabs.harvard.edu/abs/2013A%26A...549A.134H/abstract target=ref> Hebrard et al. 2013 </a>",8.68700000,11.5549000,1,0.613000,0.719000,1,"SuperWASP"
"TOI-1820 b","TOI-1820","TIC 393831507",4.86067400000,0.00000500000,-0.00000500000,"<a refstr=KNUDSTRUP_ET_AL_2022 href=https://ui.adsabs.harvard.edu/abs/2022A&A...667A..22K/abstract target=ref>Knudstrup et al. 2022</a>",2458903.06380000,"<a refstr=KNUDSTRUP_ET_AL_2022 href=https://ui.adsabs.harvard.edu/abs/2022A&A...667A..22K/abstract target=ref>Knudstrup et al. 2022</a>",0.61400000,"<a refstr=EXOFOP href=https://exofop.ipac.caltech.edu/tess/view_toi.php target=ref>ExoFOP</a>",2.9200000,"<a refstr=KNUDSTRUP_ET_AL_2022 href=https://ui.adsabs.harvard.edu/abs/2022A&A...667A..22K/abstract target=ref>Knudstrup et al. 2022</a>",12.77823800,10.5268000,1,1.510000,1.040000,1,"Transiting Exoplanet Survey Satellite (TESS)"
"TOI-938 b","TOI-938","TIC 332660150",8.80733882211,0.00003575793,-0.00003719726,"<a refstr=LAFARGA_ET_AL_2026 href=https://ui.adsabs.harvard.edu/abs/2026MNRAS.548ag512L/abstract target=ref>Lafarga et al. 2026</a>",2458445.17796099,"<a refstr=LAFARGA_ET_AL_2026 href=https://ui.adsabs.harvard.edu/abs/2026MNRAS.548ag512L/abstract target=ref>Lafarga et al. 2026</a>",0.17000000,"<a refstr=EXOFOP href=https://exofop.ipac.caltech.edu/tess/view_toi.php target=ref>ExoFOP</a>",4.4337516,"<a refstr=LAFARGA_ET_AL_2026 href=https://ui.adsabs.harvard.edu/abs/2026MNRAS.548ag512L/abstract target=ref>Lafarga et al. 2026</a>",4.82401567,10.8479000,1,0.985134,1.100000,1,"Transiting Exoplanet Survey Satellite (TESS)"
"WASP-119 b","WASP-119","TIC 388104525",2.49979000000,0.00001000000,-0.00001000000,"<a refstr=MAXTED_ET_AL__2016 href=https://ui.adsabs.harvard.edu/abs/2016A&A...591A..55M/abstract target=ref>Maxted et al. 2016</a>",2456537.54700000,"<a refstr=MAXTED_ET_AL__2016 href=https://ui.adsabs.harvard.edu/abs/2016A&A...591A..55M/abstract target=ref>Maxted et al. 2016</a>",1.46212060,"<a refstr=EXOFOP href=https://exofop.ipac.caltech.edu/tess/view_toi.php target=ref>ExoFOP</a>",3.0240000,"<a refstr=MAXTED_ET_AL__2016 href=https://ui.adsabs.harvard.edu/abs/2016A&A...591A..55M/abstract target=ref>Maxted et al. 2016</a>",15.69260000,11.6035000,1,1.200000,1.020000,1,"SuperWASP-South"
"TOI-2040 b","TOI-2040","TIC 427730490",3.86085760000,0.00000450000,-0.00000440000,"<a refstr=GUENTHER_ET_AL_2026 href=https://ui.adsabs.harvard.edu/abs/2026AJ....172...54G/abstract target=ref>Guenther et al. 2026</a>",2459740.36547000,"<a refstr=GUENTHER_ET_AL_2026 href=https://ui.adsabs.harvard.edu/abs/2026AJ....172...54G/abstract target=ref>Guenther et al. 2026</a>",1.15690000,"<a refstr=GUENTHER_ET_AL_2026 href=https://ui.adsabs.harvard.edu/abs/2026AJ....172...54G/abstract target=ref>Guenther et al. 2026</a>",2.6570000,"<a refstr=GUENTHER_ET_AL_2026 href=https://ui.adsabs.harvard.edu/abs/2026AJ....172...54G/abstract target=ref>Guenther et al. 2026</a>",10.32347122,10.8407000,1,0.870000,0.920000,1,"Transiting Exoplanet Survey Satellite (TESS)"
"HAT-P-56 b","HAT-P-56","TIC 84339983",2.79083000000,0.00000500000,-0.00000500000,"<a refstr=STASSUN_ET_AL__2017 href=https://ui.adsabs.harvard.edu/abs/2017AJ....153..136S/abstract target=ref>Stassun et al. 2017</a>",2456774.09164000,"<a refstr=KRUSE_ET_AL__2019 href=https://ui.adsabs.harvard.edu/abs/2019ApJS..244...11K/abstract target=ref>Kruse et al. 2019</a>",1.10000000,"<a refstr=STASSUN_ET_AL__2017 href=https://ui.adsabs.harvard.edu/abs/2017AJ....153..136S/abstract target=ref>Stassun et al. 2017</a>",2.2599869,"<a refstr=EXOFOP href=https://exofop.ipac.caltech.edu/tess/view_toi.php target=ref>ExoFOP</a>",16.92559000,10.5136000,1,1.470000,1.420000,1,"HATNet"
"TOI-5795 b","TOI-5795","TIC 151724385",6.14063250000,0.00000540000,-0.00000540000,"<a refstr=MANNI_ET_AL_2025 href=https://ui.adsabs.harvard.edu/abs/2025A&A...701A.230M/abstract target=ref>Manni et al. 2025</a>",2459770.67397000,"<a refstr=MANNI_ET_AL_2025 href=https://ui.adsabs.harvard.edu/abs/2025A&A...701A.230M/abstract target=ref>Manni et al. 2025</a>",0.24694322,"<a refstr=EXOFOP href=https://exofop.ipac.caltech.edu/tess/view_toi.php target=ref>ExoFOP</a>",3.4070000,"<a refstr=MANNI_ET_AL_2025 href=https://ui.adsabs.harvard.edu/abs/2025A&A...701A.230M/abstract target=ref>Manni et al. 2025</a>",5.62000000,10.1872000,1,1.082000,0.901000,1,"Transiting Exoplanet Survey Satellite (TESS)"
"TOI-5599 b","TOI-5599","TIC 159160230",5.43691503941,0.00002616316,-0.00002482409,"<a refstr=LAFARGA_ET_AL_2026 href=https://ui.adsabs.harvard.edu/abs/2026MNRAS.548ag512L/abstract target=ref>Lafarga et al. 2026</a>",2459627.13284191,"<a refstr=LAFARGA_ET_AL_2026 href=https://ui.adsabs.harvard.edu/abs/2026MNRAS.548ag512L/abstract target=ref>Lafarga et al. 2026</a>",0.10200000,"<a refstr=EXOFOP href=https://exofop.ipac.caltech.edu/tess/view_toi.php target=ref>ExoFOP</a>",4.5164437,"<a refstr=LAFARGA_ET_AL_2026 href=https://ui.adsabs.harvard.edu/abs/2026MNRAS.548ag512L/abstract target=ref>Lafarga et al. 2026</a>",7.18882120,11.2785000,1,1.913340,1.210000,1,"Transiting Exoplanet Survey Satellite (TESS)"
"TOI-6954 b","TOI-6954","TIC 443607377",4.02074127419,0.00001460861,-0.00001475762,"<a refstr=LAFARGA_ET_AL_2026 href=https://ui.adsabs.harvard.edu/abs/2026MNRAS.548ag512L/abstract target=ref>Lafarga et al. 2026</a>",2459539.99302642,"<a refstr=LAFARGA_ET_AL_2026 href=https://ui.adsabs.harvard.edu/abs/2026MNRAS.548ag512L/abstract target=ref>Lafarga et al. 2026</a>",0.15560000,"<a refstr=EXOFOP href=https://exofop.ipac.caltech.edu/tess/view_toi.php target=ref>ExoFOP</a>",1.9852161,"<a refstr=LAFARGA_ET_AL_2026 href=https://ui.adsabs.harvard.edu/abs/2026MNRAS.548ag512L/abstract target=ref>Lafarga et al. 2026</a>",3.63524486,11.4374000,1,0.947112,0.834000,1,"Transiting Exoplanet Survey Satellite (TESS)"
"DS Tuc A b","DS Tuc A","TIC 410214986",8.13826800000,0.00001100000,-0.00001100000,"<a refstr=NEWTON_ET_AL__2019 href=https://ui.adsabs.harvard.edu/abs/2019ApJ...880L..17N/abstract target=ref>Newton et al. 2019</a>",2458332.30997000,"<a refstr=NEWTON_ET_AL__2019 href=https://ui.adsabs.harvard.edu/abs/2019ApJ...880L..17N/abstract target=ref>Newton et al. 2019</a>",0.29360000,"<a refstr=NEWTON_ET_AL__2019 href=https://ui.adsabs.harvard.edu/abs/2019ApJ...880L..17N/abstract target=ref>Newton et al. 2019</a>",3.1764000,"<a refstr=NEWTON_ET_AL__2019 href=https://ui.adsabs.harvard.edu/abs/2019ApJ...880L..17N/abstract target=ref>Newton et al. 2019</a>",5.70000000,7.8541000,1,0.964000,1.010000,1,"Transiting Exoplanet Survey Satellite (TESS)"
"TOI-2977 b","TOI-2977","TIC 361343239",2.35056140000,0.00000250000,-0.00000250000,"<a refstr=YEE_ET_AL__2023 href=https://ui.adsabs.harvard.edu/abs/2023ApJS..265....1Y/abstract target=ref>Yee et al. 2023</a>",2459373.83677000,"<a refstr=YEE_ET_AL__2023 href=https://ui.adsabs.harvard.edu/abs/2023ApJS..265....1Y/abstract target=ref>Yee et al. 2023</a>",1.26500000,"<a refstr=YEE_ET_AL__2023 href=https://ui.adsabs.harvard.edu/abs/2023ApJS..265....1Y/abstract target=ref>Yee et al. 2023</a>",2.9340000,"<a refstr=YEE_ET_AL__2023 href=https://ui.adsabs.harvard.edu/abs/2023ApJS..265....1Y/abstract target=ref>Yee et al. 2023</a>",13.15934334,11.9383000,1,1.073000,0.936000,1,"Transiting Exoplanet Survey Satellite (TESS)"
"TOI-4153 b","TOI-4153","TIC 470171739",4.61741410000,0.00000150000,-0.00000150000,"<a refstr=SCHULTE_ET_AL__2024 href=https://ui.adsabs.harvard.edu/abs/2024AJ....168...32S/abstract target=ref>Schulte et al. 2024</a>",2459557.05746000,"<a refstr=SCHULTE_ET_AL__2024 href=https://ui.adsabs.harvard.edu/abs/2024AJ....168...32S/abstract target=ref>Schulte et al. 2024</a>",0.93230000,"<a refstr=SCHULTE_ET_AL__2024 href=https://ui.adsabs.harvard.edu/abs/2024AJ....168...32S/abstract target=ref>Schulte et al. 2024</a>",4.5122000,"<a refstr=SCHULTE_ET_AL__2024 href=https://ui.adsabs.harvard.edu/abs/2024AJ....168...32S/abstract target=ref>Schulte et al. 2024</a>",16.11851425,11.1477000,1,1.605000,1.572000,1,"Transiting Exoplanet Survey Satellite (TESS)"
"HATS-33 b","HATS-33","TIC 360742636",2.54955510000,0.00000610000,-0.00000610000,"<a refstr=DE_VAL_BORRO_ET_AL__2016 href=https://ui.adsabs.harvard.edu/abs/2016AJ....152..161D/abstract target=ref>de Val-Borro et al. 2016</a>",2456497.23181000,"<a refstr=DE_VAL_BORRO_ET_AL__2016 href=https://ui.adsabs.harvard.edu/abs/2016AJ....152..161D/abstract target=ref>de Val-Borro et al. 2016</a>",1.49214022,"<a refstr=EXOFOP href=https://exofop.ipac.caltech.edu/tess/view_toi.php target=ref>ExoFOP</a>",2.6760000,"<a refstr=DE_VAL_BORRO_ET_AL__2016 href=https://ui.adsabs.harvard.edu/abs/2016AJ....152..161D/abstract target=ref>de Val-Borro et al. 2016</a>",13.78707000,11.2474000,1,1.022000,1.062000,1,"HATSouth"
"TOI-3160 A b","TOI-3160 A","TIC 440872576",3.97128100000,0.00000250000,-0.00000250000,"<a refstr=YEE_ET_AL_2025 href=https://ui.adsabs.harvard.edu/abs/2025ApJS..280...30Y/abstract target=ref>Yee et al. 2025</a>",2459609.98510000,"<a refstr=YEE_ET_AL_2025 href=https://ui.adsabs.harvard.edu/abs/2025ApJS..280...30Y/abstract target=ref>Yee et al. 2025</a>",0.87800000,"<a refstr=YEE_ET_AL_2025 href=https://ui.adsabs.harvard.edu/abs/2025ApJS..280...30Y/abstract target=ref>Yee et al. 2025</a>",2.9950000,"<a refstr=YEE_ET_AL_2025 href=https://ui.adsabs.harvard.edu/abs/2025ApJS..280...30Y/abstract target=ref>Yee et al. 2025</a>",13.76462830,11.9333000,1,1.346000,1.088000,1,"Transiting Exoplanet Survey Satellite (TESS)"
"WASP-138 b","WASP-138","TIC 35857242",3.63443300000,0.00000500000,-0.00000500000,"<a refstr=LAM_ET_AL__2017 href=https://ui.adsabs.harvard.edu/abs/2017A&A...599A...3L/abstract target=ref>Lam et al. 2017</a>",2457326.62183000,"<a refstr=LAM_ET_AL__2017 href=https://ui.adsabs.harvard.edu/abs/2017A&A...599A...3L/abstract target=ref>Lam et al. 2017</a>",0.68300000,"<a refstr=LAM_ET_AL__2017 href=https://ui.adsabs.harvard.edu/abs/2017A&A...599A...3L/abstract target=ref>Lam et al. 2017</a>",3.7728000,"<a refstr=LAM_ET_AL__2017 href=https://ui.adsabs.harvard.edu/abs/2017A&A...599A...3L/abstract target=ref>Lam et al. 2017</a>",12.21781000,11.3161000,1,1.360000,1.220000,1,"SuperWASP"
"TOI-5181 A b","TOI-5181 A","TIC 346667887",3.89222950000,0.00000230000,-0.00000230000,"<a refstr=YEE_ET_AL_2025 href=https://ui.adsabs.harvard.edu/abs/2025ApJS..280...30Y/abstract target=ref>Yee et al. 2025</a>",2460100.73085000,"<a refstr=YEE_ET_AL_2025 href=https://ui.adsabs.harvard.edu/abs/2025ApJS..280...30Y/abstract target=ref>Yee et al. 2025</a>",0.64000000,"<a refstr=YEE_ET_AL_2025 href=https://ui.adsabs.harvard.edu/abs/2025ApJS..280...30Y/abstract target=ref>Yee et al. 2025</a>",2.9450000,"<a refstr=YEE_ET_AL_2025 href=https://ui.adsabs.harvard.edu/abs/2025ApJS..280...30Y/abstract target=ref>Yee et al. 2025</a>",13.34989601,11.7242000,1,1.530000,1.250000,1,"Transiting Exoplanet Survey Satellite (TESS)"
"EPIC 246851721 b","EPIC 246851721","TIC 411839167",6.18023500000,0.00001400000,-0.00001400000,"<a refstr=YU_ET_AL__2018 href=https://ui.adsabs.harvard.edu/abs/2018AJ....156..250Y/abstract target=ref>Yu et al. 2018</a>",2457865.11032000,"<a refstr=YU_ET_AL__2018 href=https://ui.adsabs.harvard.edu/abs/2018AJ....156..250Y/abstract target=ref>Yu et al. 2018</a>",0.46400000,"<a refstr=YU_ET_AL__2018 href=https://ui.adsabs.harvard.edu/abs/2018AJ....156..250Y/abstract target=ref>Yu et al. 2018</a>",4.1080800,"<a refstr=YU_ET_AL__2018 href=https://ui.adsabs.harvard.edu/abs/2018AJ....156..250Y/abstract target=ref>Yu et al. 2018</a>",11.78065900,10.8243000,1,1.586000,1.317000,1,"K2"
"NGTS-12 b","NGTS-12","TIC 157230659",7.53280600000,0.00004800000,-0.00004800000,"<a refstr=BRYANT_ET_AL_2020 href=https://ui.adsabs.harvard.edu/abs/2020MNRAS.499.3139B/abstract target=ref>Bryant et al. 2020</a>",2458572.85490000,"<a refstr=BRYANT_ET_AL_2020 href=https://ui.adsabs.harvard.edu/abs/2020MNRAS.499.3139B/abstract target=ref>Bryant et al. 2020</a>",0.46971753,"<a refstr=EXOFOP href=https://exofop.ipac.caltech.edu/tess/view_toi.php target=ref>ExoFOP</a>",5.8500000,"<a refstr=BRYANT_ET_AL_2020 href=https://ui.adsabs.harvard.edu/abs/2020MNRAS.499.3139B/abstract target=ref>Bryant et al. 2020</a>",11.74703200,11.6634000,1,1.589000,1.021000,1,"Next-Generation Transit Survey (NGTS)"
"TOI-2580 b","TOI-2580","TIC 102713734",3.39775000000,0.00000200000,-0.00000200000,"<a refstr=EHRHARDT_ET_AL__2024 href=https://ui.adsabs.harvard.edu/abs/2024A&A...692A.220E/abstract target=ref>Ehrhardt et al. 2024</a>",2458839.45340000,"<a refstr=EHRHARDT_ET_AL__2024 href=https://ui.adsabs.harvard.edu/abs/2024A&A...692A.220E/abstract target=ref>Ehrhardt et al. 2024</a>",0.99600000,"<a refstr=EXOFOP href=https://exofop.ipac.caltech.edu/tess/view_toi.php target=ref>ExoFOP</a>",8.3800000,"<a refstr=EHRHARDT_ET_AL__2024 href=https://ui.adsabs.harvard.edu/abs/2024A&A...692A.220E/abstract target=ref>Ehrhardt et al. 2024</a>",17.37392009,10.8064000,1,1.810000,1.330000,1,"Transiting Exoplanet Survey Satellite (TESS)"
"TOI-1846 b","TOI-1846","TIC 198385543",3.93067370000,0.00000420000,-0.00000440000,"<a refstr=SOUBKIOU_ET_AL_2025 href=https://ui.adsabs.harvard.edu/abs/2025MNRAS.541.3249S/abstract target=ref>Soubkiou et al. 2025</a>",2459565.95523000,"<a refstr=SOUBKIOU_ET_AL_2025 href=https://ui.adsabs.harvard.edu/abs/2025MNRAS.541.3249S/abstract target=ref>Soubkiou et al. 2025</a>",0.17120000,"<a refstr=SOUBKIOU_ET_AL_2025 href=https://ui.adsabs.harvard.edu/abs/2025MNRAS.541.3249S/abstract target=ref>Soubkiou et al. 2025</a>",1.4190000,"<a refstr=SOUBKIOU_ET_AL_2025 href=https://ui.adsabs.harvard.edu/abs/2025MNRAS.541.3249S/abstract target=ref>Soubkiou et al. 2025</a>",1.79200000,11.8467000,1,0.397000,0.418000,1,"Transiting Exoplanet Survey Satellite (TESS)"
"TOI-1199 b","TOI-1199","TIC 99869022",3.67146300000,0.00000300000,-0.00000300000,"<a refstr=SERRANO_BELL_ET_AL_2024 href=https://ui.adsabs.harvard.edu/abs/2024A&A...684A...6S/abstract target=ref>Serrano Bell et al. 2024</a>",2459420.53760000,"<a refstr=SERRANO_BELL_ET_AL_2024 href=https://ui.adsabs.harvard.edu/abs/2024A&A...684A...6S/abstract target=ref>Serrano Bell et al. 2024</a>",0.43400000,"<a refstr=EXOFOP href=https://exofop.ipac.caltech.edu/tess/view_toi.php target=ref>ExoFOP</a>",2.1490000,"<a refstr=EXOFOP href=https://exofop.ipac.caltech.edu/tess/view_toi.php target=ref>ExoFOP</a>",10.51402390,10.4221000,1,1.450000,1.230000,1,"Transiting Exoplanet Survey Satellite (TESS)"
"TOI-4961 b","TOI-4961","TIC 420202798",7.47918200000,0.00000820000,-0.00000820000,"<a refstr=YEE_ET_AL_2025 href=https://ui.adsabs.harvard.edu/abs/2025ApJS..280...30Y/abstract target=ref>Yee et al. 2025</a>",2459884.82079000,"<a refstr=YEE_ET_AL_2025 href=https://ui.adsabs.harvard.edu/abs/2025ApJS..280...30Y/abstract target=ref>Yee et al. 2025</a>",1.54100000,"<a refstr=YEE_ET_AL_2025 href=https://ui.adsabs.harvard.edu/abs/2025ApJS..280...30Y/abstract target=ref>Yee et al. 2025</a>",3.5280000,"<a refstr=YEE_ET_AL_2025 href=https://ui.adsabs.harvard.edu/abs/2025ApJS..280...30Y/abstract target=ref>Yee et al. 2025</a>",12.34108775,11.6602000,1,0.912000,0.912000,1,"Transiting Exoplanet Survey Satellite (TESS)"
"TOI-1036 b","TOI-1036","TIC 146172354",3.77952125496,0.00000632680,-0.00000655321,"<a refstr=LAFARGA_ET_AL_2026 href=https://ui.adsabs.harvard.edu/abs/2026MNRAS.548ag512L/abstract target=ref>Lafarga et al. 2026</a>",2459292.60677085,"<a refstr=LAFARGA_ET_AL_2026 href=https://ui.adsabs.harvard.edu/abs/2026MNRAS.548ag512L/abstract target=ref>Lafarga et al. 2026</a>",0.27610000,"<a refstr=EXOFOP href=https://exofop.ipac.caltech.edu/tess/view_toi.php target=ref>ExoFOP</a>",3.2904618,"<a refstr=LAFARGA_ET_AL_2026 href=https://ui.adsabs.harvard.edu/abs/2026MNRAS.548ag512L/abstract target=ref>Lafarga et al. 2026</a>",6.28499593,10.2855000,1,1.175540,1.030000,1,"Transiting Exoplanet Survey Satellite (TESS)"
"WASP-100 b","WASP-100","TIC 38846515",2.84938000000,0.00000800000,-0.00000800000,"<a refstr=STASSUN_ET_AL__2017 href=https://ui.adsabs.harvard.edu/abs/2017AJ....153..136S/abstract target=ref>Stassun et al. 2017</a>",2441361.43760000,"<a refstr=JANSEN__KIPPING_2020 href=https://ui.adsabs.harvard.edu/abs/2020MNRAS.494.4077J/abstract target=ref>Jansen &amp; Kipping 2020</a>",0.76000000,"<a refstr=STASSUN_ET_AL__2017 href=https://ui.adsabs.harvard.edu/abs/2017AJ....153..136S/abstract target=ref>Stassun et al. 2017</a>",3.7530000,"<a refstr=MACIEJEWSKI_2020 href=https://ui.adsabs.harvard.edu/abs/2020AcA....70..181M/abstract target=ref>Maciejewski 2020</a>",14.90797000,10.3157000,1,1.570000,0.770000,1,"SuperWASP"
"TOI-2169 A b","TOI-2169 A","TIC 8516795",8.21482820000,0.00000810000,-0.00000800000,"<a refstr=YEE_ET_AL_2025 href=https://ui.adsabs.harvard.edu/abs/2025ApJS..280...30Y/abstract target=ref>Yee et al. 2025</a>",2459732.67384000,"<a refstr=YEE_ET_AL_2025 href=https://ui.adsabs.harvard.edu/abs/2025ApJS..280...30Y/abstract target=ref>Yee et al. 2025</a>",0.39700000,"<a refstr=YEE_ET_AL_2025 href=https://ui.adsabs.harvard.edu/abs/2025ApJS..280...30Y/abstract target=ref>Yee et al. 2025</a>",4.3370000,"<a refstr=YEE_ET_AL_2025 href=https://ui.adsabs.harvard.edu/abs/2025ApJS..280...30Y/abstract target=ref>Yee et al. 2025</a>",12.50922246,10.5527000,1,1.820000,1.420000,1,"Transiting Exoplanet Survey Satellite (TESS)"
"TOI-4308 b","TOI-4308","TIC 144193715",9.15120100000,0.00003600000,-0.00003700000,"<a refstr=MISTRY_ET_AL_2023 href=https://ui.adsabs.harvard.edu/abs/2023AJ....166....9M/abstract target=ref>Mistry et al. 2023</a>",2458333.42840000,"<a refstr=MISTRY_ET_AL_2023 href=https://ui.adsabs.harvard.edu/abs/2023AJ....166....9M/abstract target=ref>Mistry et al. 2023</a>",0.10740000,"<a refstr=EXOFOP href=https://exofop.ipac.caltech.edu/tess/view_toi.php target=ref>ExoFOP</a>",2.6160000,"<a refstr=EXOFOP href=https://exofop.ipac.caltech.edu/tess/view_toi.php target=ref>ExoFOP</a>",2.41890000,10.3390000,1,0.793400,0.900000,1,"Transiting Exoplanet Survey Satellite (TESS)"
"WASP-3 b","WASP-3","TIC 27848472",1.84683000000,0.00000200000,-0.00000200000,"<a refstr=STASSUN_ET_AL__2017 href=https://ui.adsabs.harvard.edu/abs/2017AJ....153..136S/abstract target=ref>Stassun et al. 2017</a>",2455554.83317000,"<a refstr=KOKORI_ET_AL__2022 href=https://ui.adsabs.harvard.edu/abs/2022ApJS..258...40K/abstract target=ref>Kokori et al. 2022</a>",1.10000000,"<a refstr=STASSUN_ET_AL__2017 href=https://ui.adsabs.harvard.edu/abs/2017AJ....153..136S/abstract target=ref>Stassun et al. 2017</a>",2.7883000,"<a refstr=CHRISTIANSEN_ET_AL__2011 href=https://ui.adsabs.harvard.edu/abs/2011ApJ...726...94C/abstract target=ref> Christiansen et al. 2011 </a>",15.91678000,10.1058000,1,1.440000,1.620000,1,"SuperWASP"
"TOI-1728 b","TOI-1728","TIC 285048486",3.49151000000,0.00006200000,-0.00005700000,"<a refstr=KANODIA_ET_AL__2020 href=https://ui.adsabs.harvard.edu/abs/2020ApJ...899...29K/abstract target=ref>Kanodia et al. 2020</a>",2458843.27427000,"<a refstr=KANODIA_ET_AL__2020 href=https://ui.adsabs.harvard.edu/abs/2020ApJ...899...29K/abstract target=ref>Kanodia et al. 2020</a>",0.54000000,"<a refstr=EXOFOP href=https://exofop.ipac.caltech.edu/tess/view_toi.php target=ref>ExoFOP</a>",1.9600000,"<a refstr=KANODIA_ET_AL__2020 href=https://ui.adsabs.harvard.edu/abs/2020ApJ...899...29K/abstract target=ref>Kanodia et al. 2020</a>",5.05000000,10.7921000,1,0.624300,0.646000,1,"Transiting Exoplanet Survey Satellite (TESS)"
"LP 714-47 b","LP 714-47","TIC 70899085",4.05203200000,0.00000300000,-0.00000300000,"<a refstr=SERRANO_BELL_ET_AL_2026 href=https://ui.adsabs.harvard.edu/abs/2026arXiv260713333S/abstract target=ref>Serrano Bell et al. 2026</a>",2458438.38487000,"<a refstr=SERRANO_BELL_ET_AL_2026 href=https://ui.adsabs.harvard.edu/abs/2026arXiv260713333S/abstract target=ref>Serrano Bell et al. 2026</a>",0.55124033,"<a refstr=EXOFOP href=https://exofop.ipac.caltech.edu/tess/view_toi.php target=ref>ExoFOP</a>",1.5200000,"<a refstr=SERRANO_BELL_ET_AL_2026 href=https://ui.adsabs.harvard.edu/abs/2026arXiv260713333S/abstract target=ref>Serrano Bell et al. 2026</a>",4.25000000,10.7329000,1,0.536000,0.542000,1,"Transiting Exoplanet Survey Satellite (TESS)"
"TOI-4364 b","TOI-4364","TIC 4070275",5.42401900000,0.00001000000,-0.00001100000,"<a refstr=DISTLER_ET_AL__2025 href=https://ui.adsabs.harvard.edu/abs/2025AJ....169..166D/abstract target=ref>Distler et al. 2025</a>",2458439.34280000,"<a refstr=DISTLER_ET_AL__2025 href=https://ui.adsabs.harvard.edu/abs/2025AJ....169..166D/abstract target=ref>Distler et al. 2025</a>",0.17800000,"<a refstr=DISTLER_ET_AL__2025 href=https://ui.adsabs.harvard.edu/abs/2025AJ....169..166D/abstract target=ref>Distler et al. 2025</a>",1.6000000,"<a refstr=DISTLER_ET_AL__2025 href=https://ui.adsabs.harvard.edu/abs/2025AJ....169..166D/abstract target=ref>Distler et al. 2025</a>",2.01000000,11.3993000,1,0.468400,0.487000,1,"Transiting Exoplanet Survey Satellite (TESS)"
"TOI-2992 b","TOI-2992","TIC 49045066",3.00781200000,0.00000190000,-0.00000190000,"<a refstr=YEE_ET_AL_2025 href=https://ui.adsabs.harvard.edu/abs/2025ApJS..280...30Y/abstract target=ref>Yee et al. 2025</a>",2459503.55851000,"<a refstr=YEE_ET_AL_2025 href=https://ui.adsabs.harvard.edu/abs/2025ApJS..280...30Y/abstract target=ref>Yee et al. 2025</a>",0.66600000,"<a refstr=YEE_ET_AL_2025 href=https://ui.adsabs.harvard.edu/abs/2025ApJS..280...30Y/abstract target=ref>Yee et al. 2025</a>",3.8400000,"<a refstr=YEE_ET_AL_2025 href=https://ui.adsabs.harvard.edu/abs/2025ApJS..280...30Y/abstract target=ref>Yee et al. 2025</a>",13.75341932,11.9728000,1,1.545000,1.210000,1,"Transiting Exoplanet Survey Satellite (TESS)"
"TOI-615 b","TOI-615","TIC 190496853",4.66159830000,0.00000250000,-0.00000160000,"<a refstr=PSARIDI_ET_AL__2023 href=https://ui.adsabs.harvard.edu/abs/2023A&A...675A..39P/abstract target=ref>Psaridi et al. 2023</a>",2459259.49383000,"<a refstr=PSARIDI_ET_AL__2023 href=https://ui.adsabs.harvard.edu/abs/2023A&A...675A..39P/abstract target=ref>Psaridi et al. 2023</a>",1.19720000,"<a refstr=EXOFOP href=https://exofop.ipac.caltech.edu/tess/view_toi.php target=ref>ExoFOP</a>",4.2410000,"<a refstr=PSARIDI_ET_AL__2023 href=https://ui.adsabs.harvard.edu/abs/2023A&A...675A..39P/abstract target=ref>Psaridi et al. 2023</a>",18.97680433,10.3015000,1,1.732000,1.449000,1,"Transiting Exoplanet Survey Satellite (TESS)"
"HAT-P-62 b","HAT-P-62","TIC 453064665",2.64532350000,0.00000390000,-0.00000390000,"<a refstr=BAKOS_ET_AL__2021 href=https://ui.adsabs.harvard.edu/abs/2021AJ....162....7B/abstract target=ref>Bakos et al. 2021</a>",2457118.38979000,"<a refstr=BAKOS_ET_AL__2021 href=https://ui.adsabs.harvard.edu/abs/2021AJ....162....7B/abstract target=ref>Bakos et al. 2021</a>",1.04568418,"<a refstr=EXOFOP href=https://exofop.ipac.caltech.edu/tess/view_toi.php target=ref>ExoFOP</a>",3.1030000,"<a refstr=BAKOS_ET_AL__2021 href=https://ui.adsabs.harvard.edu/abs/2021AJ....162....7B/abstract target=ref>Bakos et al. 2021</a>",12.02723629,11.8889000,1,1.170000,1.023000,1,"HATNet"
"TOI-3896 b","TOI-3896","TIC 445837596",4.37730369667,0.00001540543,-0.00001430768,"<a refstr=LAFARGA_ET_AL_2026 href=https://ui.adsabs.harvard.edu/abs/2026MNRAS.548ag512L/abstract target=ref>Lafarga et al. 2026</a>",2458903.31049730,"<a refstr=LAFARGA_ET_AL_2026 href=https://ui.adsabs.harvard.edu/abs/2026MNRAS.548ag512L/abstract target=ref>Lafarga et al. 2026</a>",0.14300000,"<a refstr=EXOFOP href=https://exofop.ipac.caltech.edu/tess/view_toi.php target=ref>ExoFOP</a>",2.3689451,"<a refstr=LAFARGA_ET_AL_2026 href=https://ui.adsabs.harvard.edu/abs/2026MNRAS.548ag512L/abstract target=ref>Lafarga et al. 2026</a>",3.14949237,11.6832000,1,0.747752,0.860000,1,"Transiting Exoplanet Survey Satellite (TESS)"
"TOI-2152 A b","TOI-2152","TIC 395393265",3.37735120000,0.00000600000,-0.00000610000,"<a refstr=RODRIGUEZ_ET_AL_2023 href=https://ui.adsabs.harvard.edu/abs/2023MNRAS.521.2765R/abstract target=ref>Rodriguez et al. 2023</a>",2458927.64980000,"<a refstr=RODRIGUEZ_ET_AL_2023 href=https://ui.adsabs.harvard.edu/abs/2023MNRAS.521.2765R/abstract target=ref>Rodriguez et al. 2023</a>",0.66600000,"<a refstr=RODRIGUEZ_ET_AL_2023 href=https://ui.adsabs.harvard.edu/abs/2023MNRAS.521.2765R/abstract target=ref>Rodriguez et al. 2023</a>",3.7150000,"<a refstr=RODRIGUEZ_ET_AL_2023 href=https://ui.adsabs.harvard.edu/abs/2023MNRAS.521.2765R/abstract target=ref>Rodriguez et al. 2023</a>",14.35870428,10.7053000,1,1.612000,1.516000,1,"Transiting Exoplanet Survey Satellite (TESS)"
"TOI-1301.01","TOI-1301","TIC 356867115",6.09640720900,0.00000356500,-0.00000361400,"<a refstr=CROSSFIELD_ET_AL_2025 href=https://ui.adsabs.harvard.edu/abs/2025AJ....169...89C/abstract target=ref>Crossfield et al. 2025</a>",2459710.29440000,"<a refstr=CROSSFIELD_ET_AL_2025 href=https://ui.adsabs.harvard.edu/abs/2025AJ....169...89C/abstract target=ref>Crossfield et al. 2025</a>",0.11424892,"<a refstr=EXOFOP href=https://exofop.ipac.caltech.edu/tess/view_toi.php target=ref>ExoFOP</a>",2.3326000,"<a refstr=CROSSFIELD_ET_AL_2025 href=https://ui.adsabs.harvard.edu/abs/2025AJ....169...89C/abstract target=ref>Crossfield et al. 2025</a>",2.47700000,10.5216000,1,0.732000,0.770000,1,"Transiting Exoplanet Survey Satellite (TESS)"
"WASP-28 b","WASP-28","TIC 398572544",3.40883495000,0.00000015000,-0.00000015000,"<a refstr=MO__X10D_NIK_ET_AL__2020 href=https://ui.adsabs.harvard.edu/abs/2020PASP..132a4401M/abstract target=ref>Mo&#x10D;nik et al. 2020</a>",2457642.50212600,"<a refstr=MO__X10D_NIK_ET_AL__2020 href=https://ui.adsabs.harvard.edu/abs/2020PASP..132a4401M/abstract target=ref>Mo&#x10D;nik et al. 2020</a>",1.33960000,"<a refstr=MO__X10D_NIK_ET_AL__2020 href=https://ui.adsabs.harvard.edu/abs/2020PASP..132a4401M/abstract target=ref>Mo&#x10D;nik et al. 2020</a>",3.2388000,"<a refstr=MO__X10D_NIK_ET_AL__2020 href=https://ui.adsabs.harvard.edu/abs/2020PASP..132a4401M/abstract target=ref>Mo&#x10D;nik et al. 2020</a>",13.66374747,11.6238000,1,1.083000,0.993000,1,"SuperWASP"
"WASP-145 A b","WASP-145 A","TIC 381856447",1.76903810000,0.00000080000,-0.00000080000,"<a refstr=HELLIER_ET_AL__2019 href=https://ui.adsabs.harvard.edu/abs/2019MNRAS.482.1379H/abstract target=ref>Hellier et al. 2019</a>",2456844.16526000,"<a refstr=HELLIER_ET_AL__2019 href=https://ui.adsabs.harvard.edu/abs/2019MNRAS.482.1379H/abstract target=ref>Hellier et al. 2019</a>",1.16000000,"<a refstr=HELLIER_ET_AL__2019 href=https://ui.adsabs.harvard.edu/abs/2019MNRAS.482.1379H/abstract target=ref>Hellier et al. 2019</a>",0.9768000,"<a refstr=HELLIER_ET_AL__2019 href=https://ui.adsabs.harvard.edu/abs/2019MNRAS.482.1379H/abstract target=ref>Hellier et al. 2019</a>",10.08810000,10.7218000,1,0.680000,0.760000,1,"SuperWASP-South"
"WASP-136 b","WASP-136","TIC 176220787",5.21536178778,0.00000268524,-0.00000268524,"<a refstr=EXOFOP href=https://exofop.ipac.caltech.edu/tess/view_toi.php target=ref>ExoFOP</a>",2456776.90550000,"<a refstr=ALEXOUDI_2022 href=https://ui.adsabs.harvard.edu/abs/2022AN....34324012A/abstract target=ref>Alexoudi 2022</a>",0.52058347,"<a refstr=EXOFOP href=https://exofop.ipac.caltech.edu/tess/view_toi.php target=ref>ExoFOP</a>",5.5895721,"<a refstr=EXOFOP href=https://exofop.ipac.caltech.edu/tess/view_toi.php target=ref>ExoFOP</a>",16.81347105,9.4834000,1,2.390140,1.410000,1,"SuperWASP"
"TOI-682.01","TOI-682","TIC 429304876",6.83923880000,0.00001270000,-0.00001270000,"<a refstr=EXOFOP href=https://exofop.ipac.caltech.edu/tess/view_toi.php target=ref>ExoFOP</a>",2460037.25993400,"<a refstr=EXOFOP href=https://exofop.ipac.caltech.edu/tess/view_toi.php target=ref>ExoFOP</a>",0.12130000,"<a refstr=EXOFOP href=https://exofop.ipac.caltech.edu/tess/view_toi.php target=ref>ExoFOP</a>",4.1760000,"<a refstr=EXOFOP href=https://exofop.ipac.caltech.edu/tess/view_toi.php target=ref>ExoFOP</a>",3.74186000,9.2231000,1,1.080000,0.850000,1,"Transiting Exoplanet Survey Satellite (TESS)"
"WASP-83 b","WASP-83","TIC 286865921",4.97125200000,0.00001500000,-0.00001500000,"<a refstr=HELLIER_ET_AL__2015 href=https://ui.adsabs.harvard.edu/abs/2015AJ....150...18H/abstract target=ref>Hellier et al. 2015</a>",2455928.88530000,"<a refstr=HELLIER_ET_AL__2015 href=https://ui.adsabs.harvard.edu/abs/2015AJ....150...18H/abstract target=ref>Hellier et al. 2015</a>",1.04000000,"<a refstr=HELLIER_ET_AL__2015 href=https://ui.adsabs.harvard.edu/abs/2015AJ....150...18H/abstract target=ref>Hellier et al. 2015</a>",3.3648000,"<a refstr=HELLIER_ET_AL__2015 href=https://ui.adsabs.harvard.edu/abs/2015AJ....150...18H/abstract target=ref>Hellier et al. 2015</a>",11.65736000,11.5037000,1,1.050000,1.110000,1,"SuperWASP"
"Gaia-2 b","Gaia-2","TIC 147797743",3.69152240000,0.00000390000,-0.00000390000,"<a refstr=PANAHI_ET_AL_2022 href=https://ui.adsabs.harvard.edu/abs/2022A&A...663A.101P/abstract target=ref>Panahi et al. 2022</a>",2458843.98875000,"<a refstr=PANAHI_ET_AL_2022 href=https://ui.adsabs.harvard.edu/abs/2022A&A...663A.101P/abstract target=ref>Panahi et al. 2022</a>",1.63160232,"<a refstr=EXOFOP href=https://exofop.ipac.caltech.edu/tess/view_toi.php target=ref>ExoFOP</a>",2.7207580,"<a refstr=EXOFOP href=https://exofop.ipac.caltech.edu/tess/view_toi.php target=ref>ExoFOP</a>",14.81827249,10.7447000,1,1.064000,1.000000,1,"European Space Agency (ESA) Gaia Satellite"
"TOI-3877 b","TOI-3877","TIC 144310492",4.12359600000,0.00000670000,-0.00000670000,"<a refstr=YEE_ET_AL_2025 href=https://ui.adsabs.harvard.edu/abs/2025ApJS..280...30Y/abstract target=ref>Yee et al. 2025</a>",2459753.93391000,"<a refstr=YEE_ET_AL_2025 href=https://ui.adsabs.harvard.edu/abs/2025ApJS..280...30Y/abstract target=ref>Yee et al. 2025</a>",0.55000000,"<a refstr=YEE_ET_AL_2025 href=https://ui.adsabs.harvard.edu/abs/2025ApJS..280...30Y/abstract target=ref>Yee et al. 2025</a>",2.7840000,"<a refstr=YEE_ET_AL_2025 href=https://ui.adsabs.harvard.edu/abs/2025ApJS..280...30Y/abstract target=ref>Yee et al. 2025</a>",11.67975789,11.9123000,1,1.445000,1.160000,1,"Transiting Exoplanet Survey Satellite (TESS)"
"TOI-2236 b","TOI-2236","TIC 394722182",3.53159020000,0.00000260000,-0.00000260000,"<a refstr=YEE_ET_AL__2022 href=https://ui.adsabs.harvard.edu/abs/2022AJ....164...70Y/abstract target=ref>Yee et al. 2022</a>",2459011.45704000,"<a refstr=YEE_ET_AL__2022 href=https://ui.adsabs.harvard.edu/abs/2022AJ....164...70Y/abstract target=ref>Yee et al. 2022</a>",0.70110000,"<a refstr=YEE_ET_AL__2022 href=https://ui.adsabs.harvard.edu/abs/2022AJ....164...70Y/abstract target=ref>Yee et al. 2022</a>",3.0480000,"<a refstr=YEE_ET_AL__2022 href=https://ui.adsabs.harvard.edu/abs/2022AJ....164...70Y/abstract target=ref>Yee et al. 2022</a>",14.36991326,10.8673000,1,1.573000,1.343000,1,"Transiting Exoplanet Survey Satellite (TESS)"
"TOI-277 b","TOI-277","TIC 439456714",3.99400000000,0.00040000000,-0.00040000000,"<a refstr=MAGLIANO_ET_AL_2023 href=https://ui.adsabs.harvard.edu/abs/2023MNRAS.519.1562M/abstract target=ref>Magliano et al. 2023</a>",2459119.82640000,"<a refstr=MAGLIANO_ET_AL_2023 href=https://ui.adsabs.harvard.edu/abs/2023MNRAS.519.1562M/abstract target=ref>Magliano et al. 2023</a>",0.58018957,"<a refstr=EXOFOP href=https://exofop.ipac.caltech.edu/tess/view_toi.php target=ref>ExoFOP</a>",1.9693065,"<a refstr=EXOFOP href=https://exofop.ipac.caltech.edu/tess/view_toi.php target=ref>ExoFOP</a>",2.65000000,11.7315000,1,0.362000,0.160000,1,"Transiting Exoplanet Survey Satellite (TESS)"
"WASP-176 b","WASP-176","TIC 375942197",3.89905200000,0.00000500000,-0.00000500000,"<a refstr=COOKE_ET_AL__2020 href=https://ui.adsabs.harvard.edu/abs/2020AJ....159..255C/abstract target=ref>Cooke et al. 2020</a>",2458234.17710000,"<a refstr=COOKE_ET_AL__2020 href=https://ui.adsabs.harvard.edu/abs/2020AJ....159..255C/abstract target=ref>Cooke et al. 2020</a>",0.64000000,"<a refstr=COOKE_ET_AL__2020 href=https://ui.adsabs.harvard.edu/abs/2020AJ....159..255C/abstract target=ref>Cooke et al. 2020</a>",5.1528000,"<a refstr=COOKE_ET_AL__2020 href=https://ui.adsabs.harvard.edu/abs/2020AJ....159..255C/abstract target=ref>Cooke et al. 2020</a>",16.86954500,11.5352000,1,1.925000,1.345000,1,"SuperWASP-North"
"HAT-P-70 b","HAT-P-70","TIC 399870368",2.74432452000,0.00000079000,-0.00000068000,"<a refstr=ZHOU_ET_AL__2019 href=https://ui.adsabs.harvard.edu/abs/2019AJ....158..141Z/abstract target=ref>Zhou et al. 2019</a>",2458439.57519000,"<a refstr=ZHOU_ET_AL__2019 href=https://ui.adsabs.harvard.edu/abs/2019AJ....158..141Z/abstract target=ref>Zhou et al. 2019</a>",0.84430000,"<a refstr=ZHOU_ET_AL__2019 href=https://ui.adsabs.harvard.edu/abs/2019AJ....158..141Z/abstract target=ref>Zhou et al. 2019</a>",3.4800000,"<a refstr=ZHOU_ET_AL__2019 href=https://ui.adsabs.harvard.edu/abs/2019AJ....158..141Z/abstract target=ref>Zhou et al. 2019</a>",20.96083000,9.3371000,1,1.858000,1.890000,1,"HATNet"
"WASP-70 A b","WASP-70 A","TIC 442530946",3.71302030000,0.00000470000,-0.00000470000,"<a refstr=ANDERSON_ET_AL__2014 href=https://ui.adsabs.harvard.edu/abs/2014MNRAS.445.1114A/abstract target=ref>Anderson et al. 2014</a>",2455736.50348000,"<a refstr=ANDERSON_ET_AL__2014 href=https://ui.adsabs.harvard.edu/abs/2014MNRAS.445.1114A/abstract target=ref>Anderson et al. 2014</a>",0.97000000,"<a refstr=ANDERSON_ET_AL__2014 href=https://ui.adsabs.harvard.edu/abs/2014MNRAS.445.1114A/abstract target=ref>Anderson et al. 2014</a>",3.3336000,"<a refstr=ANDERSON_ET_AL__2014 href=https://ui.adsabs.harvard.edu/abs/2014MNRAS.445.1114A/abstract target=ref>Anderson et al. 2014</a>",13.04700000,10.5959000,1,1.215000,1.106000,1,"SuperWASP"
"TrES-1 b","TrES-1","TIC 120757718",3.03007000000,0.00000800000,-0.00000800000,"<a refstr=STASSUN_ET_AL__2017 href=https://ui.adsabs.harvard.edu/abs/2017AJ....153..136S/abstract target=ref>Stassun et al. 2017</a>",2453186.80634100,"<a refstr=RAETZ_ET_AL__2009 href=https://ui.adsabs.harvard.edu/abs/2009AN....330..475R/abstract target=ref>Raetz et al. 2009</a>",1.80000000,"<a refstr=STASSUN_ET_AL__2017 href=https://ui.adsabs.harvard.edu/abs/2017AJ....153..136S/abstract target=ref>Stassun et al. 2017</a>",2.5080000,"<a refstr=BALUEV_ET_AL__2015 href=https://ui.adsabs.harvard.edu/abs/2015MNRAS.450.3101B/abstract target=ref>Baluev et al. 2015</a>",12.66617000,11.0248000,1,0.850000,1.040000,1,"TrES"
"TOI-6564 b","TOI-6564","TIC 453668803",3.98541300000,0.00001100000,-0.00001100000,"<a refstr=BATTLEY_ET_AL_2026 href=https://ui.adsabs.harvard.edu/abs/2026MNRAS.549g1053B/abstract target=ref>Battley et al. 2026</a>",2460071.37027000,"<a refstr=BATTLEY_ET_AL_2026 href=https://ui.adsabs.harvard.edu/abs/2026MNRAS.549g1053B/abstract target=ref>Battley et al. 2026</a>",0.88006145,"<a refstr=EXOFOP href=https://exofop.ipac.caltech.edu/tess/view_toi.php target=ref>ExoFOP</a>",4.5300000,"<a refstr=BATTLEY_ET_AL_2026 href=https://ui.adsabs.harvard.edu/abs/2026MNRAS.549g1053B/abstract target=ref>Battley et al. 2026</a>",16.39873876,9.5687000,1,1.700000,1.180000,1,"Transiting Exoplanet Survey Satellite (TESS)"
"TOI-333 b","TOI-333","TIC 224245334",3.78525030000,0.00000570000,-0.00000570000,"<a refstr=ALVES_ET_AL_2026 href=https://ui.adsabs.harvard.edu/abs/2026A&A...705A.210A/abstract target=ref>Alves et al. 2026</a>",2458355.57590000,"<a refstr=ALVES_ET_AL_2026 href=https://ui.adsabs.harvard.edu/abs/2026A&A...705A.210A/abstract target=ref>Alves et al. 2026</a>",0.13388791,"<a refstr=EXOFOP href=https://exofop.ipac.caltech.edu/tess/view_toi.php target=ref>ExoFOP</a>",3.2000000,"<a refstr=ALVES_ET_AL_2026 href=https://ui.adsabs.harvard.edu/abs/2026A&A...705A.210A/abstract target=ref>Alves et al. 2026</a>",4.26000000,11.5166000,1,1.100000,1.200000,1,"Transiting Exoplanet Survey Satellite (TESS)"
"HAT-P-33 b","HAT-P-33","TIC 239154970",3.47447000000,0.00000100000,-0.00000100000,"<a refstr=STASSUN_ET_AL__2017 href=https://ui.adsabs.harvard.edu/abs/2017AJ....153..136S/abstract target=ref>Stassun et al. 2017</a>",2458078.12991800,"<a refstr=KOKORI_ET_AL__2023 href=https://ui.adsabs.harvard.edu/abs/2023ApJS..265....4K/abstract target=ref>Kokori et al. 2023</a>",1.10000000,"<a refstr=STASSUN_ET_AL__2017 href=https://ui.adsabs.harvard.edu/abs/2017AJ....153..136S/abstract target=ref>Stassun et al. 2017</a>",4.4136000,"<a refstr=HARTMAN_ET_AL__2011 href=https://ui.adsabs.harvard.edu/abs/2011arXiv1106.1212H/abstract target=ref> Hartman et al. 2011 </a>",20.73665000,10.7131000,1,1.790000,1.820000,1,"HATNet"
"MASCARA-4 b","MASCARA-4","TIC 371443216",2.82409320000,0.00000460000,-0.00000460000,"<a refstr=ZHANG_ET_AL__2022 href=https://ui.adsabs.harvard.edu/abs/2022A&A...666A..47Z/abstract target=ref>Zhang et al. 2022</a>",2458909.66419000,"<a refstr=ZHANG_ET_AL__2022 href=https://ui.adsabs.harvard.edu/abs/2022A&A...666A..47Z/abstract target=ref>Zhang et al. 2022</a>",0.89700000,"<a refstr=EXOFOP href=https://exofop.ipac.caltech.edu/tess/view_toi.php target=ref>ExoFOP</a>",3.9700000,"<a refstr=ZHANG_ET_AL__2022 href=https://ui.adsabs.harvard.edu/abs/2022A&A...666A..47Z/abstract target=ref>Zhang et al. 2022</a>",16.98160576,8.0552000,1,1.790000,1.750000,1,"Multiple Observatories"
"TOI-2337 b","TOI-2337","TIC 230001847",2.99432000000,0.00008000000,-0.00008000000,"<a refstr=GRUNBLATT_ET_AL__2022 href=https://ui.adsabs.harvard.edu/abs/2022AJ....163..120G/abstract target=ref>Grunblatt et al. 2022</a>",2458793.82800000,"<a refstr=GRUNBLATT_ET_AL__2022 href=https://ui.adsabs.harvard.edu/abs/2022AJ....163..120G/abstract target=ref>Grunblatt et al. 2022</a>",0.11206492,"<a refstr=EXOFOP href=https://exofop.ipac.caltech.edu/tess/view_toi.php target=ref>ExoFOP</a>",6.9172309,"<a refstr=EXOFOP href=https://exofop.ipac.caltech.edu/tess/view_toi.php target=ref>ExoFOP</a>",10.08808263,11.2347000,1,3.220000,1.325000,1,"Transiting Exoplanet Survey Satellite (TESS)"
"WASP-149 b","WASP-149","TIC 19342878",1.33281300000,0.00000060000,-0.00000050000,"<a refstr=SCHANCHE_ET_AL_2025 href=https://ui.adsabs.harvard.edu/abs/2025AJ....169..334S/abstract target=ref>Schanche et al. 2025</a>",2457757.62450000,"<a refstr=SCHANCHE_ET_AL_2025 href=https://ui.adsabs.harvard.edu/abs/2025AJ....169..334S/abstract target=ref>Schanche et al. 2025</a>",1.68340000,"<a refstr=SCHANCHE_ET_AL_2025 href=https://ui.adsabs.harvard.edu/abs/2025AJ....169..334S/abstract target=ref>Schanche et al. 2025</a>",2.0496174,"<a refstr=EXOFOP href=https://exofop.ipac.caltech.edu/tess/view_toi.php target=ref>ExoFOP</a>",15.24421375,10.8042000,1,1.080000,1.050000,1,"SuperWASP"
"WASP-60 b","WASP-60","TIC 288246496",4.30500000000,0.00000600000,-0.00000600000,"<a refstr=STASSUN_ET_AL__2017 href=https://ui.adsabs.harvard.edu/abs/2017AJ....153..136S/abstract target=ref>Stassun et al. 2017</a>",2456952.43264000,"<a refstr=MANCINI_ET_AL__2018 href=https://ui.adsabs.harvard.edu/abs/2018A&A...613A..41M/abstract target=ref>Mancini et al. 2018</a>",0.60000000,"<a refstr=STASSUN_ET_AL__2017 href=https://ui.adsabs.harvard.edu/abs/2017AJ....153..136S/abstract target=ref>Stassun et al. 2017</a>",3.5311266,"<a refstr=EXOFOP href=https://exofop.ipac.caltech.edu/tess/view_toi.php target=ref>ExoFOP</a>",9.86392000,11.5639000,1,1.170000,1.190000,1,"SuperWASP"
"WASP-172 b","WASP-172","TIC 453789494",5.47743300000,0.00000700000,-0.00000700000,"<a refstr=HELLIER_ET_AL__2019 href=https://ui.adsabs.harvard.edu/abs/2019MNRAS.482.1379H/abstract target=ref>Hellier et al. 2019</a>",2457032.26170000,"<a refstr=HELLIER_ET_AL__2019 href=https://ui.adsabs.harvard.edu/abs/2019MNRAS.482.1379H/abstract target=ref>Hellier et al. 2019</a>",0.72000000,"<a refstr=HELLIER_ET_AL__2019 href=https://ui.adsabs.harvard.edu/abs/2019MNRAS.482.1379H/abstract target=ref>Hellier et al. 2019</a>",5.2944000,"<a refstr=HELLIER_ET_AL__2019 href=https://ui.adsabs.harvard.edu/abs/2019MNRAS.482.1379H/abstract target=ref>Hellier et al. 2019</a>",17.59813000,10.7316000,1,1.910000,1.490000,1,"SuperWASP-South"
"TOI-2114 b","TOI-2114","TIC 9828416",6.20995900000,0.00000450000,-0.00000470000,"<a refstr=LILLO_BOX_ET_AL_2026 href=https://ui.adsabs.harvard.edu/abs/2026arXiv260719756L/abstract target=ref>Lillo-Box et al. 2026</a>",2460476.65570000,"<a refstr=LILLO_BOX_ET_AL_2026 href=https://ui.adsabs.harvard.edu/abs/2026arXiv260719756L/abstract target=ref>Lillo-Box et al. 2026</a>",0.40900000,"<a refstr=EXOFOP href=https://exofop.ipac.caltech.edu/tess/view_toi.php target=ref>ExoFOP</a>",4.5150000,"<a refstr=LILLO_BOX_ET_AL_2026 href=https://ui.adsabs.harvard.edu/abs/2026arXiv260719756L/abstract target=ref>Lillo-Box et al. 2026</a>",14.54925695,9.8251000,1,1.970000,1.309000,1,"Transiting Exoplanet Survey Satellite (TESS)"
"TOI-5806 b","TOI-5806","TIC 283621618",3.18563810000,0.00000100000,-0.00000100000,"<a refstr=LILLO_BOX_ET_AL_2026 href=https://ui.adsabs.harvard.edu/abs/2026arXiv260719756L/abstract target=ref>Lillo-Box et al. 2026</a>",2459850.81238000,"<a refstr=LILLO_BOX_ET_AL_2026 href=https://ui.adsabs.harvard.edu/abs/2026arXiv260719756L/abstract target=ref>Lillo-Box et al. 2026</a>",0.47500000,"<a refstr=EXOFOP href=https://exofop.ipac.caltech.edu/tess/view_toi.php target=ref>ExoFOP</a>",2.0160000,"<a refstr=LILLO_BOX_ET_AL_2026 href=https://ui.adsabs.harvard.edu/abs/2026arXiv260719756L/abstract target=ref>Lillo-Box et al. 2026</a>",15.13212395,8.2942000,1,1.387000,1.333000,1,"Transiting Exoplanet Survey Satellite (TESS)"
"TOI-7169 b","TOI-7169","TIC 372048733",3.43731250000,0.00000200000,-0.00000190000,"<a refstr=SIMON_ET_AL_2026 href=https://ui.adsabs.harvard.edu/abs/2026AJ....172..118S/abstract target=ref>Simon et al. 2026</a>",2460560.15083000,"<a refstr=SIMON_ET_AL_2026 href=https://ui.adsabs.harvard.edu/abs/2026AJ....172..118S/abstract target=ref>Simon et al. 2026</a>",1.02300000,"<a refstr=SIMON_ET_AL_2026 href=https://ui.adsabs.harvard.edu/abs/2026AJ....172..118S/abstract target=ref>Simon et al. 2026</a>",4.0517000,"<a refstr=SIMON_ET_AL_2026 href=https://ui.adsabs.harvard.edu/abs/2026AJ....172..118S/abstract target=ref>Simon et al. 2026</a>",16.53324653,11.9080000,1,1.500000,0.885000,1,"Transiting Exoplanet Survey Satellite (TESS)"
"WASP-73 b","WASP-73","TIC 231670397",4.08722000000,0.00022000000,-0.00022000000,"<a refstr=STASSUN_ET_AL__2017 href=https://ui.adsabs.harvard.edu/abs/2017AJ....153..136S/abstract target=ref>Stassun et al. 2017</a>",2458462.55487000,"<a refstr=KOKORI_ET_AL__2023 href=https://ui.adsabs.harvard.edu/abs/2023ApJS..265....4K/abstract target=ref>Kokori et al. 2023</a>",0.33000000,"<a refstr=STASSUN_ET_AL__2017 href=https://ui.adsabs.harvard.edu/abs/2017AJ....153..136S/abstract target=ref>Stassun et al. 2017</a>",5.5861130,"<a refstr=EXOFOP href=https://exofop.ipac.caltech.edu/tess/view_toi.php target=ref>ExoFOP</a>",15.91678000,9.8638000,1,2.550000,2.520000,1,"SuperWASP"
"TOI-5108 b","TOI-5108","TIC 350348197",6.75358100000,0.00000700000,-0.00000700000,"<a refstr=THOMAS_ET_AL_2025 href=https://ui.adsabs.harvard.edu/abs/2025A&A...694A.143T/abstract target=ref>Thomas et al. 2025</a>",2459569.47780000,"<a refstr=THOMAS_ET_AL_2025 href=https://ui.adsabs.harvard.edu/abs/2025A&A...694A.143T/abstract target=ref>Thomas et al. 2025</a>",0.17400000,"<a refstr=EXOFOP href=https://exofop.ipac.caltech.edu/tess/view_toi.php target=ref>ExoFOP</a>",2.2000000,"<a refstr=THOMAS_ET_AL_2025 href=https://ui.adsabs.harvard.edu/abs/2025A&A...694A.143T/abstract target=ref>Thomas et al. 2025</a>",6.60000000,9.1845800,1,1.290000,1.100000,1,"Transiting Exoplanet Survey Satellite (TESS)"
"TOI-2184 b","TOI-2184","TIC 176956893",6.90683000000,0.00009000000,-0.00009000000,"<a refstr=SAUNDERS_ET_AL__2022 href=https://ui.adsabs.harvard.edu/abs/2022AJ....163...53S/abstract target=ref>Saunders et al. 2022</a>",2458332.12600000,"<a refstr=SAUNDERS_ET_AL__2022 href=https://ui.adsabs.harvard.edu/abs/2022AJ....163...53S/abstract target=ref>Saunders et al. 2022</a>",0.17517779,"<a refstr=EXOFOP href=https://exofop.ipac.caltech.edu/tess/view_toi.php target=ref>ExoFOP</a>",6.7800000,"<a refstr=SAUNDERS_ET_AL__2022 href=https://ui.adsabs.harvard.edu/abs/2022AJ....163...53S/abstract target=ref>Saunders et al. 2022</a>",11.39953337,11.4057000,1,2.900000,1.530000,1,"Transiting Exoplanet Survey Satellite (TESS)"
"TOI-778 b","TOI-778","TIC 335630746",4.63361100000,0.00000100000,-0.00000100000,"<a refstr=CLARK_ET_AL__2023 href=https://ui.adsabs.harvard.edu/abs/2023AJ....165..207C/abstract target=ref>Clark et al. 2023</a>",2458578.71610000,"<a refstr=CLARK_ET_AL__2023 href=https://ui.adsabs.harvard.edu/abs/2023AJ....165..207C/abstract target=ref>Clark et al. 2023</a>",0.76600000,"<a refstr=EXOFOP href=https://exofop.ipac.caltech.edu/tess/view_toi.php target=ref>ExoFOP</a>",3.7600000,"<a refstr=CLARK_ET_AL__2023 href=https://ui.adsabs.harvard.edu/abs/2023AJ....165..207C/abstract target=ref>Clark et al. 2023</a>",15.40000000,8.6900900,1,1.710000,1.400000,1,"Transiting Exoplanet Survey Satellite (TESS)"
"WASP-156 b","WASP-156","TIC 270380593",3.83616290000,0.00000060000,-0.00000060000,"<a refstr=LAFARGA_ET_AL_2026 href=https://ui.adsabs.harvard.edu/abs/2026MNRAS.tmp..940L/abstract target=ref>Lafarga et al. 2026</a>",2459058.61130000,"<a refstr=LAFARGA_ET_AL_2026 href=https://ui.adsabs.harvard.edu/abs/2026MNRAS.tmp..940L/abstract target=ref>Lafarga et al. 2026</a>",0.53575775,"<a refstr=EXOFOP href=https://exofop.ipac.caltech.edu/tess/view_toi.php target=ref>ExoFOP</a>",2.3926000,"<a refstr=BOURRIER_ET_AL__2023 href=https://ui.adsabs.harvard.edu/abs/2023A&A...669A..63B/abstract target=ref>Bourrier et al. 2023</a>",6.15000000,10.7307000,1,0.826800,0.871200,1,"SuperWASP"
"WASP-23 b","WASP-23","TIC 170102285",2.94442560000,0.00000110000,-0.00000130000,"<a refstr=TRIAUD_ET_AL__2011 href=https://ui.adsabs.harvard.edu/abs/2011A%26A...531A..24T/abstract target=ref> Triaud et al. 2011 </a>",2455320.12363000,"<a refstr=TRIAUD_ET_AL__2011 href=https://ui.adsabs.harvard.edu/abs/2011A%26A...531A..24T/abstract target=ref> Triaud et al. 2011 </a>",1.69100000,"<a refstr=TRIAUD_ET_AL__2011 href=https://ui.adsabs.harvard.edu/abs/2011A%26A...531A..24T/abstract target=ref> Triaud et al. 2011 </a>",2.3942400,"<a refstr=TRIAUD_ET_AL__2011 href=https://ui.adsabs.harvard.edu/abs/2011A%26A...531A..24T/abstract target=ref> Triaud et al. 2011 </a>",10.78300000,11.7583000,1,0.765000,0.780000,1,"SuperWASP"
"HATS-1 b","HATS-1","TIC 219698950",3.44645900000,0.00000400000,-0.00000400000,"<a refstr=PENEV_ET_AL__2013 href=https://ui.adsabs.harvard.edu/abs/2013AJ....145....5P/abstract target=ref> Penev et al. 2013 </a>",2455241.28722000,"<a refstr=PENEV_ET_AL__2013 href=https://ui.adsabs.harvard.edu/abs/2013AJ....145....5P/abstract target=ref> Penev et al. 2013 </a>",1.63207912,"<a refstr=EXOFOP href=https://exofop.ipac.caltech.edu/tess/view_toi.php target=ref>ExoFOP</a>",2.4168000,"<a refstr=PENEV_ET_AL__2013 href=https://ui.adsabs.harvard.edu/abs/2013AJ....145....5P/abstract target=ref> Penev et al. 2013 </a>",14.59400000,11.5122000,1,1.038000,0.986000,1,"HATSouth"
"KELT-1 b","KELT-1","TIC 432549364",1.21751400000,0.00001500000,-0.00001500000,"<a refstr=SIVERD_ET_AL__2012 href=https://ui.adsabs.harvard.edu/abs/2012ApJ...761..123S/abstract target=ref> Siverd et al. 2012 </a>",2455914.16280000,"<a refstr=SIVERD_ET_AL__2012 href=https://ui.adsabs.harvard.edu/abs/2012ApJ...761..123S/abstract target=ref> Siverd et al. 2012 </a>",0.60860000,"<a refstr=SIVERD_ET_AL__2012 href=https://ui.adsabs.harvard.edu/abs/2012ApJ...761..123S/abstract target=ref> Siverd et al. 2012 </a>",2.7645600,"<a refstr=SIVERD_ET_AL__2012 href=https://ui.adsabs.harvard.edu/abs/2012ApJ...761..123S/abstract target=ref> Siverd et al. 2012 </a>",12.44200000,10.2242000,1,1.471000,1.335000,1,"KELT"
"WASP-5 b","WASP-5","TIC 184240683",1.62842790000,0.00000220000,-0.00000490000,"<a refstr=GILLON_ET_AL__2009 href=https://ui.adsabs.harvard.edu/abs/2009A&A...496..259G/abstract target=ref> Gillon et al. 2009 </a>",2454373.99598000,"<a refstr=GILLON_ET_AL__2009 href=https://ui.adsabs.harvard.edu/abs/2009A&A...496..259G/abstract target=ref> Gillon et al. 2009 </a>",1.18000000,"<a refstr=GILLON_ET_AL__2009 href=https://ui.adsabs.harvard.edu/abs/2009A&A...496..259G/abstract target=ref> Gillon et al. 2009 </a>",2.3688000,"<a refstr=GILLON_ET_AL__2009 href=https://ui.adsabs.harvard.edu/abs/2009A&A...496..259G/abstract target=ref> Gillon et al. 2009 </a>",12.18400000,11.5464000,1,1.029000,0.960000,1,"SuperWASP"
"HAT-P-23 b","HAT-P-23","TIC 305243225",1.21288400000,0.00000200000,-0.00000200000,"<a refstr=BAKOS_ET_AL__2010 href=https://ui.adsabs.harvard.edu/abs/2010arXiv1008.3388B/abstract target=ref> Bakos et al. 2010 </a>",2454852.26464000,"<a refstr=BAKOS_ET_AL__2010 href=https://ui.adsabs.harvard.edu/abs/2010arXiv1008.3388B/abstract target=ref> Bakos et al. 2010 </a>",1.05360000,"<a refstr=BAKOS_ET_AL__2010 href=https://ui.adsabs.harvard.edu/abs/2010arXiv1008.3388B/abstract target=ref> Bakos et al. 2010 </a>",2.1792000,"<a refstr=BAKOS_ET_AL__2010 href=https://ui.adsabs.harvard.edu/abs/2010arXiv1008.3388B/abstract target=ref> Bakos et al. 2010 </a>",15.33400000,11.7340000,1,1.203000,1.130000,1,"HATNet"
"HAT-P-20 b","HAT-P-20","TIC 26826078",2.87531700000,0.00000400000,-0.00000400000,"<a refstr=BAKOS_ET_AL__2010 href=https://ui.adsabs.harvard.edu/abs/2010arXiv1008.3388B/abstract target=ref> Bakos et al. 2010 </a>",2455080.92661000,"<a refstr=BAKOS_ET_AL__2010 href=https://ui.adsabs.harvard.edu/abs/2010arXiv1008.3388B/abstract target=ref> Bakos et al. 2010 </a>",0.98980000,"<a refstr=BAKOS_ET_AL__2010 href=https://ui.adsabs.harvard.edu/abs/2010arXiv1008.3388B/abstract target=ref> Bakos et al. 2010 </a>",1.8480000,"<a refstr=BAKOS_ET_AL__2010 href=https://ui.adsabs.harvard.edu/abs/2010arXiv1008.3388B/abstract target=ref> Bakos et al. 2010 </a>",9.71800000,10.2832000,1,0.694000,0.756000,1,"HATNet"
"Kepler-14 b","Kepler-14","TIC 158561566",6.79012300000,0.00000430000,-0.00000430000,"<a refstr=BUCHHAVE_ET_AL__2011 href=https://ui.adsabs.harvard.edu/abs/2011ApJS..197....3B/abstract target=ref> Buchhave et al. 2011 </a>",2454971.08737000,"<a refstr=BUCHHAVE_ET_AL__2011 href=https://ui.adsabs.harvard.edu/abs/2011ApJS..197....3B/abstract target=ref> Buchhave et al. 2011 </a>",0.22523000,"<a refstr=Q1_Q17_DR24_KOI_TABLE href=https://exoplanetarchive.ipac.caltech.edu/docs/Kepler_KOI_docs.html target=ref>Q1-Q17 DR24 KOI Table</a>",6.2184000,"<a refstr=BUCHHAVE_ET_AL__2011 href=https://ui.adsabs.harvard.edu/abs/2011ApJS..197....3B/abstract target=ref> Buchhave et al. 2011 </a>",12.73300000,11.6360000,1,2.048000,1.512000,1,"Kepler"
"HAT-P-4 b","HAT-P-4","TIC 138294130",3.05653600000,,,"<a refstr=TORRES_ET_AL__2008 href=https://ui.adsabs.harvard.edu/abs/2008ApJ...677.1324T/abstract target=ref> Torres et al. 2008 </a>",2455584.57238000,"<a refstr=KOKORI_ET_AL__2023 href=https://ui.adsabs.harvard.edu/abs/2023ApJS..265....4K/abstract target=ref>Kokori et al. 2023</a>",0.77980000,"<a refstr=TORRES_ET_AL__2008 href=https://ui.adsabs.harvard.edu/abs/2008ApJ...677.1324T/abstract target=ref> Torres et al. 2008 </a>",4.2240000,"<a refstr=KOVACS_ET_AL__2007 href=https://ui.adsabs.harvard.edu/abs/2007ApJ...670L..41K/abstract target=ref> Kovacs et al. 2007 </a>",14.28000000,10.6506000,1,1.596000,1.248000,1,"HATNet"
"WASP-65 b","WASP-65","TIC 444013020",2.31142430000,0.00000150000,-0.00000150000,"<a refstr=GOMEZ_ET_AL__2013 href=https://ui.adsabs.harvard.edu/abs/2013A%26A...559A..36G/abstract target=ref> Gomez et al. 2013 </a>",2456110.68772000,"<a refstr=GOMEZ_ET_AL__2013 href=https://ui.adsabs.harvard.edu/abs/2013A%26A...559A..36G/abstract target=ref> Gomez et al. 2013 </a>",1.28000000,"<a refstr=GOMEZ_ET_AL__2013 href=https://ui.adsabs.harvard.edu/abs/2013A%26A...559A..36G/abstract target=ref> Gomez et al. 2013 </a>",2.7350400,"<a refstr=GOMEZ_ET_AL__2013 href=https://ui.adsabs.harvard.edu/abs/2013A%26A...559A..36G/abstract target=ref> Gomez et al. 2013 </a>",12.46400000,11.3020000,1,1.010000,0.930000,1,"SuperWASP"
"WASP-1 b","WASP-1","TIC 57984377",2.51994540000,0.00000050000,-0.00000050000,"<a refstr=MACIEJEWSKI_ET_AL__2014 href=https://ui.adsabs.harvard.edu/abs/2014AcA....64...27M/abstract target=ref> Maciejewski et al. 2014</a>",2453912.51510000,"<a refstr=MACIEJEWSKI_ET_AL__2014 href=https://ui.adsabs.harvard.edu/abs/2014AcA....64...27M/abstract target=ref> Maciejewski et al. 2014</a>",1.24293725,"<a refstr=EXOFOP href=https://exofop.ipac.caltech.edu/tess/view_toi.php target=ref>ExoFOP</a>",3.7121363,"<a refstr=EXOFOP href=https://exofop.ipac.caltech.edu/tess/view_toi.php target=ref>ExoFOP</a>",16.62300000,11.1355000,1,1.470000,1.240000,1,"SuperWASP"
"WASP-75 b","WASP-75","TIC 36592530",2.48419300000,0.00000300000,-0.00000300000,"<a refstr=GOMEZ_ET_AL__2013 href=https://ui.adsabs.harvard.edu/abs/2013A%26A...559A..36G/abstract target=ref> Gomez et al. 2013 </a>",2456016.26690000,"<a refstr=GOMEZ_ET_AL__2013 href=https://ui.adsabs.harvard.edu/abs/2013A%26A...559A..36G/abstract target=ref> Gomez et al. 2013 </a>",1.07000000,"<a refstr=GOMEZ_ET_AL__2013 href=https://ui.adsabs.harvard.edu/abs/2013A%26A...559A..36G/abstract target=ref> Gomez et al. 2013 </a>",1.9728000,"<a refstr=GOMEZ_ET_AL__2013 href=https://ui.adsabs.harvard.edu/abs/2013A%26A...559A..36G/abstract target=ref> Gomez et al. 2013 </a>",14.23500000,10.9310000,1,1.260000,1.140000,1,"SuperWASP"
"HAT-P-42 b","HAT-P-42","TIC 270468559",4.64187800000,0.00003200000,-0.00003200000,"<a refstr=BOISSE_ET_AL__2013 href=https://ui.adsabs.harvard.edu/abs/2013A%26A...558A..86B/abstract target=ref> Boisse et al. 2013 </a>",2455952.52603000,"<a refstr=BOISSE_ET_AL__2013 href=https://ui.adsabs.harvard.edu/abs/2013A%26A...558A..86B/abstract target=ref> Boisse et al. 2013 </a>",0.75254475,"<a refstr=EXOFOP href=https://exofop.ipac.caltech.edu/tess/view_toi.php target=ref>ExoFOP</a>",4.0344000,"<a refstr=BOISSE_ET_AL__2013 href=https://ui.adsabs.harvard.edu/abs/2013A%26A...558A..86B/abstract target=ref> Boisse et al. 2013 </a>",14.34800000,11.5598000,1,1.530000,1.178000,1,"HATNet"
"HAT-P-45 b","HAT-P-45","TIC 167227214",3.12899200000,0.00002100000,-0.00002100000,"<a refstr=HARTMAN_ET_AL__2014 href=https://ui.adsabs.harvard.edu/abs/2014AJ....147..128H/abstract target=ref> Hartman et al. 2014 </a>",2455729.98612000,"<a refstr=HARTMAN_ET_AL__2014 href=https://ui.adsabs.harvard.edu/abs/2014AJ....147..128H/abstract target=ref> Hartman et al. 2014 </a>",1.34262063,"<a refstr=EXOFOP href=https://exofop.ipac.caltech.edu/tess/view_toi.php target=ref>ExoFOP</a>",3.4464000,"<a refstr=HARTMAN_ET_AL__2014 href=https://ui.adsabs.harvard.edu/abs/2014AJ....147..128H/abstract target=ref> Hartman et al. 2014 </a>",15.98400000,11.6961000,1,1.319000,1.259000,1,"HATNet"
"HATS-5 b","HATS-5","TIC 139733308",4.76338700000,0.00001000000,-0.00001000000,"<a refstr=ZHOU_ET_AL__2014 href=https://ui.adsabs.harvard.edu/abs/2014AJ....147..144Z/abstract target=ref> Zhou et al. 2014 </a>",2456273.79068000,"<a refstr=ZHOU_ET_AL__2014 href=https://ui.adsabs.harvard.edu/abs/2014AJ....147..144Z/abstract target=ref> Zhou et al. 2014 </a>",1.31606298,"<a refstr=EXOFOP href=https://exofop.ipac.caltech.edu/tess/view_toi.php target=ref>ExoFOP</a>",2.9856000,"<a refstr=ZHOU_ET_AL__2014 href=https://ui.adsabs.harvard.edu/abs/2014AJ....147..144Z/abstract target=ref> Zhou et al. 2014 </a>",10.22300000,11.9012000,1,0.871000,0.936000,1,"HATSouth"
"HAT-P-38 b","HAT-P-38","TIC 285272237",4.64038200000,0.00003200000,-0.00003200000,"<a refstr=SATO_ET_AL__2012 href=https://ui.adsabs.harvard.edu/abs/2012PASJ...64...97S/abstract target=ref> Sato et al. 2012 </a>",2455863.11957000,"<a refstr=SATO_ET_AL__2012 href=https://ui.adsabs.harvard.edu/abs/2012PASJ...64...97S/abstract target=ref> Sato et al. 2012 </a>",0.99549099,"<a refstr=EXOFOP href=https://exofop.ipac.caltech.edu/tess/view_toi.php target=ref>ExoFOP</a>",3.0408000,"<a refstr=SATO_ET_AL__2012 href=https://ui.adsabs.harvard.edu/abs/2012PASJ...64...97S/abstract target=ref> Sato et al. 2012 </a>",9.24700000,11.7524000,1,0.923000,0.886000,1,"HATNet"
"WASP-126 b","WASP-126","TIC 25155310",3.28883000000,0.00003710000,-0.00003710000,"<a refstr=PEARSON_2019 href=https://ui.adsabs.harvard.edu/abs/2019AJ....158..243P/abstract target=ref>Pearson 2019</a>",2458827.41621500,"<a refstr=KOKORI_ET_AL__2023 href=https://ui.adsabs.harvard.edu/abs/2023ApJS..265....4K/abstract target=ref>Kokori et al. 2023</a>",0.70057248,"<a refstr=EXOFOP href=https://exofop.ipac.caltech.edu/tess/view_toi.php target=ref>ExoFOP</a>",3.4367717,"<a refstr=EXOFOP href=https://exofop.ipac.caltech.edu/tess/view_toi.php target=ref>ExoFOP</a>",10.51358773,10.6103000,1,1.270000,1.120000,1,"SuperWASP-South"
"HAT-P-39 b","HAT-P-39","TIC 14770122",3.54387000000,0.00000500000,-0.00000500000,"<a refstr=HARTMAN_ET_AL__2012 href=https://ui.adsabs.harvard.edu/abs/2012AJ....144..139H/abstract target=ref> Hartman et al. 2012 </a>",2455208.75049000,"<a refstr=HARTMAN_ET_AL__2012 href=https://ui.adsabs.harvard.edu/abs/2012AJ....144..139H/abstract target=ref> Hartman et al. 2012 </a>",0.99900000,"<a refstr=HARTMAN_ET_AL__2012 href=https://ui.adsabs.harvard.edu/abs/2012AJ....144..139H/abstract target=ref> Hartman et al. 2012 </a>",4.1880000,"<a refstr=HARTMAN_ET_AL__2012 href=https://ui.adsabs.harvard.edu/abs/2012AJ....144..139H/abstract target=ref> Hartman et al. 2012 </a>",17.60900000,11.8887000,1,1.625000,1.404000,1,"HATNet"
"CoRoT-2 b","CoRoT-2","TIC 391958006",1.74299350000,0.00000100000,-0.00000100000,"<a refstr=GILLON_ET_AL__2010 href=https://ui.adsabs.harvard.edu/abs/2010A&A...511A...3G/abstract target=ref> Gillon et al. 2010 </a>",2454237.53556000,"<a refstr=GILLON_ET_AL__2010 href=https://ui.adsabs.harvard.edu/abs/2010A&A...511A...3G/abstract target=ref> Gillon et al. 2010 </a>",2.75000000,"<a refstr=GILLON_ET_AL__2010 href=https://ui.adsabs.harvard.edu/abs/2010A&A...511A...3G/abstract target=ref> Gillon et al. 2010 </a>",2.2670400,"<a refstr=GILLON_ET_AL__2010 href=https://ui.adsabs.harvard.edu/abs/2010A&A...511A...3G/abstract target=ref> Gillon et al. 2010 </a>",16.43200000,11.6659000,1,0.906000,0.960000,1,"CoRoT"
"TOI-1272 b","TOI-1272","TIC 417948359",3.31597650000,0.00000150000,-0.00000150000,"<a refstr=MANCINI_ET_AL_2026 href=https://ui.adsabs.harvard.edu/abs/2026A&A...712A.147M/abstract target=ref>Mancini et al. 2026</a>",2458713.03098000,"<a refstr=MANCINI_ET_AL_2026 href=https://ui.adsabs.harvard.edu/abs/2026A&A...712A.147M/abstract target=ref>Mancini et al. 2026</a>",0.27700000,"<a refstr=EXOFOP href=https://exofop.ipac.caltech.edu/tess/view_toi.php target=ref>ExoFOP</a>",1.5210000,"<a refstr=MANCINI_ET_AL_2026 href=https://ui.adsabs.harvard.edu/abs/2026A&A...712A.147M/abstract target=ref>Mancini et al. 2026</a>",4.26000000,11.0244000,1,0.800000,0.828000,1,"Transiting Exoplanet Survey Satellite (TESS)"
"Kepler-63 b","Kepler-63","TIC 299158887",9.43415050000,0.00000100000,-0.00000100000,"<a refstr=SANCHIS_OJEDA_ET_AL__2013 href=https://ui.adsabs.harvard.edu/abs/2013ApJ...775...54S/abstract target=ref> Sanchis-Ojeda et al. 2013 </a>",2455010.84307000,"<a refstr=SANCHIS_OJEDA_ET_AL__2013 href=https://ui.adsabs.harvard.edu/abs/2013ApJ...775...54S/abstract target=ref> Sanchis-Ojeda et al. 2013 </a>",0.40243000,"<a refstr=Q1_Q17_DR24_KOI_TABLE href=https://exoplanetarchive.ipac.caltech.edu/docs/Kepler_KOI_docs.html target=ref>Q1-Q17 DR24 KOI Table</a>",2.9030000,"<a refstr=SANCHIS_OJEDA_ET_AL__2013 href=https://ui.adsabs.harvard.edu/abs/2013ApJ...775...54S/abstract target=ref> Sanchis-Ojeda et al. 2013 </a>",6.11000000,11.0579000,1,0.901000,0.984000,1,"Kepler"
"HAT-P-27 b","HAT-P-27","TIC 461239485",3.03957700000,0.00000500000,-0.00000600000,"<a refstr=BROWN_ET_AL__2012 href=https://ui.adsabs.harvard.edu/abs/2012ApJ...760..139B/abstract target=ref> Brown et al. 2012 </a>",2455407.90880000,"<a refstr=BROWN_ET_AL__2012 href=https://ui.adsabs.harvard.edu/abs/2012ApJ...760..139B/abstract target=ref> Brown et al. 2012 </a>",1.43000000,"<a refstr=BROWN_ET_AL__2012 href=https://ui.adsabs.harvard.edu/abs/2012ApJ...760..139B/abstract target=ref> Brown et al. 2012 </a>",1.6800000,"<a refstr=BROWN_ET_AL__2012 href=https://ui.adsabs.harvard.edu/abs/2012ApJ...760..139B/abstract target=ref> Brown et al. 2012 </a>",11.43000000,11.4063000,1,0.864673,0.916000,1,"HATNet"
"TOI-4438 b","TOI-4438","TIC 22233480",7.44629500000,0.00000600000,-0.00000600000,"<a refstr=SERRANO_BELL_ET_AL_2026 href=https://ui.adsabs.harvard.edu/abs/2026arXiv260713333S/abstract target=ref>Serrano Bell et al. 2026</a>",2459396.41069000,"<a refstr=SERRANO_BELL_ET_AL_2026 href=https://ui.adsabs.harvard.edu/abs/2026arXiv260713333S/abstract target=ref>Serrano Bell et al. 2026</a>",0.40457242,"<a refstr=EXOFOP href=https://exofop.ipac.caltech.edu/tess/view_toi.php target=ref>ExoFOP</a>",1.9200000,"<a refstr=SERRANO_BELL_ET_AL_2026 href=https://ui.adsabs.harvard.edu/abs/2026arXiv260713333S/abstract target=ref>Serrano Bell et al. 2026</a>",2.40000000,11.2695000,1,0.365000,0.345000,1,"Transiting Exoplanet Survey Satellite (TESS)"
"KOI-13 b","KOI-13","TIC 158324245",1.76358800000,0.00000100000,-0.00000100000,"<a refstr=ESTEVES_ET_AL__2015 href=https://ui.adsabs.harvard.edu/abs/2015ApJ...804..150E/abstract target=ref>Esteves et al. 2015</a>",2454953.56596000,"<a refstr=ESTEVES_ET_AL__2015 href=https://ui.adsabs.harvard.edu/abs/2015ApJ...804..150E/abstract target=ref>Esteves et al. 2015</a>",0.45906000,"<a refstr=Q1_Q17_DR25_KOI_TABLE href=https://exoplanetarchive.ipac.caltech.edu/docs/Kepler_KOI_docs.html target=ref>Q1-Q17 DR25 KOI Table</a>",3.1687700,"<a refstr=Q1_Q17_DR25_KOI_TABLE href=https://exoplanetarchive.ipac.caltech.edu/docs/Kepler_KOI_docs.html target=ref>Q1-Q17 DR25 KOI Table</a>",16.94800800,10.2306000,1,1.740000,1.720000,1,"Kepler"
"WASP-42 b","WASP-42","TIC 248075138",4.98168190000,0.00000110000,-0.00000110000,"<a refstr=SOUTHWORTH_ET_AL__2016 href=https://ui.adsabs.harvard.edu/abs/2016MNRAS.457.4205S/abstract target=ref>Southworth et al. 2016</a>",2455650.56728000,"<a refstr=SOUTHWORTH_ET_AL__2016 href=https://ui.adsabs.harvard.edu/abs/2016MNRAS.457.4205S/abstract target=ref>Southworth et al. 2016</a>",1.81100000,"<a refstr=EXOFOP href=https://exofop.ipac.caltech.edu/tess/view_toi.php target=ref>ExoFOP</a>",2.8903200,"<a refstr=LENDL_ET_AL__2012 href=https://ui.adsabs.harvard.edu/abs/2012A%26A...544A..72L/abstract target=ref> Lendl et al. 2012 </a>",12.57649800,11.3728000,1,0.892000,0.951000,1,"SuperWASP"
"K2-29 b","K2-29","TIC 56399553",3.25883210000,0.00000190000,-0.00000190000,"<a refstr=SANTERNE_ET_AL__2016 href=https://ui.adsabs.harvard.edu/abs/2016ApJ...824...55S/abstract target=ref>Santerne et al. 2016</a>",2453219.00950000,"<a refstr=SANTERNE_ET_AL__2016 href=https://ui.adsabs.harvard.edu/abs/2016ApJ...824...55S/abstract target=ref>Santerne et al. 2016</a>",1.90110000,"<a refstr=KRUSE_ET_AL__2019 href=https://ui.adsabs.harvard.edu/abs/2019ApJS..244...11K/abstract target=ref>Kruse et al. 2019</a>",2.2200000,"<a refstr=SANTERNE_ET_AL__2016 href=https://ui.adsabs.harvard.edu/abs/2016ApJ...824...55S/abstract target=ref>Santerne et al. 2016</a>",13.33871000,11.5476000,1,0.860000,0.940000,1,"K2"
"HAT-P-50 b","HAT-P-50","TIC 17746821",3.12201090000,0.00000650000,-0.00000650000,"<a refstr=HARTMAN_ET_AL__2015 href=https://ui.adsabs.harvard.edu/abs/2015AJ....150..168H/abstract target=ref>Hartman et al. 2015</a>",2456285.90993000,"<a refstr=HARTMAN_ET_AL__2015 href=https://ui.adsabs.harvard.edu/abs/2015AJ....150..168H/abstract target=ref>Hartman et al. 2015</a>",0.63049170,"<a refstr=EXOFOP href=https://exofop.ipac.caltech.edu/tess/view_toi.php target=ref>ExoFOP</a>",3.6744000,"<a refstr=HARTMAN_ET_AL__2015 href=https://ui.adsabs.harvard.edu/abs/2015AJ....150..168H/abstract target=ref>Hartman et al. 2015</a>",14.43719200,11.3155000,1,1.698000,1.273000,1,"HATNet"
"WASP-93 b","WASP-93","TIC 240681314",2.73253210000,0.00000200000,-0.00000200000,"<a refstr=HAY_ET_AL__2016 href=https://ui.adsabs.harvard.edu/abs/2016MNRAS.463.3276H/abstract target=ref>Hay et al. 2016</a>",2456079.56420000,"<a refstr=HAY_ET_AL__2016 href=https://ui.adsabs.harvard.edu/abs/2016MNRAS.463.3276H/abstract target=ref>Hay et al. 2016</a>",1.09700000,"<a refstr=HAY_ET_AL__2016 href=https://ui.adsabs.harvard.edu/abs/2016MNRAS.463.3276H/abstract target=ref>Hay et al. 2016</a>",2.2344000,"<a refstr=HAY_ET_AL__2016 href=https://ui.adsabs.harvard.edu/abs/2016MNRAS.463.3276H/abstract target=ref>Hay et al. 2016</a>",17.90077300,10.6496000,1,1.524000,1.334000,1,"SuperWASP"
"Qatar-1 b","Qatar-1","TIC 236887394",1.42002420000,0.00000022000,-0.00000022000,"<a refstr=COLLINS_ET_AL__2017 href=https://ui.adsabs.harvard.edu/abs/2017AJ....153...78C/abstract target=ref>Collins et al. 2017</a>",2456234.10321800,"<a refstr=COLLINS_ET_AL__2017 href=https://ui.adsabs.harvard.edu/abs/2017AJ....153...78C/abstract target=ref>Collins et al. 2017</a>",2.14000000,"<a refstr=COLLINS_ET_AL__2017 href=https://ui.adsabs.harvard.edu/abs/2017AJ....153...78C/abstract target=ref>Collins et al. 2017</a>",1.6610400,"<a refstr=COLLINS_ET_AL__2017 href=https://ui.adsabs.harvard.edu/abs/2017AJ....153...78C/abstract target=ref>Collins et al. 2017</a>",12.81188700,11.8478000,1,0.803000,0.838000,1,"Qatar"
"WASP-90 b","WASP-90","TIC 459730973",3.91624300000,0.00000300000,-0.00000300000,"<a refstr=WEST_ET_AL__2016 href=https://ui.adsabs.harvard.edu/abs/2016A&A...585A.126W/abstract target=ref>West et al. 2016</a>",2456235.56390000,"<a refstr=WEST_ET_AL__2016 href=https://ui.adsabs.harvard.edu/abs/2016A&A...585A.126W/abstract target=ref>West et al. 2016</a>",0.71000000,"<a refstr=WEST_ET_AL__2016 href=https://ui.adsabs.harvard.edu/abs/2016A&A...585A.126W/abstract target=ref>West et al. 2016</a>",3.3552000,"<a refstr=WEST_ET_AL__2016 href=https://ui.adsabs.harvard.edu/abs/2016A&A...585A.126W/abstract target=ref>West et al. 2016</a>",18.27067000,11.0700000,1,1.980000,1.550000,1,"SuperWASP"
"Kepler-447 b","Kepler-447","TIC 48506505",7.79430132000,0.00000182000,-0.00000182000,"<a refstr=LILLO_BOX_ET_AL__2015 href=https://ui.adsabs.harvard.edu/abs/2015A&A...577A.105L/abstract target=ref>Lillo-Box et al. 2015</a>",2454970.25977800,"<a refstr=LILLO_BOX_ET_AL__2015 href=https://ui.adsabs.harvard.edu/abs/2015A&A...577A.105L/abstract target=ref>Lillo-Box et al. 2015</a>",0.33874000,"<a refstr=Q1_Q17_DR25_KOI_TABLE href=https://exoplanetarchive.ipac.caltech.edu/docs/Kepler_KOI_docs.html target=ref>Q1-Q17 DR25 KOI Table</a>",1.1350000,"<a refstr=LILLO_BOX_ET_AL__2015 href=https://ui.adsabs.harvard.edu/abs/2015A&A...577A.105L/abstract target=ref>Lillo-Box et al. 2015</a>",18.49000000,11.8933000,1,1.050000,1.000000,1,"Kepler"
"HATS-30 b","HATS-30","TIC 281459670",3.17435160000,0.00000260000,-0.00000260000,"<a refstr=ESPINOZA_ET_AL__2016 href=https://ui.adsabs.harvard.edu/abs/2016AJ....152..108E/abstract target=ref>Espinoza et al. 2016</a>",2456629.76156000,"<a refstr=ESPINOZA_ET_AL__2016 href=https://ui.adsabs.harvard.edu/abs/2016AJ....152..108E/abstract target=ref>Espinoza et al. 2016</a>",1.54573248,"<a refstr=EXOFOP href=https://exofop.ipac.caltech.edu/tess/view_toi.php target=ref>ExoFOP</a>",2.7504000,"<a refstr=ESPINOZA_ET_AL__2016 href=https://ui.adsabs.harvard.edu/abs/2016AJ....152..108E/abstract target=ref>Espinoza et al. 2016</a>",13.17057500,11.6714000,1,1.061000,1.093000,1,"HATSouth"
"WASP-85 A b","WASP-85 A","TIC 380619414",2.65567770000,0.00000044000,-0.00000044000,"<a refstr=MO__X10D_NIK_ET_AL__2016 href=https://ui.adsabs.harvard.edu/abs/2016AJ....151..150M/abstract target=ref>Mo&#x10D;nik et al. 2016</a>",2456847.47285600,"<a refstr=MO__X10D_NIK_ET_AL__2016 href=https://ui.adsabs.harvard.edu/abs/2016AJ....151..150M/abstract target=ref>Mo&#x10D;nik et al. 2016</a>",1.87000000,"<a refstr=MO__X10D_NIK_ET_AL__2016 href=https://ui.adsabs.harvard.edu/abs/2016AJ....151..150M/abstract target=ref>Mo&#x10D;nik et al. 2016</a>",2.5958400,"<a refstr=MO__X10D_NIK_ET_AL__2016 href=https://ui.adsabs.harvard.edu/abs/2016AJ....151..150M/abstract target=ref>Mo&#x10D;nik et al. 2016</a>",13.89916000,10.1500000,1,0.935000,1.090000,1,"K2"
"WASP-113 b","WASP-113","TIC 310003988",4.54216874538,0.00000420000,-0.00000420000,"<a refstr=BARROS_ET_AL__2016 href=https://ui.adsabs.harvard.edu/abs/2016A&A...593A.113B/abstract target=ref>Barros et al. 2016</a>",2457197.09745900,"<a refstr=BARROS_ET_AL__2016 href=https://ui.adsabs.harvard.edu/abs/2016A&A...593A.113B/abstract target=ref>Barros et al. 2016</a>",0.80900000,"<a refstr=BARROS_ET_AL__2016 href=https://ui.adsabs.harvard.edu/abs/2016A&A...593A.113B/abstract target=ref>Barros et al. 2016</a>",4.2984000,"<a refstr=BARROS_ET_AL__2016 href=https://ui.adsabs.harvard.edu/abs/2016A&A...593A.113B/abstract target=ref>Barros et al. 2016</a>",15.79348100,11.1910000,1,1.608000,1.318000,1,"SuperWASP-North"
"KELT-10 b","KELT-10","TIC 269217040",4.16627390000,0.00000630000,-0.00000630000,"<a refstr=KUHN_ET_AL__2016 href=https://ui.adsabs.harvard.edu/abs/2016MNRAS.459.4281K/abstract target=ref>Kuhn et al. 2016</a>",2457066.72045000,"<a refstr=KUHN_ET_AL__2016 href=https://ui.adsabs.harvard.edu/abs/2016MNRAS.459.4281K/abstract target=ref>Kuhn et al. 2016</a>",1.41600000,"<a refstr=KUHN_ET_AL__2016 href=https://ui.adsabs.harvard.edu/abs/2016MNRAS.459.4281K/abstract target=ref>Kuhn et al. 2016</a>",3.7440000,"<a refstr=KUHN_ET_AL__2016 href=https://ui.adsabs.harvard.edu/abs/2016MNRAS.459.4281K/abstract target=ref>Kuhn et al. 2016</a>",15.68139100,10.2748000,1,1.209000,1.112000,1,"KELT-South"
"WASP-129 b","WASP-129","TIC 61538902",5.74814500000,0.00000400000,-0.00000400000,"<a refstr=MAXTED_ET_AL__2016 href=https://ui.adsabs.harvard.edu/abs/2016A&A...591A..55M/abstract target=ref>Maxted et al. 2016</a>",2457027.43730000,"<a refstr=MAXTED_ET_AL__2016 href=https://ui.adsabs.harvard.edu/abs/2016A&A...591A..55M/abstract target=ref>Maxted et al. 2016</a>",1.22594473,"<a refstr=EXOFOP href=https://exofop.ipac.caltech.edu/tess/view_toi.php target=ref>ExoFOP</a>",2.6856000,"<a refstr=MAXTED_ET_AL__2016 href=https://ui.adsabs.harvard.edu/abs/2016A&A...591A..55M/abstract target=ref>Maxted et al. 2016</a>",10.42437000,11.3743000,1,0.900000,1.000000,1,"SuperWASP-South"
"K2-178 b","K2-178","TIC 26078330",8.74781800000,0.00036300000,-0.00035800000,"<a refstr=MAYO_ET_AL__2018 href=https://ui.adsabs.harvard.edu/abs/2018AJ....155..136M/abstract target=ref>Mayo et al. 2018</a>",2457070.33656000,"<a refstr=MAYO_ET_AL__2018 href=https://ui.adsabs.harvard.edu/abs/2018AJ....155..136M/abstract target=ref>Mayo et al. 2018</a>",0.14490000,"<a refstr=KRUSE_ET_AL__2019 href=https://ui.adsabs.harvard.edu/abs/2019ApJS..244...11K/abstract target=ref>Kruse et al. 2019</a>",3.4272000,"<a refstr=KRUSE_ET_AL__2019 href=https://ui.adsabs.harvard.edu/abs/2019ApJS..244...11K/abstract target=ref>Kruse et al. 2019</a>",3.55790985,11.5840000,1,0.887267,0.951090,1,"K2"
"WASP-81 b","WASP-81","TIC 399402994",2.71647620000,0.00000230000,-0.00000230000,"<a refstr=TRIAUD_ET_AL__2017 href=https://ui.adsabs.harvard.edu/abs/2017MNRAS.467.1714T/abstract target=ref>Triaud et al. 2017</a>",2456195.57462000,"<a refstr=TRIAUD_ET_AL__2017 href=https://ui.adsabs.harvard.edu/abs/2017MNRAS.467.1714T/abstract target=ref>Triaud et al. 2017</a>",1.45274470,"<a refstr=EXOFOP href=https://exofop.ipac.caltech.edu/tess/view_toi.php target=ref>ExoFOP</a>",3.5299033,"<a refstr=EXOFOP href=https://exofop.ipac.caltech.edu/tess/view_toi.php target=ref>ExoFOP</a>",16.01766100,11.8886000,1,1.283000,1.080000,1,"Multiple Facilities"
"WASP-91 b","WASP-91","TIC 238176110",2.79858100000,0.00000300000,-0.00000300000,"<a refstr=ANDERSON_ET_AL__2017 href=https://ui.adsabs.harvard.edu/abs/2017A&A...604A.110A/abstract target=ref>Anderson et al. 2017</a>",2456297.71900000,"<a refstr=ANDERSON_ET_AL__2017 href=https://ui.adsabs.harvard.edu/abs/2017A&A...604A.110A/abstract target=ref>Anderson et al. 2017</a>",1.50000000,"<a refstr=ANDERSON_ET_AL__2017 href=https://ui.adsabs.harvard.edu/abs/2017A&A...604A.110A/abstract target=ref>Anderson et al. 2017</a>",2.3424000,"<a refstr=ANDERSON_ET_AL__2017 href=https://ui.adsabs.harvard.edu/abs/2017A&A...604A.110A/abstract target=ref>Anderson et al. 2017</a>",11.54527000,11.0443000,1,0.860000,0.840000,1,"SuperWASP-South"
"WASP-105 b","WASP-105","TIC 158623531",7.87288000000,0.00001000000,-0.00001000000,"<a refstr=ANDERSON_ET_AL__2017 href=https://ui.adsabs.harvard.edu/abs/2017A&A...604A.110A/abstract target=ref>Anderson et al. 2017</a>",2456600.07650000,"<a refstr=ANDERSON_ET_AL__2017 href=https://ui.adsabs.harvard.edu/abs/2017A&A...604A.110A/abstract target=ref>Anderson et al. 2017</a>",1.20000000,"<a refstr=ANDERSON_ET_AL__2017 href=https://ui.adsabs.harvard.edu/abs/2017A&A...604A.110A/abstract target=ref>Anderson et al. 2017</a>",3.7200000,"<a refstr=ANDERSON_ET_AL__2017 href=https://ui.adsabs.harvard.edu/abs/2017A&A...604A.110A/abstract target=ref>Anderson et al. 2017</a>",10.76064000,11.2794000,1,0.900000,0.890000,1,"SuperWASP-South"
"K2-31 b","K2-31","TIC 50171060",1.25785000000,0.00000200000,-0.00000200000,"<a refstr=GRZIWA_ET_AL__2016 href=https://ui.adsabs.harvard.edu/abs/2016AJ....152..132G/abstract target=ref>Grziwa et al. 2016</a>",2457191.70889000,"<a refstr=GRZIWA_ET_AL__2016 href=https://ui.adsabs.harvard.edu/abs/2016AJ....152..132G/abstract target=ref>Grziwa et al. 2016</a>",0.73853107,"<a refstr=EXOFOP href=https://exofop.ipac.caltech.edu/tess/view_toi.php target=ref>ExoFOP</a>",0.9816000,"<a refstr=GRZIWA_ET_AL__2016 href=https://ui.adsabs.harvard.edu/abs/2016AJ....152..132G/abstract target=ref>Grziwa et al. 2016</a>",11.88154000,10.0198000,1,0.780000,0.910000,1,"K2"
"KELT-21 b","KELT-21","TIC 203189770",3.61276470000,0.00000330000,-0.00000330000,"<a refstr=JOHNSON_ET_AL__2018 href=https://ui.adsabs.harvard.edu/abs/2018AJ....155..100J/abstract target=ref>Johnson et al. 2018</a>",2457295.93434000,"<a refstr=JOHNSON_ET_AL__2018 href=https://ui.adsabs.harvard.edu/abs/2018AJ....155..100J/abstract target=ref>Johnson et al. 2018</a>",0.99000000,"<a refstr=JOHNSON_ET_AL__2018 href=https://ui.adsabs.harvard.edu/abs/2018AJ....155..100J/abstract target=ref>Johnson et al. 2018</a>",4.1054400,"<a refstr=JOHNSON_ET_AL__2018 href=https://ui.adsabs.harvard.edu/abs/2018AJ....155..100J/abstract target=ref>Johnson et al. 2018</a>",17.77747400,10.4219000,1,1.638000,1.458000,1,"KELT-North"
"KELT-18 b","KELT-18","TIC 293687315",2.87175180000,0.00000280000,-0.00000280000,"<a refstr=MCLEOD_ET_AL__2017 href=https://ui.adsabs.harvard.edu/abs/2017AJ....153..263M/abstract target=ref>McLeod et al. 2017</a>",2457542.52504000,"<a refstr=MCLEOD_ET_AL__2017 href=https://ui.adsabs.harvard.edu/abs/2017AJ....153..263M/abstract target=ref>McLeod et al. 2017</a>",0.71600000,"<a refstr=MCLEOD_ET_AL__2017 href=https://ui.adsabs.harvard.edu/abs/2017AJ....153..263M/abstract target=ref>McLeod et al. 2017</a>",4.6440000,"<a refstr=MCLEOD_ET_AL__2017 href=https://ui.adsabs.harvard.edu/abs/2017AJ....153..263M/abstract target=ref>McLeod et al. 2017</a>",17.59813000,9.8230000,1,1.908000,1.524000,1,"KELT-North"
"XO-6 b","XO-6","TIC 138168780",3.76500070000,0.00000810000,-0.00000810000,"<a refstr=CROUZET_ET_AL__2017 href=https://ui.adsabs.harvard.edu/abs/2017AJ....153...94C/abstract target=ref>Crouzet et al. 2017</a>",2456652.71245000,"<a refstr=CROUZET_ET_AL__2017 href=https://ui.adsabs.harvard.edu/abs/2017AJ....153...94C/abstract target=ref>Crouzet et al. 2017</a>",1.47350000,"<a refstr=EXOFOP href=https://exofop.ipac.caltech.edu/tess/view_toi.php target=ref>ExoFOP</a>",2.9000000,"<a refstr=CROUZET_ET_AL__2017 href=https://ui.adsabs.harvard.edu/abs/2017AJ....153...94C/abstract target=ref>Crouzet et al. 2017</a>",23.20263000,9.8827800,1,1.930000,1.470000,1,"XO"
"WASP-58 b","WASP-58","TIC 424435940",5.01718000000,0.00001100000,-0.00001100000,"<a refstr=STASSUN_ET_AL__2017 href=https://ui.adsabs.harvard.edu/abs/2017AJ....153..136S/abstract target=ref>Stassun et al. 2017</a>",2458986.98151000,"<a refstr=KOKORI_ET_AL__2023 href=https://ui.adsabs.harvard.edu/abs/2023ApJS..265....4K/abstract target=ref>Kokori et al. 2023</a>",1.40000000,"<a refstr=STASSUN_ET_AL__2017 href=https://ui.adsabs.harvard.edu/abs/2017AJ....153..136S/abstract target=ref>Stassun et al. 2017</a>",3.7363301,"<a refstr=EXOFOP href=https://exofop.ipac.caltech.edu/tess/view_toi.php target=ref>ExoFOP</a>",16.02887000,11.2311000,1,1.220000,1.060000,1,"SuperWASP"
"WASP-72 b","WASP-72","TIC 122612091",2.21673000000,0.00000200000,-0.00000200000,"<a refstr=STASSUN_ET_AL__2017 href=https://ui.adsabs.harvard.edu/abs/2017AJ....153..136S/abstract target=ref>Stassun et al. 2017</a>",2458789.06301000,"<a refstr=KOKORI_ET_AL__2023 href=https://ui.adsabs.harvard.edu/abs/2023ApJS..265....4K/abstract target=ref>Kokori et al. 2023</a>",0.37000000,"<a refstr=STASSUN_ET_AL__2017 href=https://ui.adsabs.harvard.edu/abs/2017AJ....153..136S/abstract target=ref>Stassun et al. 2017</a>",3.8789472,"<a refstr=EXOFOP href=https://exofop.ipac.caltech.edu/tess/view_toi.php target=ref>ExoFOP</a>",14.45961000,10.4614000,1,2.180000,2.780000,1,"SuperWASP"
"HAT-P-49 b","HAT-P-49","TIC 99224131",2.69155000000,0.00000600000,-0.00000600000,"<a refstr=STASSUN_ET_AL__2017 href=https://ui.adsabs.harvard.edu/abs/2017AJ....153..136S/abstract target=ref>Stassun et al. 2017</a>",2458684.75534000,"<a refstr=IVSHINA__AMP__WINN_2022 href=https://ui.adsabs.harvard.edu/abs/2022ApJS..259...62I/abstract target=ref>Ivshina &amp; Winn 2022</a>",0.63000000,"<a refstr=STASSUN_ET_AL__2017 href=https://ui.adsabs.harvard.edu/abs/2017AJ....153..136S/abstract target=ref>Stassun et al. 2017</a>",4.1088000,"<a refstr=BOURRIER_ET_AL__2023 href=https://ui.adsabs.harvard.edu/abs/2023A&A...669A..63B/abstract target=ref>Bourrier et al. 2023</a>",17.82231000,9.9322500,1,2.060000,2.220000,1,"HATNet"
"WASP-11 b","WASP-11","TIC 85593751",3.72247000000,0.00000700000,-0.00000700000,"<a refstr=STASSUN_ET_AL__2017 href=https://ui.adsabs.harvard.edu/abs/2017AJ....153..136S/abstract target=ref>Stassun et al. 2017</a>",2456933.61531600,"<a refstr=YALCINKAYA_ET_AL_2024 href=https://ui.adsabs.harvard.edu/abs/2024MNRAS.530.2475Y/abstract target=ref>Yal&ccedil;&#x131;nkaya et al. 2024</a>",1.60000000,"<a refstr=STASSUN_ET_AL__2017 href=https://ui.adsabs.harvard.edu/abs/2017AJ....153..136S/abstract target=ref>Stassun et al. 2017</a>",2.5560000,"<a refstr=WEST_ET_AL__2009 href=https://ui.adsabs.harvard.edu/abs/2009A&A...502..395W/abstract target=ref> West et al. 2009 </a>",12.44199000,10.9332000,1,0.890000,1.420000,1,"SuperWASP"
"WASP-13 b","WASP-13","TIC 8767448",4.35301000000,0.00000300000,-0.00000300000,"<a refstr=STASSUN_ET_AL__2017 href=https://ui.adsabs.harvard.edu/abs/2017AJ....153..136S/abstract target=ref>Stassun et al. 2017</a>",2458883.80332000,"<a refstr=PATEL__AMP__ESPINOZA_2022 href=https://ui.adsabs.harvard.edu/abs/2022AJ....163..228P/abstract target=ref>Patel &amp; Espinoza 2022</a>",0.84000000,"<a refstr=STASSUN_ET_AL__2017 href=https://ui.adsabs.harvard.edu/abs/2017AJ....153..136S/abstract target=ref>Stassun et al. 2017</a>",4.0030000,"<a refstr=BROTHWELL_ET_AL__2014 href=https://ui.adsabs.harvard.edu/abs/2014MNRAS.440.3392B/abstract target=ref>Brothwell et al. 2014</a>",13.67498000,9.9811100,1,1.370000,0.720000,1,"SuperWASP"
"WASP-95 b","WASP-95","TIC 144065872",2.18467000000,0.00000100000,-0.00000100000,"<a refstr=STASSUN_ET_AL__2017 href=https://ui.adsabs.harvard.edu/abs/2017AJ....153..136S/abstract target=ref>Stassun et al. 2017</a>",2458326.50580300,"<a refstr=IVSHINA__AMP__WINN_2022 href=https://ui.adsabs.harvard.edu/abs/2022ApJS..259...62I/abstract target=ref>Ivshina &amp; Winn 2022</a>",1.00000000,"<a refstr=STASSUN_ET_AL__2017 href=https://ui.adsabs.harvard.edu/abs/2017AJ....153..136S/abstract target=ref>Stassun et al. 2017</a>",2.7840000,"<a refstr=HELLIER_ET_AL__2014 href=https://ui.adsabs.harvard.edu/abs/2014MNRAS.440.1982H/abstract target=ref> Hellier et al. 2014 </a>",13.78707000,9.4995000,1,1.230000,1.460000,1,"SuperWASP"
"WASP-97 b","WASP-97","TIC 230982885",2.07276000000,0.00000100000,-0.00000100000,"<a refstr=STASSUN_ET_AL__2017 href=https://ui.adsabs.harvard.edu/abs/2017AJ....153..136S/abstract target=ref>Stassun et al. 2017</a>",2458355.49042400,"<a refstr=EXOFOP href=https://exofop.ipac.caltech.edu/tess/view_toi.php target=ref>ExoFOP</a>",1.20000000,"<a refstr=STASSUN_ET_AL__2017 href=https://ui.adsabs.harvard.edu/abs/2017AJ....153..136S/abstract target=ref>Stassun et al. 2017</a>",2.5824000,"<a refstr=HELLIER_ET_AL__2014 href=https://ui.adsabs.harvard.edu/abs/2014MNRAS.440.1982H/abstract target=ref> Hellier et al. 2014 </a>",12.77826000,9.9696000,1,1.080000,1.180000,1,"SuperWASP"
"WASP-14 b","WASP-14","TIC 347430350",2.24375000000,0.00001000000,-0.00001000000,"<a refstr=STASSUN_ET_AL__2017 href=https://ui.adsabs.harvard.edu/abs/2017AJ....153..136S/abstract target=ref>Stassun et al. 2017</a>",2455643.79792000,"<a refstr=KOKORI_ET_AL__2022 href=https://ui.adsabs.harvard.edu/abs/2022ApJS..258...40K/abstract target=ref>Kokori et al. 2022</a>",1.00000000,"<a refstr=STASSUN_ET_AL__2017 href=https://ui.adsabs.harvard.edu/abs/2017AJ....153..136S/abstract target=ref>Stassun et al. 2017</a>",2.5740000,"<a refstr=EXOFOP href=https://exofop.ipac.caltech.edu/tess/view_toi.php target=ref>ExoFOP</a>",15.46842000,9.3242300,1,1.400000,1.620000,1,"SuperWASP"
"WASP-101 b","WASP-101","TIC 47911178",3.58572000000,0.00000400000,-0.00000400000,"<a refstr=STASSUN_ET_AL__2017 href=https://ui.adsabs.harvard.edu/abs/2017AJ....153..136S/abstract target=ref>Stassun et al. 2017</a>",2458387.83252200,"<a refstr=KOKORI_ET_AL__2023 href=https://ui.adsabs.harvard.edu/abs/2023ApJS..265....4K/abstract target=ref>Kokori et al. 2023</a>",1.30000000,"<a refstr=STASSUN_ET_AL__2017 href=https://ui.adsabs.harvard.edu/abs/2017AJ....153..136S/abstract target=ref>Stassun et al. 2017</a>",2.7072065,"<a refstr=EXOFOP href=https://exofop.ipac.caltech.edu/tess/view_toi.php target=ref>ExoFOP</a>",16.02887000,9.7905900,1,1.310000,1.410000,1,"SuperWASP"
"WASP-22 b","WASP-22","TIC 257567854",3.53269000000,0.00001000000,-0.00001000000,"<a refstr=STASSUN_ET_AL__2017 href=https://ui.adsabs.harvard.edu/abs/2017AJ....153..136S/abstract target=ref>Stassun et al. 2017</a>",2456850.43601000,"<a refstr=KOKORI_ET_AL__2023 href=https://ui.adsabs.harvard.edu/abs/2023ApJS..265....4K/abstract target=ref>Kokori et al. 2023</a>",1.00000000,"<a refstr=STASSUN_ET_AL__2017 href=https://ui.adsabs.harvard.edu/abs/2017AJ....153..136S/abstract target=ref>Stassun et al. 2017</a>",3.4802400,"<a refstr=ANDERSON_ET_AL__2011 href=https://ui.adsabs.harvard.edu/abs/2011A%26A...534A..16A/abstract target=ref> Anderson et al. 2011 </a>",13.78707000,11.1850000,1,1.240000,1.460000,1,"SuperWASP"
"WASP-82 b","WASP-82","TIC 452808876",2.70579000000,0.00000200000,-0.00000200000,"<a refstr=STASSUN_ET_AL__2017 href=https://ui.adsabs.harvard.edu/abs/2017AJ....153..136S/abstract target=ref>Stassun et al. 2017</a>",2458217.09214000,"<a refstr=KOKORI_ET_AL__2023 href=https://ui.adsabs.harvard.edu/abs/2023ApJS..265....4K/abstract target=ref>Kokori et al. 2023</a>",0.63000000,"<a refstr=STASSUN_ET_AL__2017 href=https://ui.adsabs.harvard.edu/abs/2017AJ....153..136S/abstract target=ref>Stassun et al. 2017</a>",4.9920000,"<a refstr=SMITH_2015 href=https://ui.adsabs.harvard.edu/abs/2015AcA....65..117S/abstract target=ref>Smith 2015</a>",18.15858000,9.5389610,1,2.100000,1.480000,1,"SuperWASP"
"WASP-29 b","WASP-29","TIC 183537452",3.92273000000,0.00000400000,-0.00000400000,"<a refstr=STASSUN_ET_AL__2017 href=https://ui.adsabs.harvard.edu/abs/2017AJ....153..136S/abstract target=ref>Stassun et al. 2017</a>",2457866.07613000,"<a refstr=KOKORI_ET_AL__2023 href=https://ui.adsabs.harvard.edu/abs/2023ApJS..265....4K/abstract target=ref>Kokori et al. 2023</a>",1.00000000,"<a refstr=STASSUN_ET_AL__2017 href=https://ui.adsabs.harvard.edu/abs/2017AJ....153..136S/abstract target=ref>Stassun et al. 2017</a>",2.6486400,"<a refstr=GIBSON_ET_AL__2013 href=https://ui.adsabs.harvard.edu/abs/2013MNRAS.428.3680G/abstract target=ref>Gibson et al. 2013</a>",8.63093000,10.2499000,1,0.790000,0.770000,1,"SuperWASP"
"WASP-26 b","WASP-26","TIC 32487566",2.75660000000,0.00001000000,-0.00001000000,"<a refstr=STASSUN_ET_AL__2017 href=https://ui.adsabs.harvard.edu/abs/2017AJ....153..136S/abstract target=ref>Stassun et al. 2017</a>",2456548.80037000,"<a refstr=IVSHINA__AMP__WINN_2022 href=https://ui.adsabs.harvard.edu/abs/2022ApJS..259...62I/abstract target=ref>Ivshina &amp; Winn 2022</a>",1.00000000,"<a refstr=STASSUN_ET_AL__2017 href=https://ui.adsabs.harvard.edu/abs/2017AJ....153..136S/abstract target=ref>Stassun et al. 2017</a>",2.3808565,"<a refstr=EXOFOP href=https://exofop.ipac.caltech.edu/tess/view_toi.php target=ref>ExoFOP</a>",13.56289000,10.5853000,1,1.220000,0.860000,1,"SuperWASP"
"HAT-P-22 b","HAT-P-22","TIC 252479260",3.21222000000,0.00000900000,-0.00000900000,"<a refstr=STASSUN_ET_AL__2017 href=https://ui.adsabs.harvard.edu/abs/2017AJ....153..136S/abstract target=ref>Stassun et al. 2017</a>",2458261.30598000,"<a refstr=KOKORI_ET_AL__2023 href=https://ui.adsabs.harvard.edu/abs/2023ApJS..265....4K/abstract target=ref>Kokori et al. 2023</a>",1.10000000,"<a refstr=STASSUN_ET_AL__2017 href=https://ui.adsabs.harvard.edu/abs/2017AJ....153..136S/abstract target=ref>Stassun et al. 2017</a>",2.6530000,"<a refstr=EXOFOP href=https://exofop.ipac.caltech.edu/tess/view_toi.php target=ref>ExoFOP</a>",12.89035000,9.0070000,1,1.110000,1.130000,1,"HATNet"
"HAT-P-24 b","HAT-P-24","TIC 440777904",3.35524000000,0.00000700000,-0.00000700000,"<a refstr=STASSUN_ET_AL__2017 href=https://ui.adsabs.harvard.edu/abs/2017AJ....153..136S/abstract target=ref>Stassun et al. 2017</a>",2458491.69571700,"<a refstr=EXOFOP href=https://exofop.ipac.caltech.edu/tess/view_toi.php target=ref>ExoFOP</a>",0.94000000,"<a refstr=STASSUN_ET_AL__2017 href=https://ui.adsabs.harvard.edu/abs/2017AJ....153..136S/abstract target=ref>Stassun et al. 2017</a>",3.6940000,"<a refstr=ALBRECHT_ET_AL__2012 href=https://ui.adsabs.harvard.edu/abs/2012ApJ...757...18A/abstract target=ref>Albrecht et al. 2012</a>",14.57170000,11.3072000,1,1.380000,1.370000,1,"HATNet"
"WASP-38 b","WASP-38","TIC 318696424",6.87188000000,0.00001000000,-0.00001000000,"<a refstr=STASSUN_ET_AL__2017 href=https://ui.adsabs.harvard.edu/abs/2017AJ....153..136S/abstract target=ref>Stassun et al. 2017</a>",2459005.51241000,"<a refstr=BORSATO_ET_AL_2021 href=https://ui.adsabs.harvard.edu/abs/2021MNRAS.506.3810B/abstract target=ref>Borsato et al. 2021</a>",0.69000000,"<a refstr=STASSUN_ET_AL__2017 href=https://ui.adsabs.harvard.edu/abs/2017AJ....153..136S/abstract target=ref>Stassun et al. 2017</a>",4.8070000,"<a refstr=BORSATO_ET_AL_2021 href=https://ui.adsabs.harvard.edu/abs/2021MNRAS.506.3810B/abstract target=ref>Borsato et al. 2021</a>",13.78707000,8.8362100,1,1.520000,1.760000,1,"SuperWASP"
"HAT-P-29 b","HAT-P-29","TIC 250707118",5.72319000000,0.00004900000,-0.00004900000,"<a refstr=STASSUN_ET_AL__2017 href=https://ui.adsabs.harvard.edu/abs/2017AJ....153..136S/abstract target=ref>Stassun et al. 2017</a>",2456210.61536000,"<a refstr=BONOMO_ET_AL__2017 href=https://ui.adsabs.harvard.edu/abs/2017A&A...602A.107B/abstract target=ref>Bonomo et al. 2017</a>",0.86000000,"<a refstr=STASSUN_ET_AL__2017 href=https://ui.adsabs.harvard.edu/abs/2017AJ....153..136S/abstract target=ref>Stassun et al. 2017</a>",3.8928000,"<a refstr=WANG_ET_AL__2018 href=https://ui.adsabs.harvard.edu/abs/2018AJ....156..181W/abstract target=ref>Wang et al. 2018</a>",13.11453000,11.2791000,1,1.300000,1.450000,1,"HATNet"
"WASP-48 b","WASP-48","TIC 284475976",2.14363000000,0.00000300000,-0.00000300000,"<a refstr=STASSUN_ET_AL__2017 href=https://ui.adsabs.harvard.edu/abs/2017AJ....153..136S/abstract target=ref>Stassun et al. 2017</a>",2456176.98991000,"<a refstr=KOKORI_ET_AL__2022 href=https://ui.adsabs.harvard.edu/abs/2022ApJS..258...40K/abstract target=ref>Kokori et al. 2022</a>",0.96000000,"<a refstr=STASSUN_ET_AL__2017 href=https://ui.adsabs.harvard.edu/abs/2017AJ....153..136S/abstract target=ref>Stassun et al. 2017</a>",3.1539349,"<a refstr=EXOFOP href=https://exofop.ipac.caltech.edu/tess/view_toi.php target=ref>ExoFOP</a>",16.81350000,11.1541000,1,1.580000,0.880000,1,"SuperWASP"
"HAT-P-5 b","HAT-P-5","TIC 76419763",2.78849000000,0.00002500000,-0.00002500000,"<a refstr=STASSUN_ET_AL__2017 href=https://ui.adsabs.harvard.edu/abs/2017AJ....153..136S/abstract target=ref>Stassun et al. 2017</a>",2455432.45510000,"<a refstr=WALLACK_ET_AL_2021 href=https://ui.adsabs.harvard.edu/abs/2021AJ....162...36W/abstract target=ref>Wallack et al. 2021</a>",1.20000000,"<a refstr=STASSUN_ET_AL__2017 href=https://ui.adsabs.harvard.edu/abs/2017AJ....153..136S/abstract target=ref>Stassun et al. 2017</a>",2.9462464,"<a refstr=EXOFOP href=https://exofop.ipac.caltech.edu/tess/view_toi.php target=ref>ExoFOP</a>",13.56289000,11.3998000,1,1.120000,1.040000,1,"HATNet"
"HAT-P-6 b","HAT-P-6","TIC 176899385",3.85298000000,0.00000500000,-0.00000500000,"<a refstr=STASSUN_ET_AL__2017 href=https://ui.adsabs.harvard.edu/abs/2017AJ....153..136S/abstract target=ref>Stassun et al. 2017</a>",2456100.88331000,"<a refstr=KOKORI_ET_AL__2023 href=https://ui.adsabs.harvard.edu/abs/2023ApJS..265....4K/abstract target=ref>Kokori et al. 2023</a>",0.87000000,"<a refstr=STASSUN_ET_AL__2017 href=https://ui.adsabs.harvard.edu/abs/2017AJ....153..136S/abstract target=ref>Stassun et al. 2017</a>",3.5064000,"<a refstr=NOYES_ET_AL__2008 href=https://ui.adsabs.harvard.edu/abs/2008ApJ...673L..79N/abstract target=ref> Noyes et al. 2008 </a>",16.58932000,9.9957710,1,1.620000,1.790000,1,"HATNet"
"XO-1 b","XO-1","TIC 236312126",3.94153000000,0.00002700000,-0.00002700000,"<a refstr=STASSUN_ET_AL__2017 href=https://ui.adsabs.harvard.edu/abs/2017AJ....153..136S/abstract target=ref>Stassun et al. 2017</a>",2455385.51978000,"<a refstr=KOKORI_ET_AL__2022 href=https://ui.adsabs.harvard.edu/abs/2022ApJS..258...40K/abstract target=ref>Kokori et al. 2022</a>",1.80000000,"<a refstr=STASSUN_ET_AL__2017 href=https://ui.adsabs.harvard.edu/abs/2017AJ....153..136S/abstract target=ref>Stassun et al. 2017</a>",2.9712000,"<a refstr=BURKE_ET_AL__2010 href=https://ui.adsabs.harvard.edu/abs/2010ApJ...719.1796B/abstract target=ref> Burke et al. 2010 </a>",12.77826000,10.5484000,1,0.880000,0.880000,1,"XO"
"XO-4 b","XO-4","TIC 51234631",4.12508000000,0.00000400000,-0.00000400000,"<a refstr=STASSUN_ET_AL__2017 href=https://ui.adsabs.harvard.edu/abs/2017AJ....153..136S/abstract target=ref>Stassun et al. 2017</a>",2456878.47303000,"<a refstr=KOKORI_ET_AL__2023 href=https://ui.adsabs.harvard.edu/abs/2023ApJS..265....4K/abstract target=ref>Kokori et al. 2023</a>",0.78000000,"<a refstr=STASSUN_ET_AL__2017 href=https://ui.adsabs.harvard.edu/abs/2017AJ....153..136S/abstract target=ref>Stassun et al. 2017</a>",4.4540000,"<a refstr=EXOFOP href=https://exofop.ipac.caltech.edu/tess/view_toi.php target=ref>ExoFOP</a>",14.01125000,10.1653000,1,1.450000,1.100000,1,"Lowell Observatory"
"KELT-2 A b","KELT-2 A","TIC 97735908",4.11379000000,0.00001000000,-0.00001000000,"<a refstr=STASSUN_ET_AL__2017 href=https://ui.adsabs.harvard.edu/abs/2017AJ....153..136S/abstract target=ref>Stassun et al. 2017</a>",2459467.19898900,"<a refstr=KOKORI_ET_AL__2023 href=https://ui.adsabs.harvard.edu/abs/2023ApJS..265....4K/abstract target=ref>Kokori et al. 2023</a>",0.52000000,"<a refstr=STASSUN_ET_AL__2017 href=https://ui.adsabs.harvard.edu/abs/2017AJ....153..136S/abstract target=ref>Stassun et al. 2017</a>",5.1720000,"<a refstr=BEATTY_ET_AL__2012 href=https://ui.adsabs.harvard.edu/abs/2012ApJ...756L..39B/abstract target=ref> Beatty et al. 2012 </a>",15.13215000,8.2239800,1,1.930000,1.540000,1,"KELT"
"HAT-P-40 b","HAT-P-40","TIC 199671901",4.45724000000,0.00001000000,-0.00001000000,"<a refstr=STASSUN_ET_AL__2017 href=https://ui.adsabs.harvard.edu/abs/2017AJ....153..136S/abstract target=ref>Stassun et al. 2017</a>",2456651.13368000,"<a refstr=KOKORI_ET_AL__2023 href=https://ui.adsabs.harvard.edu/abs/2023ApJS..265....4K/abstract target=ref>Kokori et al. 2023</a>",0.65000000,"<a refstr=STASSUN_ET_AL__2017 href=https://ui.adsabs.harvard.edu/abs/2017AJ....153..136S/abstract target=ref>Stassun et al. 2017</a>",6.1368000,"<a refstr=HARTMAN_ET_AL__2012 href=https://ui.adsabs.harvard.edu/abs/2012AJ....144..139H/abstract target=ref> Hartman et al. 2012 </a>",17.03768000,10.9726000,1,1.940000,1.030000,1,"HATNet"
"WASP-49 b","WASP-49","TIC 306362738",2.78174000000,0.00000600000,-0.00000600000,"<a refstr=STASSUN_ET_AL__2017 href=https://ui.adsabs.harvard.edu/abs/2017AJ....153..136S/abstract target=ref>Stassun et al. 2017</a>",2457377.59693400,"<a refstr=KOKORI_ET_AL__2023 href=https://ui.adsabs.harvard.edu/abs/2023ApJS..265....4K/abstract target=ref>Kokori et al. 2023</a>",1.40000000,"<a refstr=STASSUN_ET_AL__2017 href=https://ui.adsabs.harvard.edu/abs/2017AJ....153..136S/abstract target=ref>Stassun et al. 2017</a>",2.1400000,"<a refstr=WYTTENBACH_ET_AL__2017 href=https://ui.adsabs.harvard.edu/abs/2017A&A...602A..36W/abstract target=ref>Wyttenbach et al. 2017</a>",12.44199000,10.8164000,1,0.970000,0.920000,1,"SuperWASP"
"WASP-66 b","WASP-66","TIC 53735810",4.08605000000,0.00000700000,-0.00000700000,"<a refstr=STASSUN_ET_AL__2017 href=https://ui.adsabs.harvard.edu/abs/2017AJ....153..136S/abstract target=ref>Stassun et al. 2017</a>",2457477.71072000,"<a refstr=KOKORI_ET_AL__2023 href=https://ui.adsabs.harvard.edu/abs/2023ApJS..265....4K/abstract target=ref>Kokori et al. 2023</a>",0.67000000,"<a refstr=STASSUN_ET_AL__2017 href=https://ui.adsabs.harvard.edu/abs/2017AJ....153..136S/abstract target=ref>Stassun et al. 2017</a>",4.5024000,"<a refstr=HELLIER_ET_AL__2012 href=https://ui.adsabs.harvard.edu/abs/2012MNRAS.426..739H/abstract target=ref> Hellier et al. 2012 </a>",15.69260000,11.2480000,1,1.760000,1.330000,1,"SuperWASP"
"WASP-67 b","WASP-67","TIC 68952448",4.61442000000,0.00001000000,-0.00001000000,"<a refstr=STASSUN_ET_AL__2017 href=https://ui.adsabs.harvard.edu/abs/2017AJ....153..136S/abstract target=ref>Stassun et al. 2017</a>",2456618.05370000,"<a refstr=KOKORI_ET_AL__2022 href=https://ui.adsabs.harvard.edu/abs/2022ApJS..258...40K/abstract target=ref>Kokori et al. 2022</a>",1.80000000,"<a refstr=STASSUN_ET_AL__2017 href=https://ui.adsabs.harvard.edu/abs/2017AJ....153..136S/abstract target=ref>Stassun et al. 2017</a>",1.8960000,"<a refstr=HELLIER_ET_AL__2012 href=https://ui.adsabs.harvard.edu/abs/2012MNRAS.426..739H/abstract target=ref> Hellier et al. 2012 </a>",12.89035000,11.3550000,1,0.880000,0.910000,1,"SuperWASP"
"WASP-158 b","WASP-158","TIC 37718056",3.65633300000,0.00000400000,-0.00000400000,"<a refstr=HELLIER_ET_AL__2019 href=https://ui.adsabs.harvard.edu/abs/2019MNRAS.482.1379H/abstract target=ref>Hellier et al. 2019</a>",2457619.91950000,"<a refstr=HELLIER_ET_AL__2019 href=https://ui.adsabs.harvard.edu/abs/2019MNRAS.482.1379H/abstract target=ref>Hellier et al. 2019</a>",0.63000000,"<a refstr=HELLIER_ET_AL__2019 href=https://ui.adsabs.harvard.edu/abs/2019MNRAS.482.1379H/abstract target=ref>Hellier et al. 2019</a>",3.5760000,"<a refstr=HELLIER_ET_AL__2019 href=https://ui.adsabs.harvard.edu/abs/2019MNRAS.482.1379H/abstract target=ref>Hellier et al. 2019</a>",11.99363000,11.7083000,1,1.390000,1.380000,1,"SuperWASP-South"
"WASP-162 b","WASP-162","TIC 308098254",9.62468000000,0.00001000000,-0.00001000000,"<a refstr=HELLIER_ET_AL__2019 href=https://ui.adsabs.harvard.edu/abs/2019MNRAS.482.1379H/abstract target=ref>Hellier et al. 2019</a>",2457701.38160000,"<a refstr=HELLIER_ET_AL__2019 href=https://ui.adsabs.harvard.edu/abs/2019MNRAS.482.1379H/abstract target=ref>Hellier et al. 2019</a>",0.87000000,"<a refstr=HELLIER_ET_AL__2019 href=https://ui.adsabs.harvard.edu/abs/2019MNRAS.482.1379H/abstract target=ref>Hellier et al. 2019</a>",4.2576000,"<a refstr=HELLIER_ET_AL__2019 href=https://ui.adsabs.harvard.edu/abs/2019MNRAS.482.1379H/abstract target=ref>Hellier et al. 2019</a>",11.20900000,11.5688000,1,1.110000,0.950000,1,"SuperWASP-South"
"WASP-168 b","WASP-168","TIC 232038798",4.15365800000,0.00000300000,-0.00000300000,"<a refstr=HELLIER_ET_AL__2019 href=https://ui.adsabs.harvard.edu/abs/2019MNRAS.482.1379H/abstract target=ref>Hellier et al. 2019</a>",2457424.52780000,"<a refstr=HELLIER_ET_AL__2019 href=https://ui.adsabs.harvard.edu/abs/2019MNRAS.482.1379H/abstract target=ref>Hellier et al. 2019</a>",1.19000000,"<a refstr=HELLIER_ET_AL__2019 href=https://ui.adsabs.harvard.edu/abs/2019MNRAS.482.1379H/abstract target=ref>Hellier et al. 2019</a>",1.9128000,"<a refstr=HELLIER_ET_AL__2019 href=https://ui.adsabs.harvard.edu/abs/2019MNRAS.482.1379H/abstract target=ref>Hellier et al. 2019</a>",16.81350000,11.3187000,1,1.120000,1.080000,1,"SuperWASP-South"
"WASP-173 A b","WASP-173 A","TIC 77031414",1.38665318000,0.00000027000,-0.00000027000,"<a refstr=HELLIER_ET_AL__2019 href=https://ui.adsabs.harvard.edu/abs/2019MNRAS.482.1379H/abstract target=ref>Hellier et al. 2019</a>",2457288.85850000,"<a refstr=HELLIER_ET_AL__2019 href=https://ui.adsabs.harvard.edu/abs/2019MNRAS.482.1379H/abstract target=ref>Hellier et al. 2019</a>",1.23000000,"<a refstr=HELLIER_ET_AL__2019 href=https://ui.adsabs.harvard.edu/abs/2019MNRAS.482.1379H/abstract target=ref>Hellier et al. 2019</a>",2.2968000,"<a refstr=HELLIER_ET_AL__2019 href=https://ui.adsabs.harvard.edu/abs/2019MNRAS.482.1379H/abstract target=ref>Hellier et al. 2019</a>",13.45080000,10.9571000,1,1.110000,1.050000,1,"SuperWASP-South"
"WASP-147 b","WASP-147","TIC 114749636",4.60273000000,0.00002700000,-0.00002700000,"<a refstr=LENDL_ET_AL__2019 href=https://ui.adsabs.harvard.edu/abs/2019MNRAS.482..301L/abstract target=ref>Lendl et al. 2019</a>",2456562.59500000,"<a refstr=LENDL_ET_AL__2019 href=https://ui.adsabs.harvard.edu/abs/2019MNRAS.482..301L/abstract target=ref>Lendl et al. 2019</a>",0.64000000,"<a refstr=LENDL_ET_AL__2019 href=https://ui.adsabs.harvard.edu/abs/2019MNRAS.482..301L/abstract target=ref>Lendl et al. 2019</a>",4.3944000,"<a refstr=LENDL_ET_AL__2019 href=https://ui.adsabs.harvard.edu/abs/2019MNRAS.482..301L/abstract target=ref>Lendl et al. 2019</a>",12.49803500,11.7607000,1,1.429000,1.044000,1,"SuperWASP-South"
"KELT-15 b","KELT-15","TIC 268644785",3.32944000000,0.00001600000,-0.00001600000,"<a refstr=STASSUN_ET_AL__2017 href=https://ui.adsabs.harvard.edu/abs/2017AJ....153..136S/abstract target=ref>Stassun et al. 2017</a>",2458973.57814000,"<a refstr=KOKORI_ET_AL__2023 href=https://ui.adsabs.harvard.edu/abs/2023ApJS..265....4K/abstract target=ref>Kokori et al. 2023</a>",1.00000000,"<a refstr=STASSUN_ET_AL__2017 href=https://ui.adsabs.harvard.edu/abs/2017AJ....153..136S/abstract target=ref>Stassun et al. 2017</a>",4.0123108,"<a refstr=EXOFOP href=https://exofop.ipac.caltech.edu/tess/view_toi.php target=ref>ExoFOP</a>",19.50366000,10.6815000,1,1.780000,2.060000,1,"KELT-South"
"HAT-P-34 b","HAT-P-34","TIC 278348461",5.45265400000,0.00001600000,-0.00001600000,"<a refstr=BONOMO_ET_AL__2017 href=https://ui.adsabs.harvard.edu/abs/2017A&A...602A.107B/abstract target=ref>Bonomo et al. 2017</a>",2455431.59706000,"<a refstr=BONOMO_ET_AL__2017 href=https://ui.adsabs.harvard.edu/abs/2017A&A...602A.107B/abstract target=ref>Bonomo et al. 2017</a>",0.77500000,"<a refstr=EXOFOP href=https://exofop.ipac.caltech.edu/tess/view_toi.php target=ref>ExoFOP</a>",3.1752000,"<a refstr=TSANTAKI_ET_AL__2014 href=https://ui.adsabs.harvard.edu/abs/2014A&A...570A..80T/abstract target=ref>Tsantaki et al. 2014</a>",13.41717300,9.8746300,1,1.530000,1.392000,1,"HATNet"
"HAT-P-36 b","HAT-P-36","TIC 373693175",1.32734683000,0.00000048000,-0.00000048000,"<a refstr=CHAKRABARTY__AMP__SENGUPTA_2019 href=https://ui.adsabs.harvard.edu/abs/2019AJ....158...39C/abstract target=ref>Chakrabarty &amp; Sengupta 2019</a>",2457885.38399400,"<a refstr=KOKORI_ET_AL__2023 href=https://ui.adsabs.harvard.edu/abs/2023ApJS..265....4K/abstract target=ref>Kokori et al. 2023</a>",1.88500000,"<a refstr=EXOFOP href=https://exofop.ipac.caltech.edu/tess/view_toi.php target=ref>ExoFOP</a>",2.2320000,"<a refstr=CHAKRABARTY__AMP__SENGUPTA_2019 href=https://ui.adsabs.harvard.edu/abs/2019AJ....158...39C/abstract target=ref>Chakrabarty &amp; Sengupta 2019</a>",14.31389300,11.6281000,1,1.041000,1.030000,1,"HATNet"
"TOI-172 b","TOI-172","TIC 29857954",9.47725000000,0.00064000000,-0.00079000000,"<a refstr=RODRIGUEZ_ET_AL__2019 href=https://ui.adsabs.harvard.edu/abs/2019AJ....157..191R/abstract target=ref>Rodriguez et al. 2019</a>",2458345.87340000,"<a refstr=RODRIGUEZ_ET_AL__2019 href=https://ui.adsabs.harvard.edu/abs/2019AJ....157..191R/abstract target=ref>Rodriguez et al. 2019</a>",0.31200000,"<a refstr=RODRIGUEZ_ET_AL__2019 href=https://ui.adsabs.harvard.edu/abs/2019AJ....157..191R/abstract target=ref>Rodriguez et al. 2019</a>",4.7136000,"<a refstr=RODRIGUEZ_ET_AL__2019 href=https://ui.adsabs.harvard.edu/abs/2019AJ....157..191R/abstract target=ref>Rodriguez et al. 2019</a>",10.81668500,10.7379000,1,1.777000,1.128000,1,"Transiting Exoplanet Survey Satellite (TESS)"
"HAT-P-9 b","HAT-P-9","TIC 371234684",3.92281072000,0.00000102000,-0.00000102000,"<a refstr=WANG_ET_AL__2019 href=https://ui.adsabs.harvard.edu/abs/2019AJ....157...82W/abstract target=ref>Wang et al. 2019</a>",2455484.91308800,"<a refstr=WANG_ET_AL__2019 href=https://ui.adsabs.harvard.edu/abs/2019AJ....157...82W/abstract target=ref>Wang et al. 2019</a>",1.14400000,"<a refstr=WANG_ET_AL__2019 href=https://ui.adsabs.harvard.edu/abs/2019AJ....157...82W/abstract target=ref>Wang et al. 2019</a>",3.3600000,"<a refstr=WANG_ET_AL__2019 href=https://ui.adsabs.harvard.edu/abs/2019AJ....157...82W/abstract target=ref>Wang et al. 2019</a>",15.61413700,11.7946000,1,1.338000,1.281000,1,"HATNet"
"WASP-33 b","WASP-33","TIC 129979528",1.21987000000,0.00000100000,-0.00000100000,"<a refstr=CHAKRABARTY__AMP__SENGUPTA_2019 href=https://ui.adsabs.harvard.edu/abs/2019AJ....158...39C/abstract target=ref>Chakrabarty &amp; Sengupta 2019</a>",2459883.19878800,"<a refstr=EXOFOP href=https://exofop.ipac.caltech.edu/tess/view_toi.php target=ref>ExoFOP</a>",1.21601096,"<a refstr=EXOFOP href=https://exofop.ipac.caltech.edu/tess/view_toi.php target=ref>ExoFOP</a>",2.8536000,"<a refstr=CHAKRABARTY__AMP__SENGUPTA_2019 href=https://ui.adsabs.harvard.edu/abs/2019AJ....158...39C/abstract target=ref>Chakrabarty &amp; Sengupta 2019</a>",17.85593700,7.8761100,1,1.444000,1.495000,1,"SuperWASP"
"WASP-177 b","WASP-177","TIC 439842788",3.07172200000,0.00000100000,-0.00000100000,"<a refstr=TURNER_ET_AL__2019 href=https://ui.adsabs.harvard.edu/abs/2019MNRAS.485.5790T/abstract target=ref>Turner et al. 2019</a>",2457994.37140000,"<a refstr=TURNER_ET_AL__2019 href=https://ui.adsabs.harvard.edu/abs/2019MNRAS.485.5790T/abstract target=ref>Turner et al. 2019</a>",1.85000000,"<a refstr=TURNER_ET_AL__2019 href=https://ui.adsabs.harvard.edu/abs/2019MNRAS.485.5790T/abstract target=ref>Turner et al. 2019</a>",1.6128000,"<a refstr=TURNER_ET_AL__2019 href=https://ui.adsabs.harvard.edu/abs/2019MNRAS.485.5790T/abstract target=ref>Turner et al. 2019</a>",17.71022000,11.4825000,1,0.885000,0.876000,1,"SuperWASP"
"WASP-161 b","WASP-161","TIC 50712784",5.40604250000,0.00000480000,-0.00000480000,"<a refstr=BARKAOUI_ET_AL__2019 href=https://ui.adsabs.harvard.edu/abs/2019AJ....157...43B/abstract target=ref>Barkaoui et al. 2019</a>",2457416.52890000,"<a refstr=BARKAOUI_ET_AL__2019 href=https://ui.adsabs.harvard.edu/abs/2019AJ....157...43B/abstract target=ref>Barkaoui et al. 2019</a>",0.45092000,"<a refstr=BARKAOUI_ET_AL__2019 href=https://ui.adsabs.harvard.edu/abs/2019AJ....157...43B/abstract target=ref>Barkaoui et al. 2019</a>",5.1288000,"<a refstr=BARKAOUI_ET_AL__2019 href=https://ui.adsabs.harvard.edu/abs/2019AJ....157...43B/abstract target=ref>Barkaoui et al. 2019</a>",12.81188700,10.5579000,1,1.712000,1.390000,1,"SuperWASP-South"
"WASP-163 b","WASP-163","TIC 145368316",1.60968840000,0.00000150000,-0.00000150000,"<a refstr=BARKAOUI_ET_AL__2019 href=https://ui.adsabs.harvard.edu/abs/2019AJ....157...43B/abstract target=ref>Barkaoui et al. 2019</a>",2457918.46200000,"<a refstr=BARKAOUI_ET_AL__2019 href=https://ui.adsabs.harvard.edu/abs/2019AJ....157...43B/abstract target=ref>Barkaoui et al. 2019</a>",1.41700000,"<a refstr=BARKAOUI_ET_AL__2019 href=https://ui.adsabs.harvard.edu/abs/2019AJ....157...43B/abstract target=ref>Barkaoui et al. 2019</a>",2.2320000,"<a refstr=BARKAOUI_ET_AL__2019 href=https://ui.adsabs.harvard.edu/abs/2019AJ....157...43B/abstract target=ref>Barkaoui et al. 2019</a>",13.47321800,11.6123000,1,1.015000,0.970000,1,"SuperWASP-South"
"HATS-65 b","HATS-65","TIC 169504920",3.10516100000,0.00000160000,-0.00000160000,"<a refstr=HARTMAN_ET_AL__2019 href=https://ui.adsabs.harvard.edu/abs/2019AJ....157...55H/abstract target=ref>Hartman et al. 2019</a>",2457520.96130000,"<a refstr=HARTMAN_ET_AL__2019 href=https://ui.adsabs.harvard.edu/abs/2019AJ....157...55H/abstract target=ref>Hartman et al. 2019</a>",1.30361538,"<a refstr=EXOFOP href=https://exofop.ipac.caltech.edu/tess/view_toi.php target=ref>ExoFOP</a>",2.8848000,"<a refstr=HARTMAN_ET_AL__2019 href=https://ui.adsabs.harvard.edu/abs/2019AJ....157...55H/abstract target=ref>Hartman et al. 2019</a>",16.82470900,11.9801000,1,1.310000,1.257000,1,"HATSouth"
"HATS-68 b","HATS-68","TIC 322307342",3.58622020000,0.00000470000,-0.00000470000,"<a refstr=HARTMAN_ET_AL__2019 href=https://ui.adsabs.harvard.edu/abs/2019AJ....157...55H/abstract target=ref>Hartman et al. 2019</a>",2457410.40860000,"<a refstr=HARTMAN_ET_AL__2019 href=https://ui.adsabs.harvard.edu/abs/2019AJ....157...55H/abstract target=ref>Hartman et al. 2019</a>",0.57293247,"<a refstr=EXOFOP href=https://exofop.ipac.caltech.edu/tess/view_toi.php target=ref>ExoFOP</a>",3.4200000,"<a refstr=HARTMAN_ET_AL__2019 href=https://ui.adsabs.harvard.edu/abs/2019AJ....157...55H/abstract target=ref>Hartman et al. 2019</a>",13.80948800,11.7806000,1,1.748000,1.351000,1,"HATSouth"
"WASP-190 b","WASP-190","TIC 116156517",5.36775300000,0.00000400000,-0.00000400000,"<a refstr=TEMPLE_ET_AL__2019 href=https://ui.adsabs.harvard.edu/abs/2019AJ....157..141T/abstract target=ref>Temple et al. 2019</a>",2457799.12560000,"<a refstr=TEMPLE_ET_AL__2019 href=https://ui.adsabs.harvard.edu/abs/2019AJ....157..141T/abstract target=ref>Temple et al. 2019</a>",0.62000000,"<a refstr=TEMPLE_ET_AL__2019 href=https://ui.adsabs.harvard.edu/abs/2019AJ....157..141T/abstract target=ref>Temple et al. 2019</a>",4.4640000,"<a refstr=TEMPLE_ET_AL__2019 href=https://ui.adsabs.harvard.edu/abs/2019AJ....157..141T/abstract target=ref>Temple et al. 2019</a>",12.89035000,11.3151000,1,1.600000,1.350000,1,"WASP-South"
"XO-7 b","XO-7","TIC 268403451",2.86414240000,0.00000430000,-0.00000430000,"<a refstr=CROUZET_ET_AL__2020 href=https://ui.adsabs.harvard.edu/abs/2020AJ....159...44C/abstract target=ref>Crouzet et al. 2020</a>",2457917.47503000,"<a refstr=CROUZET_ET_AL__2020 href=https://ui.adsabs.harvard.edu/abs/2020AJ....159...44C/abstract target=ref>Crouzet et al. 2020</a>",0.90900000,"<a refstr=CROUZET_ET_AL__2020 href=https://ui.adsabs.harvard.edu/abs/2020AJ....159...44C/abstract target=ref>Crouzet et al. 2020</a>",2.7720000,"<a refstr=CROUZET_ET_AL__2020 href=https://ui.adsabs.harvard.edu/abs/2020AJ....159...44C/abstract target=ref>Crouzet et al. 2020</a>",15.38995700,10.0521000,1,1.480000,1.405000,1,"XO"
"HATS-58 A b","HATS-58 A","TIC 21113347",4.21808960000,0.00000890000,-0.00000890000,"<a refstr=ESPINOZA_ET_AL__2019 href=https://ui.adsabs.harvard.edu/abs/2019AJ....158...63E/abstract target=ref>Espinoza et al. 2019</a>",2457463.29990000,"<a refstr=ESPINOZA_ET_AL__2019 href=https://ui.adsabs.harvard.edu/abs/2019AJ....158...63E/abstract target=ref>Espinoza et al. 2019</a>",0.78820701,"<a refstr=EXOFOP href=https://exofop.ipac.caltech.edu/tess/view_toi.php target=ref>ExoFOP</a>",3.1800000,"<a refstr=ESPINOZA_ET_AL__2019 href=https://ui.adsabs.harvard.edu/abs/2019AJ....158...63E/abstract target=ref>Espinoza et al. 2019</a>",12.27385500,11.4007000,1,1.433000,1.461000,1,"HATSouth"
"WASP-169 b","WASP-169","TIC 386259537",5.61141180000,0.00000920000,-0.00000920000,"<a refstr=NIELSEN_ET_AL__2019 href=https://ui.adsabs.harvard.edu/abs/2019MNRAS.489.2478N/abstract target=ref>Nielsen et al. 2019</a>",2457697.01760000,"<a refstr=NIELSEN_ET_AL__2019 href=https://ui.adsabs.harvard.edu/abs/2019MNRAS.489.2478N/abstract target=ref>Nielsen et al. 2019</a>",0.44600000,"<a refstr=NIELSEN_ET_AL__2019 href=https://ui.adsabs.harvard.edu/abs/2019MNRAS.489.2478N/abstract target=ref>Nielsen et al. 2019</a>",6.0528000,"<a refstr=NIELSEN_ET_AL__2019 href=https://ui.adsabs.harvard.edu/abs/2019MNRAS.489.2478N/abstract target=ref>Nielsen et al. 2019</a>",14.61653600,11.3299000,1,2.011000,1.337000,1,"WASP-South"
"WASP-180 A b","WASP-180 A","TIC 178367144",3.40926400000,0.00000100000,-0.00000100000,"<a refstr=TEMPLE_ET_AL__2019 href=https://ui.adsabs.harvard.edu/abs/2019MNRAS.490.2467T/abstract target=ref>Temple et al. 2019</a>",2457763.31500000,"<a refstr=TEMPLE_ET_AL__2019 href=https://ui.adsabs.harvard.edu/abs/2019MNRAS.490.2467T/abstract target=ref>Temple et al. 2019</a>",1.23000000,"<a refstr=TEMPLE_ET_AL__2019 href=https://ui.adsabs.harvard.edu/abs/2019MNRAS.490.2467T/abstract target=ref>Temple et al. 2019</a>",3.1176000,"<a refstr=TEMPLE_ET_AL__2019 href=https://ui.adsabs.harvard.edu/abs/2019MNRAS.490.2467T/abstract target=ref>Temple et al. 2019</a>",13.89916000,10.5572000,1,1.190000,1.300000,1,"SuperWASP"
"WASP-2 b","WASP-2","TIC 374530847",2.15217500000,0.00001200000,-0.00001100000,"<a refstr=ADDISON_ET_AL__2019 href=https://ui.adsabs.harvard.edu/abs/2019PASP..131k5003A/abstract target=ref>Addison et al. 2019</a>",2458339.00342000,"<a refstr=ADDISON_ET_AL__2019 href=https://ui.adsabs.harvard.edu/abs/2019PASP..131k5003A/abstract target=ref>Addison et al. 2019</a>",1.64600000,"<a refstr=ADDISON_ET_AL__2019 href=https://ui.adsabs.harvard.edu/abs/2019PASP..131k5003A/abstract target=ref>Addison et al. 2019</a>",1.7882400,"<a refstr=ADDISON_ET_AL__2019 href=https://ui.adsabs.harvard.edu/abs/2019PASP..131k5003A/abstract target=ref>Addison et al. 2019</a>",12.11692900,10.9984000,1,0.866000,0.895000,1,"SuperWASP"
"WASP-45 b","WASP-45","TIC 120610833",3.12608900000,0.00000300000,-0.00000300000,"<a refstr=ADDISON_ET_AL__2019 href=https://ui.adsabs.harvard.edu/abs/2019PASP..131k5003A/abstract target=ref>Addison et al. 2019</a>",2458339.14303900,"<a refstr=ADDISON_ET_AL__2019 href=https://ui.adsabs.harvard.edu/abs/2019PASP..131k5003A/abstract target=ref>Addison et al. 2019</a>",1.29000000,"<a refstr=ADDISON_ET_AL__2019 href=https://ui.adsabs.harvard.edu/abs/2019PASP..131k5003A/abstract target=ref>Addison et al. 2019</a>",1.6824000,"<a refstr=ADDISON_ET_AL__2019 href=https://ui.adsabs.harvard.edu/abs/2019PASP..131k5003A/abstract target=ref>Addison et al. 2019</a>",10.60371400,11.5005000,1,0.855000,0.850000,1,"SuperWASP"
"WASP-185 b","WASP-185","TIC 46020827",9.38755000000,0.00002000000,-0.00002000000,"<a refstr=HELLIER_ET_AL__2019 href=https://ui.adsabs.harvard.edu/abs/2019MNRAS.490.1479H/abstract target=ref>Hellier et al. 2019</a>",2456935.98200000,"<a refstr=HELLIER_ET_AL__2019 href=https://ui.adsabs.harvard.edu/abs/2019MNRAS.490.1479H/abstract target=ref>Hellier et al. 2019</a>",0.73000000,"<a refstr=HELLIER_ET_AL__2019 href=https://ui.adsabs.harvard.edu/abs/2019MNRAS.490.1479H/abstract target=ref>Hellier et al. 2019</a>",4.6080000,"<a refstr=HELLIER_ET_AL__2019 href=https://ui.adsabs.harvard.edu/abs/2019MNRAS.490.1479H/abstract target=ref>Hellier et al. 2019</a>",14.01125000,10.4725000,1,1.500000,1.120000,1,"WASP-South"
"TOI-150.01","TOI-150","TIC 271893367",5.85748700000,0.00008900000,-0.00009700000,"<a refstr=KOSSAKOWSKI_ET_AL__2019 href=https://ui.adsabs.harvard.edu/abs/2019MNRAS.490.1094K/abstract target=ref>Kossakowski et al. 2019</a>",2458326.27730000,"<a refstr=KOSSAKOWSKI_ET_AL__2019 href=https://ui.adsabs.harvard.edu/abs/2019MNRAS.490.1094K/abstract target=ref>Kossakowski et al. 2019</a>",0.64897302,"<a refstr=EXOFOP href=https://exofop.ipac.caltech.edu/tess/view_toi.php target=ref>ExoFOP</a>",5.1200000,"<a refstr=KOSSAKOWSKI_ET_AL__2019 href=https://ui.adsabs.harvard.edu/abs/2019MNRAS.490.1094K/abstract target=ref>Kossakowski et al. 2019</a>",14.06729500,10.9031000,1,1.526000,1.351000,1,"Transiting Exoplanet Survey Satellite (TESS)"
"HAT-P-69 b","HAT-P-69","TIC 379929661",4.78694910000,0.00000180000,-0.00000210000,"<a refstr=ZHOU_ET_AL__2019 href=https://ui.adsabs.harvard.edu/abs/2019AJ....158..141Z/abstract target=ref>Zhou et al. 2019</a>",2458495.78861000,"<a refstr=ZHOU_ET_AL__2019 href=https://ui.adsabs.harvard.edu/abs/2019AJ....158..141Z/abstract target=ref>Zhou et al. 2019</a>",0.76270000,"<a refstr=ZHOU_ET_AL__2019 href=https://ui.adsabs.harvard.edu/abs/2019AJ....158..141Z/abstract target=ref>Zhou et al. 2019</a>",5.1264000,"<a refstr=ZHOU_ET_AL__2019 href=https://ui.adsabs.harvard.edu/abs/2019AJ....158..141Z/abstract target=ref>Zhou et al. 2019</a>",18.78628400,9.6129000,1,1.926000,1.648000,1,"HATNet"
"TOI-905 b","TOI-905","TIC 261867566",3.73949400000,0.00003800000,-0.00003800000,"<a refstr=DAVIS_ET_AL__2020 href=https://ui.adsabs.harvard.edu/abs/2020AJ....160..229D/abstract target=ref>Davis et al. 2020</a>",2458643.30898000,"<a refstr=DAVIS_ET_AL__2020 href=https://ui.adsabs.harvard.edu/abs/2020AJ....160..229D/abstract target=ref>Davis et al. 2020</a>",1.71800000,"<a refstr=DAVIS_ET_AL__2020 href=https://ui.adsabs.harvard.edu/abs/2020AJ....160..229D/abstract target=ref>Davis et al. 2020</a>",2.0280000,"<a refstr=DAVIS_ET_AL__2020 href=https://ui.adsabs.harvard.edu/abs/2020AJ....160..229D/abstract target=ref>Davis et al. 2020</a>",13.12573900,10.5721000,1,0.918000,0.968000,1,"Transiting Exoplanet Survey Satellite (TESS)"
"TOI-564 b","TOI-564","TIC 1003831",1.65114400000,0.00001800000,-0.00001800000,"<a refstr=DAVIS_ET_AL__2020 href=https://ui.adsabs.harvard.edu/abs/2020AJ....160..229D/abstract target=ref>Davis et al. 2020</a>",2458549.57554000,"<a refstr=DAVIS_ET_AL__2020 href=https://ui.adsabs.harvard.edu/abs/2020AJ....160..229D/abstract target=ref>Davis et al. 2020</a>",0.92000000,"<a refstr=DAVIS_ET_AL__2020 href=https://ui.adsabs.harvard.edu/abs/2020AJ....160..229D/abstract target=ref>Davis et al. 2020</a>",1.0272000,"<a refstr=DAVIS_ET_AL__2020 href=https://ui.adsabs.harvard.edu/abs/2020AJ....160..229D/abstract target=ref>Davis et al. 2020</a>",11.43318000,10.6701000,1,1.088000,0.998000,1,"Transiting Exoplanet Survey Satellite (TESS)"
"WASP-150 b","WASP-150","TIC 321668398",5.64420700000,0.00000300000,-0.00000400000,"<a refstr=COOKE_ET_AL__2020 href=https://ui.adsabs.harvard.edu/abs/2020AJ....159..255C/abstract target=ref>Cooke et al. 2020</a>",2457217.26140000,"<a refstr=COOKE_ET_AL__2020 href=https://ui.adsabs.harvard.edu/abs/2020AJ....159..255C/abstract target=ref>Cooke et al. 2020</a>",0.44000000,"<a refstr=COOKE_ET_AL__2020 href=https://ui.adsabs.harvard.edu/abs/2020AJ....159..255C/abstract target=ref>Cooke et al. 2020</a>",3.1176000,"<a refstr=COOKE_ET_AL__2020 href=https://ui.adsabs.harvard.edu/abs/2020AJ....159..255C/abstract target=ref>Cooke et al. 2020</a>",11.99363000,11.5429000,1,1.651000,1.394000,1,"SuperWASP-North"
"TOI-954 b","TOI-954","TIC 44792534",3.68497290000,0.00000270000,-0.00000280000,"<a refstr=SHA_ET_AL__2021 href=https://ui.adsabs.harvard.edu/abs/2021AJ....161...82S/abstract target=ref>Sha et al. 2021</a>",2458411.90651000,"<a refstr=SHA_ET_AL__2021 href=https://ui.adsabs.harvard.edu/abs/2021AJ....161...82S/abstract target=ref>Sha et al. 2021</a>",0.20700000,"<a refstr=EXOFOP href=https://exofop.ipac.caltech.edu/tess/view_toi.php target=ref>ExoFOP</a>",5.0900000,"<a refstr=SHA_ET_AL__2021 href=https://ui.adsabs.harvard.edu/abs/2021AJ....161...82S/abstract target=ref>Sha et al. 2021</a>",9.55006800,9.7791900,1,1.892000,1.201000,1,"Transiting Exoplanet Survey Satellite (TESS)"
"HIP 65 A b","HIP 65 A","TIC 201248411",0.98097340000,0.00000310000,-0.00000310000,"<a refstr=NIELSEN_ET_AL__2020 href=https://ui.adsabs.harvard.edu/abs/2020A&A...639A..76N/abstract target=ref>Nielsen et al. 2020</a>",2458326.10418000,"<a refstr=NIELSEN_ET_AL__2020 href=https://ui.adsabs.harvard.edu/abs/2020A&A...639A..76N/abstract target=ref>Nielsen et al. 2020</a>",8.20000000,"<a refstr=NIELSEN_ET_AL__2020 href=https://ui.adsabs.harvard.edu/abs/2020A&A...639A..76N/abstract target=ref>Nielsen et al. 2020</a>",0.7857600,"<a refstr=NIELSEN_ET_AL__2020 href=https://ui.adsabs.harvard.edu/abs/2020A&A...639A..76N/abstract target=ref>Nielsen et al. 2020</a>",22.75427000,9.9005000,1,0.724200,0.781000,1,"Transiting Exoplanet Survey Satellite (TESS)"
"TOI-169 b","TOI-169","TIC 183120439",2.25544770000,0.00000630000,-0.00000630000,"<a refstr=NIELSEN_ET_AL__2020 href=https://ui.adsabs.harvard.edu/abs/2020A&A...639A..76N/abstract target=ref>Nielsen et al. 2020</a>",2458327.44174000,"<a refstr=NIELSEN_ET_AL__2020 href=https://ui.adsabs.harvard.edu/abs/2020A&A...639A..76N/abstract target=ref>Nielsen et al. 2020</a>",0.75000000,"<a refstr=NIELSEN_ET_AL__2020 href=https://ui.adsabs.harvard.edu/abs/2020A&A...639A..76N/abstract target=ref>Nielsen et al. 2020</a>",1.7064000,"<a refstr=NIELSEN_ET_AL__2020 href=https://ui.adsabs.harvard.edu/abs/2020A&A...639A..76N/abstract target=ref>Nielsen et al. 2020</a>",12.17297400,11.7880000,1,1.288000,1.147000,1,"Transiting Exoplanet Survey Satellite (TESS)"
"WASP-186 b","WASP-186","TIC 411608801",5.02679900000,0.00001200000,-0.00001400000,"<a refstr=SCHANCHE_ET_AL__2020 href=https://ui.adsabs.harvard.edu/abs/2020MNRAS.499..428S/abstract target=ref>Schanche et al. 2020</a>",2456237.11950000,"<a refstr=SCHANCHE_ET_AL__2020 href=https://ui.adsabs.harvard.edu/abs/2020MNRAS.499..428S/abstract target=ref>Schanche et al. 2020</a>",0.61000000,"<a refstr=SCHANCHE_ET_AL__2020 href=https://ui.adsabs.harvard.edu/abs/2020MNRAS.499..428S/abstract target=ref>Schanche et al. 2020</a>",2.7040000,"<a refstr=SCHANCHE_ET_AL__2020 href=https://ui.adsabs.harvard.edu/abs/2020MNRAS.499..428S/abstract target=ref>Schanche et al. 2020</a>",12.44199000,10.3002000,1,1.470000,1.220000,1,"SuperWASP"
"K2-344 b","K2-344","TIC 203289099",3.35585000000,0.00009100000,-0.00009300000,"<a refstr=DE_LEON_ET_AL_2021 href=https://ui.adsabs.harvard.edu/abs/2021MNRAS.508..195D/abstract target=ref>de Leon et al. 2021</a>",2458095.74773100,"<a refstr=DE_LEON_ET_AL_2021 href=https://ui.adsabs.harvard.edu/abs/2021MNRAS.508..195D/abstract target=ref>de Leon et al. 2021</a>",0.11010000,"<a refstr=EXOFOP href=https://exofop.ipac.caltech.edu/tess/view_toi.php target=ref>ExoFOP</a>",1.7600000,"<a refstr=DE_LEON_ET_AL_2021 href=https://ui.adsabs.harvard.edu/abs/2021MNRAS.508..195D/abstract target=ref>de Leon et al. 2021</a>",1.59000000,11.7538000,1,0.490000,0.510000,1,"K2"
"HAT-P-59 b","HAT-P-59","TIC 229400092",4.14197710000,0.00000120000,-0.00000120000,"<a refstr=BAKOS_ET_AL__2021 href=https://ui.adsabs.harvard.edu/abs/2021AJ....162....7B/abstract target=ref>Bakos et al. 2021</a>",2458618.54088000,"<a refstr=BAKOS_ET_AL__2021 href=https://ui.adsabs.harvard.edu/abs/2021AJ....162....7B/abstract target=ref>Bakos et al. 2021</a>",1.01309412,"<a refstr=EXOFOP href=https://exofop.ipac.caltech.edu/tess/view_toi.php target=ref>ExoFOP</a>",2.3390000,"<a refstr=BAKOS_ET_AL__2021 href=https://ui.adsabs.harvard.edu/abs/2021AJ....162....7B/abstract target=ref>Bakos et al. 2021</a>",12.58768533,11.2086000,1,1.103800,1.008000,1,"HATNet"
"TOI-1333 b","TOI-1333","TIC 395171208",4.72021900000,0.00001100000,-0.00001100000,"<a refstr=RODRIGUEZ_ET_AL__2021 href=https://ui.adsabs.harvard.edu/abs/2021AJ....161..194R/abstract target=ref>Rodriguez et al. 2021</a>",2458913.37033000,"<a refstr=RODRIGUEZ_ET_AL__2021 href=https://ui.adsabs.harvard.edu/abs/2021AJ....161..194R/abstract target=ref>Rodriguez et al. 2021</a>",0.55500000,"<a refstr=RODRIGUEZ_ET_AL__2021 href=https://ui.adsabs.harvard.edu/abs/2021AJ....161..194R/abstract target=ref>Rodriguez et al. 2021</a>",4.6416000,"<a refstr=RODRIGUEZ_ET_AL__2021 href=https://ui.adsabs.harvard.edu/abs/2021AJ....161..194R/abstract target=ref>Rodriguez et al. 2021</a>",15.64776400,9.0352700,1,1.925000,1.464000,1,"Transiting Exoplanet Survey Satellite (TESS)"
"TOI-1201 b","TOI-1201","TIC 29960110",2.49198630000,0.00000300000,-0.00000310000,"<a refstr=KOSSAKOWSKI_ET_AL__2021 href=https://ui.adsabs.harvard.edu/abs/2021A&A...656A.124K/abstract target=ref>Kossakowski et al. 2021</a>",2459169.23222000,"<a refstr=KOSSAKOWSKI_ET_AL__2021 href=https://ui.adsabs.harvard.edu/abs/2021A&A...656A.124K/abstract target=ref>Kossakowski et al. 2021</a>",0.20939594,"<a refstr=EXOFOP href=https://exofop.ipac.caltech.edu/tess/view_toi.php target=ref>ExoFOP</a>",1.7470000,"<a refstr=KOSSAKOWSKI_ET_AL__2021 href=https://ui.adsabs.harvard.edu/abs/2021A&A...656A.124K/abstract target=ref>Kossakowski et al. 2021</a>",2.41500000,10.9473000,1,0.508000,0.512000,1,"Transiting Exoplanet Survey Satellite (TESS)"
"TOI-559 b","TOI-559","TIC 209459275",6.98390950000,0.00000510000,-0.00000510000,"<a refstr=IKWUT_UKWA_ET_AL__2022 href=https://ui.adsabs.harvard.edu/abs/2022AJ....163....9I/abstract target=ref>Ikwut-Ukwa et al. 2022</a>",2458893.81305000,"<a refstr=IKWUT_UKWA_ET_AL__2022 href=https://ui.adsabs.harvard.edu/abs/2022AJ....163....9I/abstract target=ref>Ikwut-Ukwa et al. 2022</a>",0.82760000,"<a refstr=IKWUT_UKWA_ET_AL__2022 href=https://ui.adsabs.harvard.edu/abs/2022AJ....163....9I/abstract target=ref>Ikwut-Ukwa et al. 2022</a>",5.1502000,"<a refstr=IKWUT_UKWA_ET_AL__2022 href=https://ui.adsabs.harvard.edu/abs/2022AJ....163....9I/abstract target=ref>Ikwut-Ukwa et al. 2022</a>",12.22899794,10.5704000,1,1.233000,1.026000,1,"Transiting Exoplanet Survey Satellite (TESS)"
"TOI-1268 b","TOI-1268","TIC 142394656",8.15770940000,0.00000450000,-0.00000450000,"<a refstr=SUBJAK_ET_AL_2022 href=https://ui.adsabs.harvard.edu/abs/2022A&A...662A.107S/abstract target=ref>&Scaron;ubjak et al. 2022</a>",2458711.74770000,"<a refstr=SUBJAK_ET_AL_2022 href=https://ui.adsabs.harvard.edu/abs/2022A&A...662A.107S/abstract target=ref>&Scaron;ubjak et al. 2022</a>",0.81860000,"<a refstr=SUBJAK_ET_AL_2022 href=https://ui.adsabs.harvard.edu/abs/2022A&A...662A.107S/abstract target=ref>&Scaron;ubjak et al. 2022</a>",4.0010000,"<a refstr=SUBJAK_ET_AL_2022 href=https://ui.adsabs.harvard.edu/abs/2022A&A...662A.107S/abstract target=ref>&Scaron;ubjak et al. 2022</a>",9.10000000,10.1495000,1,0.920000,0.960000,1,"Transiting Exoplanet Survey Satellite (TESS)"
"TOI-2136 b","TOI-2136","TIC 336128819",7.85192800000,0.00001800000,-0.00001600000,"<a refstr=GAN_ET_AL_2022 href=https://ui.adsabs.harvard.edu/abs/2022MNRAS.514.4120G/abstract target=ref>Gan et al. 2022</a>",2459017.70430000,"<a refstr=GAN_ET_AL_2022 href=https://ui.adsabs.harvard.edu/abs/2022MNRAS.514.4120G/abstract target=ref>Gan et al. 2022</a>",0.38739591,"<a refstr=EXOFOP href=https://exofop.ipac.caltech.edu/tess/view_toi.php target=ref>ExoFOP</a>",1.6600000,"<a refstr=BEARD_ET_AL_2022 href=https://ui.adsabs.harvard.edu/abs/2022AJ....163..286B/abstract target=ref>Beard et al. 2022</a>",2.19000000,11.7371000,1,0.340000,0.340000,1,"Transiting Exoplanet Survey Satellite (TESS)"
"TOI-620 b","TOI-620","TIC 296739893",5.09881790000,0.00000450000,-0.00000460000,"<a refstr=REEFE_ET_AL_2022 href=https://ui.adsabs.harvard.edu/abs/2022AJ....163..269R/abstract target=ref>Reefe et al. 2022</a>",2458992.19724000,"<a refstr=REEFE_ET_AL_2022 href=https://ui.adsabs.harvard.edu/abs/2022AJ....163..269R/abstract target=ref>Reefe et al. 2022</a>",0.39300000,"<a refstr=REEFE_ET_AL_2022 href=https://ui.adsabs.harvard.edu/abs/2022AJ....163..269R/abstract target=ref>Reefe et al. 2022</a>",1.3600000,"<a refstr=REEFE_ET_AL_2022 href=https://ui.adsabs.harvard.edu/abs/2022AJ....163..269R/abstract target=ref>Reefe et al. 2022</a>",3.76000000,10.2139000,1,0.550000,0.577000,1,"Transiting Exoplanet Survey Satellite (TESS)"
"TOI-4329 b","TOI-4329","TIC 256722647",2.92230000000,0.00015000000,-0.00015000000,"<a refstr=GRUNBLATT_ET_AL__2022 href=https://ui.adsabs.harvard.edu/abs/2022AJ....163..120G/abstract target=ref>Grunblatt et al. 2022</a>",2458765.06800000,"<a refstr=GRUNBLATT_ET_AL__2022 href=https://ui.adsabs.harvard.edu/abs/2022AJ....163..120G/abstract target=ref>Grunblatt et al. 2022</a>",0.57240177,"<a refstr=EXOFOP href=https://exofop.ipac.caltech.edu/tess/view_toi.php target=ref>ExoFOP</a>",5.5560255,"<a refstr=EXOFOP href=https://exofop.ipac.caltech.edu/tess/view_toi.php target=ref>ExoFOP</a>",16.81347105,11.8832000,1,2.310000,1.538000,1,"Transiting Exoplanet Survey Satellite (TESS)"
"TOI-2046 b","TOI-2046","TIC 468574941",1.49718420000,0.00000310000,-0.00000330000,"<a refstr=KABATH_ET_AL_2022 href=https://ui.adsabs.harvard.edu/abs/2022MNRAS.513.5955K/abstract target=ref>Kab&aacute;th et al. 2022</a>",2457792.27670000,"<a refstr=KABATH_ET_AL_2022 href=https://ui.adsabs.harvard.edu/abs/2022MNRAS.513.5955K/abstract target=ref>Kab&aacute;th et al. 2022</a>",1.62662492,"<a refstr=EXOFOP href=https://exofop.ipac.caltech.edu/tess/view_toi.php target=ref>ExoFOP</a>",2.4100000,"<a refstr=KABATH_ET_AL_2022 href=https://ui.adsabs.harvard.edu/abs/2022MNRAS.513.5955K/abstract target=ref>Kab&aacute;th et al. 2022</a>",16.14093221,10.9960000,1,1.210000,1.130000,1,"Transiting Exoplanet Survey Satellite (TESS)"
"TOI-2570 b","TOI-2570","TIC 239816546",2.98876150000,0.00000220000,-0.00000220000,"<a refstr=YEE_ET_AL__2022 href=https://ui.adsabs.harvard.edu/abs/2022AJ....164...70Y/abstract target=ref>Yee et al. 2022</a>",2459393.14532000,"<a refstr=YEE_ET_AL__2022 href=https://ui.adsabs.harvard.edu/abs/2022AJ....164...70Y/abstract target=ref>Yee et al. 2022</a>",1.30400000,"<a refstr=YEE_ET_AL__2022 href=https://ui.adsabs.harvard.edu/abs/2022AJ....164...70Y/abstract target=ref>Yee et al. 2022</a>",3.0064800,"<a refstr=YEE_ET_AL__2022 href=https://ui.adsabs.harvard.edu/abs/2022AJ....164...70Y/abstract target=ref>Yee et al. 2022</a>",13.64132951,11.9775000,1,1.095000,1.063000,1,"Transiting Exoplanet Survey Satellite (TESS)"
"TOI-3331 A b","TOI-3331 A","TIC 194795551",2.01802310000,0.00000430000,-0.00000440000,"<a refstr=YEE_ET_AL__2022 href=https://ui.adsabs.harvard.edu/abs/2022AJ....164...70Y/abstract target=ref>Yee et al. 2022</a>",2459371.65300000,"<a refstr=YEE_ET_AL__2022 href=https://ui.adsabs.harvard.edu/abs/2022AJ....164...70Y/abstract target=ref>Yee et al. 2022</a>",1.55900000,"<a refstr=YEE_ET_AL__2022 href=https://ui.adsabs.harvard.edu/abs/2022AJ....164...70Y/abstract target=ref>Yee et al. 2022</a>",2.1230400,"<a refstr=YEE_ET_AL__2022 href=https://ui.adsabs.harvard.edu/abs/2022AJ....164...70Y/abstract target=ref>Yee et al. 2022</a>",12.97999965,11.3208000,1,0.952000,1.016000,1,"Transiting Exoplanet Survey Satellite (TESS)"
"TOI-3693 b","TOI-3693","TIC 240823272",9.08851600000,0.00002600000,-0.00002700000,"<a refstr=YEE_ET_AL__2022 href=https://ui.adsabs.harvard.edu/abs/2022AJ....164...70Y/abstract target=ref>Yee et al. 2022</a>",2458806.68164000,"<a refstr=YEE_ET_AL__2022 href=https://ui.adsabs.harvard.edu/abs/2022AJ....164...70Y/abstract target=ref>Yee et al. 2022</a>",2.13400000,"<a refstr=YEE_ET_AL__2022 href=https://ui.adsabs.harvard.edu/abs/2022AJ....164...70Y/abstract target=ref>Yee et al. 2022</a>",3.5568000,"<a refstr=YEE_ET_AL__2022 href=https://ui.adsabs.harvard.edu/abs/2022AJ....164...70Y/abstract target=ref>Yee et al. 2022</a>",12.59889431,11.4190000,1,0.791000,0.867000,1,"Transiting Exoplanet Survey Satellite (TESS)"
"TOI-2196 b","TOI-2196","TIC 372172128",1.19472680000,0.00000790000,-0.00000930000,"<a refstr=PERSSON_ET_AL_2022 href=https://ui.adsabs.harvard.edu/abs/2022A&A...666A.184P/abstract target=ref>Persson et al. 2022</a>",2459036.51260000,"<a refstr=PERSSON_ET_AL_2022 href=https://ui.adsabs.harvard.edu/abs/2022A&A...666A.184P/abstract target=ref>Persson et al. 2022</a>",0.11272345,"<a refstr=EXOFOP href=https://exofop.ipac.caltech.edu/tess/view_toi.php target=ref>ExoFOP</a>",1.5040000,"<a refstr=PERSSON_ET_AL_2022 href=https://ui.adsabs.harvard.edu/abs/2022A&A...666A.184P/abstract target=ref>Persson et al. 2022</a>",3.51000000,11.3643000,1,1.043000,1.032000,1,"Transiting Exoplanet Survey Satellite (TESS)"
"TOI-2207 b","TOI-2207","TIC 90850770",8.00196800000,0.00002400000,-0.00002500000,"<a refstr=YEE_ET_AL__2022 href=https://ui.adsabs.harvard.edu/abs/2022AJ....164...70Y/abstract target=ref>Yee et al. 2022</a>",2459283.82747000,"<a refstr=YEE_ET_AL__2022 href=https://ui.adsabs.harvard.edu/abs/2022AJ....164...70Y/abstract target=ref>Yee et al. 2022</a>",0.42730000,"<a refstr=YEE_ET_AL__2022 href=https://ui.adsabs.harvard.edu/abs/2022AJ....164...70Y/abstract target=ref>Yee et al. 2022</a>",4.6320000,"<a refstr=YEE_ET_AL__2022 href=https://ui.adsabs.harvard.edu/abs/2022AJ....164...70Y/abstract target=ref>Yee et al. 2022</a>",11.15293580,10.9651000,1,1.564000,1.296000,1,"Transiting Exoplanet Survey Satellite (TESS)"
"TOI-2421 b","TOI-2421","TIC 70524163",4.34740320000,0.00000790000,-0.00000780000,"<a refstr=YEE_ET_AL__2022 href=https://ui.adsabs.harvard.edu/abs/2022AJ....164...70Y/abstract target=ref>Yee et al. 2022</a>",2458957.02765000,"<a refstr=YEE_ET_AL__2022 href=https://ui.adsabs.harvard.edu/abs/2022AJ....164...70Y/abstract target=ref>Yee et al. 2022</a>",0.29490000,"<a refstr=YEE_ET_AL__2022 href=https://ui.adsabs.harvard.edu/abs/2022AJ....164...70Y/abstract target=ref>Yee et al. 2022</a>",4.8624000,"<a refstr=YEE_ET_AL__2022 href=https://ui.adsabs.harvard.edu/abs/2022AJ....164...70Y/abstract target=ref>Yee et al. 2022</a>",10.36830715,10.6918000,1,1.750000,1.131000,1,"Transiting Exoplanet Survey Satellite (TESS)"
"TOI-2796 b","TOI-2796","TIC 220076110",4.80849830000,0.00000570000,-0.00000560000,"<a refstr=YEE_ET_AL__2023 href=https://ui.adsabs.harvard.edu/abs/2023ApJS..265....1Y/abstract target=ref>Yee et al. 2023</a>",2459026.48882000,"<a refstr=YEE_ET_AL__2023 href=https://ui.adsabs.harvard.edu/abs/2023ApJS..265....1Y/abstract target=ref>Yee et al. 2023</a>",2.24000000,"<a refstr=YEE_ET_AL__2023 href=https://ui.adsabs.harvard.edu/abs/2023ApJS..265....1Y/abstract target=ref>Yee et al. 2023</a>",1.9600000,"<a refstr=YEE_ET_AL__2023 href=https://ui.adsabs.harvard.edu/abs/2023ApJS..265....1Y/abstract target=ref>Yee et al. 2023</a>",17.26183028,11.9160000,1,1.069000,1.063000,1,"Transiting Exoplanet Survey Satellite (TESS)"
"TOI-4603 b","TOI-4603","TIC 437856897",7.24599000000,0.00022000000,-0.00021000000,"<a refstr=KHANDELWAL_ET_AL_2023 href=https://ui.adsabs.harvard.edu/abs/2023A&A...672L...7K/abstract target=ref>Khandelwal et al. 2023</a>",2459549.12600000,"<a refstr=KHANDELWAL_ET_AL_2023 href=https://ui.adsabs.harvard.edu/abs/2023A&A...672L...7K/abstract target=ref>Khandelwal et al. 2023</a>",0.15280000,"<a refstr=KHANDELWAL_ET_AL_2023 href=https://ui.adsabs.harvard.edu/abs/2023A&A...672L...7K/abstract target=ref>Khandelwal et al. 2023</a>",2.8540000,"<a refstr=KHANDELWAL_ET_AL_2023 href=https://ui.adsabs.harvard.edu/abs/2023A&A...672L...7K/abstract target=ref>Khandelwal et al. 2023</a>",11.67975789,8.6554000,1,2.738000,1.765000,1,"Transiting Exoplanet Survey Satellite (TESS)"
"MASCARA-1 b","MASCARA-1","TIC 354619337",2.14877381000,0.00000088000,-0.00000087000,"<a refstr=HOOTON_ET_AL__2022 href=https://ui.adsabs.harvard.edu/abs/2022A&A...658A..75H/abstract target=ref>Hooton et al. 2022</a>",2458833.48815100,"<a refstr=HOOTON_ET_AL__2022 href=https://ui.adsabs.harvard.edu/abs/2022A&A...658A..75H/abstract target=ref>Hooton et al. 2022</a>",0.62160000,"<a refstr=HOOTON_ET_AL__2022 href=https://ui.adsabs.harvard.edu/abs/2022A&A...658A..75H/abstract target=ref>Hooton et al. 2022</a>",4.2260000,"<a refstr=HOOTON_ET_AL__2022 href=https://ui.adsabs.harvard.edu/abs/2022A&A...658A..75H/abstract target=ref>Hooton et al. 2022</a>",17.90074218,8.0882100,1,2.082000,1.900000,1,"Multiple Observatories"
"TOI-3364 b","TOI-3364","TIC 280655495",5.87689180000,0.00000690000,-0.00000690000,"<a refstr=YEE_ET_AL__2023 href=https://ui.adsabs.harvard.edu/abs/2023ApJS..265....1Y/abstract target=ref>Yee et al. 2023</a>",2459090.99481000,"<a refstr=YEE_ET_AL__2023 href=https://ui.adsabs.harvard.edu/abs/2023ApJS..265....1Y/abstract target=ref>Yee et al. 2023</a>",0.62400000,"<a refstr=YEE_ET_AL__2023 href=https://ui.adsabs.harvard.edu/abs/2023ApJS..265....1Y/abstract target=ref>Yee et al. 2023</a>",4.6460000,"<a refstr=YEE_ET_AL__2023 href=https://ui.adsabs.harvard.edu/abs/2023ApJS..265....1Y/abstract target=ref>Yee et al. 2023</a>",12.22899794,10.8137000,1,1.419000,1.186000,1,"Transiting Exoplanet Survey Satellite (TESS)"
"TOI-3976 A b","TOI-3976 A","TIC 154293917",6.60766200000,0.00001600000,-0.00001500000,"<a refstr=YEE_ET_AL__2023 href=https://ui.adsabs.harvard.edu/abs/2023ApJS..265....1Y/abstract target=ref>Yee et al. 2023</a>",2459011.15791000,"<a refstr=YEE_ET_AL__2023 href=https://ui.adsabs.harvard.edu/abs/2023ApJS..265....1Y/abstract target=ref>Yee et al. 2023</a>",0.56200000,"<a refstr=YEE_ET_AL__2023 href=https://ui.adsabs.harvard.edu/abs/2023ApJS..265....1Y/abstract target=ref>Yee et al. 2023</a>",4.5170000,"<a refstr=YEE_ET_AL__2023 href=https://ui.adsabs.harvard.edu/abs/2023ApJS..265....1Y/abstract target=ref>Yee et al. 2023</a>",12.27383387,11.8136000,1,1.501000,1.254000,1,"Transiting Exoplanet Survey Satellite (TESS)"
"TOI-4087 b","TOI-4087","TIC 310002617",3.17748350000,0.00000094000,-0.00000094000,"<a refstr=YEE_ET_AL__2023 href=https://ui.adsabs.harvard.edu/abs/2023ApJS..265....1Y/abstract target=ref>Yee et al. 2023</a>",2459244.56641400,"<a refstr=YEE_ET_AL__2023 href=https://ui.adsabs.harvard.edu/abs/2023ApJS..265....1Y/abstract target=ref>Yee et al. 2023</a>",1.15650000,"<a refstr=YEE_ET_AL__2023 href=https://ui.adsabs.harvard.edu/abs/2023ApJS..265....1Y/abstract target=ref>Yee et al. 2023</a>",2.9842000,"<a refstr=YEE_ET_AL__2023 href=https://ui.adsabs.harvard.edu/abs/2023ApJS..265....1Y/abstract target=ref>Yee et al. 2023</a>",13.04725353,11.2961000,1,1.112000,1.178000,1,"Transiting Exoplanet Survey Satellite (TESS)"
"TOI-4791 b","TOI-4791","TIC 100389539",4.28088000000,0.00002200000,-0.00002300000,"<a refstr=YEE_ET_AL__2023 href=https://ui.adsabs.harvard.edu/abs/2023ApJS..265....1Y/abstract target=ref>Yee et al. 2023</a>",2459237.59508000,"<a refstr=YEE_ET_AL__2023 href=https://ui.adsabs.harvard.edu/abs/2023ApJS..265....1Y/abstract target=ref>Yee et al. 2023</a>",0.65500000,"<a refstr=YEE_ET_AL__2023 href=https://ui.adsabs.harvard.edu/abs/2023ApJS..265....1Y/abstract target=ref>Yee et al. 2023</a>",3.3340000,"<a refstr=YEE_ET_AL__2023 href=https://ui.adsabs.harvard.edu/abs/2023ApJS..265....1Y/abstract target=ref>Yee et al. 2023</a>",12.44196858,10.8961000,1,1.409000,1.242000,1,"Transiting Exoplanet Survey Satellite (TESS)"
"TOI-1811 b","TOI-1811","TIC 376524552",3.71307650000,0.00000170000,-0.00000170000,"<a refstr=RODRIGUEZ_ET_AL_2023 href=https://ui.adsabs.harvard.edu/abs/2023MNRAS.521.2765R/abstract target=ref>Rodriguez et al. 2023</a>",2459126.36846000,"<a refstr=RODRIGUEZ_ET_AL_2023 href=https://ui.adsabs.harvard.edu/abs/2023MNRAS.521.2765R/abstract target=ref>Rodriguez et al. 2023</a>",1.76100000,"<a refstr=RODRIGUEZ_ET_AL_2023 href=https://ui.adsabs.harvard.edu/abs/2023MNRAS.521.2765R/abstract target=ref>Rodriguez et al. 2023</a>",1.9510000,"<a refstr=RODRIGUEZ_ET_AL_2023 href=https://ui.adsabs.harvard.edu/abs/2023MNRAS.521.2765R/abstract target=ref>Rodriguez et al. 2023</a>",11.14172682,11.1237000,1,0.769000,0.817000,1,"Transiting Exoplanet Survey Satellite (TESS)"
"TOI-2364 b","TOI-2364","TIC 39414571",4.01975170000,0.00000430000,-0.00000430000,"<a refstr=YEE_ET_AL__2023 href=https://ui.adsabs.harvard.edu/abs/2023ApJS..265....1Y/abstract target=ref>Yee et al. 2023</a>",2459058.21396000,"<a refstr=YEE_ET_AL__2023 href=https://ui.adsabs.harvard.edu/abs/2023ApJS..265....1Y/abstract target=ref>Yee et al. 2023</a>",0.79400000,"<a refstr=YEE_ET_AL__2023 href=https://ui.adsabs.harvard.edu/abs/2023ApJS..265....1Y/abstract target=ref>Yee et al. 2023</a>",2.7751000,"<a refstr=YEE_ET_AL__2023 href=https://ui.adsabs.harvard.edu/abs/2023ApJS..265....1Y/abstract target=ref>Yee et al. 2023</a>",8.60849718,11.5521000,1,0.886000,0.954000,1,"Transiting Exoplanet Survey Satellite (TESS)"
"TOI-622 b","TOI-622","TIC 83092282",6.40251300000,0.00003100000,-0.00005400000,"<a refstr=PSARIDI_ET_AL__2023 href=https://ui.adsabs.harvard.edu/abs/2023A&A...675A..39P/abstract target=ref>Psaridi et al. 2023</a>",2458520.69176000,"<a refstr=PSARIDI_ET_AL__2023 href=https://ui.adsabs.harvard.edu/abs/2023A&A...675A..39P/abstract target=ref>Psaridi et al. 2023</a>",0.38149509,"<a refstr=EXOFOP href=https://exofop.ipac.caltech.edu/tess/view_toi.php target=ref>ExoFOP</a>",3.9070000,"<a refstr=PSARIDI_ET_AL__2023 href=https://ui.adsabs.harvard.edu/abs/2023A&A...675A..39P/abstract target=ref>Psaridi et al. 2023</a>",9.23620010,8.5615000,1,1.415000,1.313000,1,"Transiting Exoplanet Survey Satellite (TESS)"
"TOI-858 B b","TOI-858 B","TIC 198008005",3.27971780000,0.00000140000,-0.00000140000,"<a refstr=HAGELBERG_ET_AL__2023 href=https://ui.adsabs.harvard.edu/abs/2023A&A...679A..70H/abstract target=ref>Hagelberg et al. 2023</a>",2458386.45235000,"<a refstr=HAGELBERG_ET_AL__2023 href=https://ui.adsabs.harvard.edu/abs/2023A&A...679A..70H/abstract target=ref>Hagelberg et al. 2023</a>",0.97400000,"<a refstr=HAGELBERG_ET_AL__2023 href=https://ui.adsabs.harvard.edu/abs/2023A&A...679A..70H/abstract target=ref>Hagelberg et al. 2023</a>",3.6024000,"<a refstr=HAGELBERG_ET_AL__2023 href=https://ui.adsabs.harvard.edu/abs/2023A&A...679A..70H/abstract target=ref>Hagelberg et al. 2023</a>",14.06727078,10.6444000,1,1.308000,1.081000,1,"Transiting Exoplanet Survey Satellite (TESS)"
"TOI-2018 b","TOI-2018","TIC 357501308",7.43558300000,0.00002200000,-0.00002200000,"<a refstr=DAI_ET_AL_2023 href=https://ui.adsabs.harvard.edu/abs/2023AJ....166...49D/abstract target=ref>Dai et al. 2023</a>",2458958.25800000,"<a refstr=DAI_ET_AL_2023 href=https://ui.adsabs.harvard.edu/abs/2023AJ....166...49D/abstract target=ref>Dai et al. 2023</a>",0.13106803,"<a refstr=EXOFOP href=https://exofop.ipac.caltech.edu/tess/view_toi.php target=ref>ExoFOP</a>",2.3600000,"<a refstr=DAI_ET_AL_2023 href=https://ui.adsabs.harvard.edu/abs/2023AJ....166...49D/abstract target=ref>Dai et al. 2023</a>",2.26800000,8.9620000,1,0.620000,0.570000,1,"Transiting Exoplanet Survey Satellite (TESS)"
"TOI-244 b","TOI-244","TIC 118327550",7.39722500000,0.00002600000,-0.00002300000,"<a refstr=CASTRO_GONZALEZ_ET_AL_2023 href=https://ui.adsabs.harvard.edu/abs/2023A&A...675A..52C/abstract target=ref>Castro-Gonz&aacute;lez et al. 2023</a>",2458357.36270000,"<a refstr=CASTRO_GONZALEZ_ET_AL_2023 href=https://ui.adsabs.harvard.edu/abs/2023A&A...675A..52C/abstract target=ref>Castro-Gonz&aacute;lez et al. 2023</a>",0.10600000,"<a refstr=CASTRO_GONZALEZ_ET_AL_2023 href=https://ui.adsabs.harvard.edu/abs/2023A&A...675A..52C/abstract target=ref>Castro-Gonz&aacute;lez et al. 2023</a>",1.7000000,"<a refstr=CASTRO_GONZALEZ_ET_AL_2023 href=https://ui.adsabs.harvard.edu/abs/2023A&A...675A..52C/abstract target=ref>Castro-Gonz&aacute;lez et al. 2023</a>",1.52000000,10.3475000,1,0.426000,0.428000,1,"Transiting Exoplanet Survey Satellite (TESS)"
"WASP-79 b","WASP-79","TIC 170634116",3.66239200000,0.00000400000,-0.00000400000,"<a refstr=GRESSIER_ET_AL__2023 href=https://ui.adsabs.harvard.edu/abs/2023A&A...672A..34G/abstract target=ref>Gressier et al. 2023</a>",2458160.18696800,"<a refstr=SKAF_ET_AL__2020 href=https://ui.adsabs.harvard.edu/abs/2020AJ....160..109S/abstract target=ref>Skaf et al. 2020</a>",1.22536583,"<a refstr=EXOFOP href=https://exofop.ipac.caltech.edu/tess/view_toi.php target=ref>ExoFOP</a>",3.7669692,"<a refstr=EXOFOP href=https://exofop.ipac.caltech.edu/tess/view_toi.php target=ref>ExoFOP</a>",17.14974047,9.6757000,1,1.510000,1.390000,1,"SuperWASP"
"TOI-5803 b","TOI-5803","TIC 466382581",5.38305000000,0.00020700000,-0.00020000000,"<a refstr=MISTRY_ET_AL_2023 href=https://ui.adsabs.harvard.edu/abs/2023AJ....166....9M/abstract target=ref>Mistry et al. 2023</a>",2459802.71030000,"<a refstr=MISTRY_ET_AL_2023 href=https://ui.adsabs.harvard.edu/abs/2023AJ....166....9M/abstract target=ref>Mistry et al. 2023</a>",0.10780000,"<a refstr=EXOFOP href=https://exofop.ipac.caltech.edu/tess/view_toi.php target=ref>ExoFOP</a>",1.3820000,"<a refstr=EXOFOP href=https://exofop.ipac.caltech.edu/tess/view_toi.php target=ref>ExoFOP</a>",3.27320000,9.9370000,1,0.762500,0.870000,1,"Transiting Exoplanet Survey Satellite (TESS)"
"TOI-1273 b","TOI-1273","TIC 445859771",4.63129600000,0.00000300000,-0.00000300000,"<a refstr=SERRANO_BELL_ET_AL_2024 href=https://ui.adsabs.harvard.edu/abs/2024A&A...684A...6S/abstract target=ref>Serrano Bell et al. 2024</a>",2458712.34680000,"<a refstr=SERRANO_BELL_ET_AL_2024 href=https://ui.adsabs.harvard.edu/abs/2024A&A...684A...6S/abstract target=ref>Serrano Bell et al. 2024</a>",0.48600000,"<a refstr=EXOFOP href=https://exofop.ipac.caltech.edu/tess/view_toi.php target=ref>ExoFOP</a>",1.4350000,"<a refstr=EXOFOP href=https://exofop.ipac.caltech.edu/tess/view_toi.php target=ref>ExoFOP</a>",11.09689089,10.4180000,1,1.060000,1.060000,1,"Transiting Exoplanet Survey Satellite (TESS)"
"HAT-P-19 b","HAT-P-19","TIC 267650535",4.00878322000,0.00000019000,-0.00000019000,"<a refstr=KANG_ET_AL_2024 href=https://ui.adsabs.harvard.edu/abs/2024MNRAS.528.1930K/abstract target=ref>Kang et al. 2024</a>",2456610.86394500,"<a refstr=KANG_ET_AL_2024 href=https://ui.adsabs.harvard.edu/abs/2024MNRAS.528.1930K/abstract target=ref>Kang et al. 2024</a>",2.14837462,"<a refstr=EXOFOP href=https://exofop.ipac.caltech.edu/tess/view_toi.php target=ref>ExoFOP</a>",2.8368000,"<a refstr=HARTMAN_ET_AL__2011 href=https://ui.adsabs.harvard.edu/abs/2011ApJ...726...52H/abstract target=ref> Hartman et al. 2011 </a>",11.29865255,11.9475000,1,0.773000,0.807000,1,"HATNet"
"TOI-1853 b","TOI-1853","TIC 73540072",1.24362580000,0.00000150000,-0.00000150000,"<a refstr=NAPONIELLO_ET_AL_2023 href=https://ui.adsabs.harvard.edu/abs/2023Natur.622..255N/abstract target=ref>Naponiello et al. 2023</a>",2459690.74200000,"<a refstr=NAPONIELLO_ET_AL_2023 href=https://ui.adsabs.harvard.edu/abs/2023Natur.622..255N/abstract target=ref>Naponiello et al. 2023</a>",0.17900000,"<a refstr=EXOFOP href=https://exofop.ipac.caltech.edu/tess/view_toi.php target=ref>ExoFOP</a>",1.1900000,"<a refstr=NAPONIELLO_ET_AL_2023 href=https://ui.adsabs.harvard.edu/abs/2023Natur.622..255N/abstract target=ref>Naponiello et al. 2023</a>",3.46000000,11.3719000,1,0.808000,0.837000,1,"Transiting Exoplanet Survey Satellite (TESS)"
"TOI-1994 b","TOI-1994","TIC 445903569",4.03371420000,0.00000510000,-0.00000510000,"<a refstr=PAGE_ET_AL__2024 href=https://ui.adsabs.harvard.edu/abs/2024AJ....167..109P/abstract target=ref>Page et al. 2024</a>",2458854.37263000,"<a refstr=PAGE_ET_AL__2024 href=https://ui.adsabs.harvard.edu/abs/2024AJ....167..109P/abstract target=ref>Page et al. 2024</a>",0.29690000,"<a refstr=PAGE_ET_AL__2024 href=https://ui.adsabs.harvard.edu/abs/2024AJ....167..109P/abstract target=ref>Page et al. 2024</a>",4.0440000,"<a refstr=PAGE_ET_AL__2024 href=https://ui.adsabs.harvard.edu/abs/2024AJ....167..109P/abstract target=ref>Page et al. 2024</a>",13.67495645,10.2396000,1,2.300000,1.860000,1,"Transiting Exoplanet Survey Satellite (TESS)"
"TOI-4559 b","TOI-4559","TIC 271169413",3.96599100000,0.00031400000,-0.00033200000,"<a refstr=MISTRY_ET_AL_2024 href=https://ui.adsabs.harvard.edu/abs/2024PASA...41...30M/abstract target=ref>Mistry et al. 2024</a>",2459335.34470000,"<a refstr=MISTRY_ET_AL_2024 href=https://ui.adsabs.harvard.edu/abs/2024PASA...41...30M/abstract target=ref>Mistry et al. 2024</a>",0.12000000,"<a refstr=MISTRY_ET_AL_2024 href=https://ui.adsabs.harvard.edu/abs/2024PASA...41...30M/abstract target=ref>Mistry et al. 2024</a>",1.3900000,"<a refstr=MISTRY_ET_AL_2024 href=https://ui.adsabs.harvard.edu/abs/2024PASA...41...30M/abstract target=ref>Mistry et al. 2024</a>",1.41500000,10.9139000,1,0.374000,0.392000,1,"Transiting Exoplanet Survey Satellite (TESS)"
"TOI-4377 b","TOI-4377","TIC 394918211",4.37808100000,0.00001900000,-0.00001900000,"<a refstr=PEREIRA_ET_AL_2024 href=https://ui.adsabs.harvard.edu/abs/2024MNRAS.527.6332P/abstract target=ref>Pereira et al. 2024</a>",2458602.12450000,"<a refstr=PEREIRA_ET_AL_2024 href=https://ui.adsabs.harvard.edu/abs/2024MNRAS.527.6332P/abstract target=ref>Pereira et al. 2024</a>",0.16043825,"<a refstr=EXOFOP href=https://exofop.ipac.caltech.edu/tess/view_toi.php target=ref>ExoFOP</a>",8.4203321,"<a refstr=EXOFOP href=https://exofop.ipac.caltech.edu/tess/view_toi.php target=ref>ExoFOP</a>",15.10970598,10.7934000,1,3.520000,1.360000,1,"Transiting Exoplanet Survey Satellite (TESS)"
"TOI-5232 b","TOI-5232","TIC 69356857",4.09666920000,0.00000670000,-0.00000670000,"<a refstr=SCHULTE_ET_AL__2024 href=https://ui.adsabs.harvard.edu/abs/2024AJ....168...32S/abstract target=ref>Schulte et al. 2024</a>",2459857.92806000,"<a refstr=SCHULTE_ET_AL__2024 href=https://ui.adsabs.harvard.edu/abs/2024AJ....168...32S/abstract target=ref>Schulte et al. 2024</a>",0.48000000,"<a refstr=SCHULTE_ET_AL__2024 href=https://ui.adsabs.harvard.edu/abs/2024AJ....168...32S/abstract target=ref>Schulte et al. 2024</a>",4.7830000,"<a refstr=SCHULTE_ET_AL__2024 href=https://ui.adsabs.harvard.edu/abs/2024AJ....168...32S/abstract target=ref>Schulte et al. 2024</a>",12.77823800,11.7791000,1,1.785000,1.389000,1,"Transiting Exoplanet Survey Satellite (TESS)"
"TOI-6029 b","TOI-6029","TIC 419523962",5.79870000000,0.00040000000,-0.00040000000,"<a refstr=SAUNDERS_ET_AL__2024 href=https://ui.adsabs.harvard.edu/abs/2024AJ....168...81S/abstract target=ref>Saunders et al. 2024</a>",2459667.06700000,"<a refstr=SAUNDERS_ET_AL__2024 href=https://ui.adsabs.harvard.edu/abs/2024AJ....168...81S/abstract target=ref>Saunders et al. 2024</a>",0.23870000,"<a refstr=EXOFOP href=https://exofop.ipac.caltech.edu/tess/view_toi.php target=ref>ExoFOP</a>",5.6840000,"<a refstr=EXOFOP href=https://exofop.ipac.caltech.edu/tess/view_toi.php target=ref>ExoFOP</a>",14.39233122,11.6593000,1,2.338000,1.548000,1,"Transiting Exoplanet Survey Satellite (TESS)"
"TOI-1601 b","TOI-1601","TIC 139375960",5.33175000000,0.00014000000,-0.00014000000,"<a refstr=POLANSKI_ET_AL__2024 href=https://ui.adsabs.harvard.edu/abs/2024ApJS..272...32P/abstract target=ref>Polanski et al. 2024</a>",2458793.27530000,"<a refstr=POLANSKI_ET_AL__2024 href=https://ui.adsabs.harvard.edu/abs/2024ApJS..272...32P/abstract target=ref>Polanski et al. 2024</a>",0.42200000,"<a refstr=EXOFOP href=https://exofop.ipac.caltech.edu/tess/view_toi.php target=ref>ExoFOP</a>",6.4852265,"<a refstr=POLANSKI_ET_AL__2024 href=https://ui.adsabs.harvard.edu/abs/2024ApJS..272...32P/abstract target=ref>Polanski et al. 2024</a>",14.19902343,10.1035000,1,2.195000,1.505500,1,"Transiting Exoplanet Survey Satellite (TESS)"
"TOI-1683.01","TOI-1683","TIC 58542531",3.05753560000,,,"<a refstr=HORD_ET_AL__2024 href=https://ui.adsabs.harvard.edu/abs/2024AJ....167..233H/abstract target=ref>Hord et al. 2024</a>",2458816.41152400,"<a refstr=EXOFOP href=https://exofop.ipac.caltech.edu/tess/view_toi.php target=ref>ExoFOP</a>",0.11179638,"<a refstr=EXOFOP href=https://exofop.ipac.caltech.edu/tess/view_toi.php target=ref>ExoFOP</a>",1.3180000,"<a refstr=HORD_ET_AL__2024 href=https://ui.adsabs.harvard.edu/abs/2024AJ....167..233H/abstract target=ref>Hord et al. 2024</a>",2.63820000,9.7940000,1,0.700000,0.694661,1,"Transiting Exoplanet Survey Satellite (TESS)"
"TOI-1298 b","TOI-1298","TIC 237104103",4.53714300000,0.00000300000,-0.00000300000,"<a refstr=POLANSKI_ET_AL__2024 href=https://ui.adsabs.harvard.edu/abs/2024ApJS..272...32P/abstract target=ref>Polanski et al. 2024</a>",2458934.12245000,"<a refstr=POLANSKI_ET_AL__2024 href=https://ui.adsabs.harvard.edu/abs/2024ApJS..272...32P/abstract target=ref>Polanski et al. 2024</a>",0.41997559,"<a refstr=EXOFOP href=https://exofop.ipac.caltech.edu/tess/view_toi.php target=ref>ExoFOP</a>",4.0292720,"<a refstr=POLANSKI_ET_AL__2024 href=https://ui.adsabs.harvard.edu/abs/2024ApJS..272...32P/abstract target=ref>Polanski et al. 2024</a>",9.65807033,10.9585000,1,1.453600,1.218700,1,"Transiting Exoplanet Survey Satellite (TESS)"
"BD-14 3065 b","BD-14 3065 A","TIC 293607057",4.28897310000,0.00000520000,-0.00000520000,"<a refstr=SUBJAK_ET_AL_2024 href=https://ui.adsabs.harvard.edu/abs/2024A&A...688A.120S/abstract target=ref>&Scaron;ubjak et al. 2024</a>",2459313.48578000,"<a refstr=SUBJAK_ET_AL_2024 href=https://ui.adsabs.harvard.edu/abs/2024A&A...688A.120S/abstract target=ref>&Scaron;ubjak et al. 2024</a>",0.64900000,"<a refstr=SUBJAK_ET_AL_2024 href=https://ui.adsabs.harvard.edu/abs/2024A&A...688A.120S/abstract target=ref>&Scaron;ubjak et al. 2024</a>",3.0860000,"<a refstr=SUBJAK_ET_AL_2024 href=https://ui.adsabs.harvard.edu/abs/2024A&A...688A.120S/abstract target=ref>&Scaron;ubjak et al. 2024</a>",21.59000000,10.6311000,1,2.350000,1.410000,1,"Transiting Exoplanet Survey Satellite (TESS)"
"TOI-1842 b","TOI-1842","TIC 404505029",9.57391810000,0.00000990000,-0.00000990000,"<a refstr=POLANSKI_ET_AL__2024 href=https://ui.adsabs.harvard.edu/abs/2024ApJS..272...32P/abstract target=ref>Polanski et al. 2024</a>",2458933.33614000,"<a refstr=POLANSKI_ET_AL__2024 href=https://ui.adsabs.harvard.edu/abs/2024ApJS..272...32P/abstract target=ref>Polanski et al. 2024</a>",0.31700000,"<a refstr=EXOFOP href=https://exofop.ipac.caltech.edu/tess/view_toi.php target=ref>ExoFOP</a>",4.3070829,"<a refstr=POLANSKI_ET_AL__2024 href=https://ui.adsabs.harvard.edu/abs/2024ApJS..272...32P/abstract target=ref>Polanski et al. 2024</a>",12.34850230,9.2673300,1,2.032000,1.464300,1,"Transiting Exoplanet Survey Satellite (TESS)"
"TOI-3071 b","TOI-3071","TIC 452006073",1.26693800000,0.00000200000,-0.00000200000,"<a refstr=HACKER_ET_AL_2024 href=https://ui.adsabs.harvard.edu/abs/2024MNRAS.532.1612H/abstract target=ref>Hacker et al. 2024</a>",2458594.60800000,"<a refstr=HACKER_ET_AL_2024 href=https://ui.adsabs.harvard.edu/abs/2024MNRAS.532.1612H/abstract target=ref>Hacker et al. 2024</a>",0.25800000,"<a refstr=EXOFOP href=https://exofop.ipac.caltech.edu/tess/view_toi.php target=ref>ExoFOP</a>",1.8500000,"<a refstr=HACKER_ET_AL_2024 href=https://ui.adsabs.harvard.edu/abs/2024MNRAS.532.1612H/abstract target=ref>Hacker et al. 2024</a>",7.16000000,11.8706000,1,1.310000,1.290000,1,"Transiting Exoplanet Survey Satellite (TESS)"
"TOI-1855 b","TOI-1855","TIC 81247740",1.36414864000,0.00000051000,-0.00000051000,"<a refstr=SCHULTE_ET_AL__2024 href=https://ui.adsabs.harvard.edu/abs/2024AJ....168...32S/abstract target=ref>Schulte et al. 2024</a>",2459243.19743000,"<a refstr=SCHULTE_ET_AL__2024 href=https://ui.adsabs.harvard.edu/abs/2024AJ....168...32S/abstract target=ref>Schulte et al. 2024</a>",0.70700000,"<a refstr=SCHULTE_ET_AL__2024 href=https://ui.adsabs.harvard.edu/abs/2024AJ....168...32S/abstract target=ref>Schulte et al. 2024</a>",1.1940000,"<a refstr=SCHULTE_ET_AL__2024 href=https://ui.adsabs.harvard.edu/abs/2024AJ....168...32S/abstract target=ref>Schulte et al. 2024</a>",18.49481816,10.6503000,1,1.041000,0.987000,1,"Transiting Exoplanet Survey Satellite (TESS)"
"TOI-2368 b","TOI-2368","TIC 401125028",5.17500730000,0.00000160000,-0.00000160000,"<a refstr=SCHULTE_ET_AL__2024 href=https://ui.adsabs.harvard.edu/abs/2024AJ....168...32S/abstract target=ref>Schulte et al. 2024</a>",2459752.59549000,"<a refstr=SCHULTE_ET_AL__2024 href=https://ui.adsabs.harvard.edu/abs/2024AJ....168...32S/abstract target=ref>Schulte et al. 2024</a>",1.28300000,"<a refstr=SCHULTE_ET_AL__2024 href=https://ui.adsabs.harvard.edu/abs/2024AJ....168...32S/abstract target=ref>Schulte et al. 2024</a>",2.0250000,"<a refstr=SCHULTE_ET_AL__2024 href=https://ui.adsabs.harvard.edu/abs/2024AJ....168...32S/abstract target=ref>Schulte et al. 2024</a>",10.83908434,11.6955000,1,0.846000,0.897000,1,"Transiting Exoplanet Survey Satellite (TESS)"
"TOI-2107 b","TOI-2107","TIC 446549906",2.45454670000,0.00000130000,-0.00000130000,"<a refstr=SCHULTE_ET_AL__2024 href=https://ui.adsabs.harvard.edu/abs/2024AJ....168...32S/abstract target=ref>Schulte et al. 2024</a>",2459228.98176000,"<a refstr=SCHULTE_ET_AL__2024 href=https://ui.adsabs.harvard.edu/abs/2024AJ....168...32S/abstract target=ref>Schulte et al. 2024</a>",2.13100000,"<a refstr=SCHULTE_ET_AL__2024 href=https://ui.adsabs.harvard.edu/abs/2024AJ....168...32S/abstract target=ref>Schulte et al. 2024</a>",2.5956000,"<a refstr=SCHULTE_ET_AL__2024 href=https://ui.adsabs.harvard.edu/abs/2024AJ....168...32S/abstract target=ref>Schulte et al. 2024</a>",13.57407563,11.3819000,1,0.932000,0.961000,1,"Transiting Exoplanet Survey Satellite (TESS)"
"TOI-1248 b","TOI-1248","TIC 232612416",4.36015610000,0.00000110000,-0.00000110000,"<a refstr=POLANSKI_ET_AL__2024 href=https://ui.adsabs.harvard.edu/abs/2024ApJS..272...32P/abstract target=ref>Polanski et al. 2024</a>",2458687.12116000,"<a refstr=POLANSKI_ET_AL__2024 href=https://ui.adsabs.harvard.edu/abs/2024ApJS..272...32P/abstract target=ref>Polanski et al. 2024</a>",0.55922909,"<a refstr=EXOFOP href=https://exofop.ipac.caltech.edu/tess/view_toi.php target=ref>ExoFOP</a>",2.3141338,"<a refstr=POLANSKI_ET_AL__2024 href=https://ui.adsabs.harvard.edu/abs/2024ApJS..272...32P/abstract target=ref>Polanski et al. 2024</a>",6.80848590,11.1153000,1,0.868600,0.904200,1,"Transiting Exoplanet Survey Satellite (TESS)"
"TOI-837 b","TOI-837","TIC 460205581",8.32491130000,0.00000360000,-0.00000360000,"<a refstr=BARRAG_AACUTE_N_ET_AL__2024 href=https://ui.adsabs.harvard.edu/abs/2024MNRAS.531.4275B/abstract target=ref>Barrag&aacute;n et al. 2024</a>",2459356.81398000,"<a refstr=BARRAG_AACUTE_N_ET_AL__2024 href=https://ui.adsabs.harvard.edu/abs/2024MNRAS.531.4275B/abstract target=ref>Barrag&aacute;n et al. 2024</a>",0.45350000,"<a refstr=EXOFOP href=https://exofop.ipac.caltech.edu/tess/view_toi.php target=ref>ExoFOP</a>",1.9830000,"<a refstr=BARRAG_AACUTE_N_ET_AL__2024 href=https://ui.adsabs.harvard.edu/abs/2024MNRAS.531.4275B/abstract target=ref>Barrag&aacute;n et al. 2024</a>",9.16894621,9.9322000,1,1.052000,1.142000,1,"Transiting Exoplanet Survey Satellite (TESS)"
"TOI-3321 b","TOI-3321","TIC 306648160",3.65251450000,0.00000270000,-0.00000280000,"<a refstr=SCHULTE_ET_AL__2024 href=https://ui.adsabs.harvard.edu/abs/2024AJ....168...32S/abstract target=ref>Schulte et al. 2024</a>",2458940.81751000,"<a refstr=SCHULTE_ET_AL__2024 href=https://ui.adsabs.harvard.edu/abs/2024AJ....168...32S/abstract target=ref>Schulte et al. 2024</a>",0.96600000,"<a refstr=SCHULTE_ET_AL__2024 href=https://ui.adsabs.harvard.edu/abs/2024AJ....168...32S/abstract target=ref>Schulte et al. 2024</a>",4.3100000,"<a refstr=SCHULTE_ET_AL__2024 href=https://ui.adsabs.harvard.edu/abs/2024AJ....168...32S/abstract target=ref>Schulte et al. 2024</a>",15.55806521,10.6651000,1,1.549000,1.041000,1,"Transiting Exoplanet Survey Satellite (TESS)"
"K2-237 b","K2-237","TIC 16288184",2.18053332000,0.00000054000,-0.00000054000,"<a refstr=THYGESEN_ET_AL__2023 href=https://ui.adsabs.harvard.edu/abs/2023AJ....165..155T/abstract target=ref>Thygesen et al. 2023</a>",2457706.61618000,"<a refstr=THYGESEN_ET_AL__2023 href=https://ui.adsabs.harvard.edu/abs/2023AJ....165..155T/abstract target=ref>Thygesen et al. 2023</a>",1.41600000,"<a refstr=THYGESEN_ET_AL__2023 href=https://ui.adsabs.harvard.edu/abs/2023AJ....165..155T/abstract target=ref>Thygesen et al. 2023</a>",2.9272800,"<a refstr=THYGESEN_ET_AL__2023 href=https://ui.adsabs.harvard.edu/abs/2023AJ....165..155T/abstract target=ref>Thygesen et al. 2023</a>",16.06246934,11.0657000,1,1.236000,1.256000,1,"K2"
"KELT-24 b","KELT-24","TIC 349827430",5.55149296000,0.00000050000,-0.00000053000,"<a refstr=GIOVINAZZI_ET_AL__2024 href=https://ui.adsabs.harvard.edu/abs/2024AJ....168..118G/abstract target=ref>Giovinazzi et al. 2024</a>",2459173.34742600,"<a refstr=GIOVINAZZI_ET_AL__2024 href=https://ui.adsabs.harvard.edu/abs/2024AJ....168..118G/abstract target=ref>Giovinazzi et al. 2024</a>",0.75730000,"<a refstr=GIOVINAZZI_ET_AL__2024 href=https://ui.adsabs.harvard.edu/abs/2024AJ....168..118G/abstract target=ref>Giovinazzi et al. 2024</a>",4.3032000,"<a refstr=GIOVINAZZI_ET_AL__2024 href=https://ui.adsabs.harvard.edu/abs/2024AJ....168..118G/abstract target=ref>Giovinazzi et al. 2024</a>",12.71098411,7.9179000,1,1.338000,1.268000,1,"KELT-North"
"TOI-5005 b","TOI-5005","TIC 282485660",6.30850440000,0.00000920000,-0.00000880000,"<a refstr=CASTRO_GONZALEZ_ET_AL_2024 href=https://ui.adsabs.harvard.edu/abs/2024A&A...691A.233C/abstract target=ref>Castro-Gonz&aacute;lez et al. 2024</a>",2460090.03560000,"<a refstr=CASTRO_GONZALEZ_ET_AL_2024 href=https://ui.adsabs.harvard.edu/abs/2024A&A...691A.233C/abstract target=ref>Castro-Gonz&aacute;lez et al. 2024</a>",0.38000000,"<a refstr=CASTRO_GONZALEZ_ET_AL_2024 href=https://ui.adsabs.harvard.edu/abs/2024A&A...691A.233C/abstract target=ref>Castro-Gonz&aacute;lez et al. 2024</a>",3.1440000,"<a refstr=CASTRO_GONZALEZ_ET_AL_2024 href=https://ui.adsabs.harvard.edu/abs/2024A&A...691A.233C/abstract target=ref>Castro-Gonz&aacute;lez et al. 2024</a>",6.25000000,11.1300000,1,0.930000,0.970000,1,"Transiting Exoplanet Survey Satellite (TESS)"
"TOI-2768 b","TOI-2768","TIC 443556801",1.50801000000,0.00000600000,-0.00000600000,"<a refstr=PEL_AMP_AACUTE_EZ_TORRES_ET_AL__2024 href=https://ui.adsabs.harvard.edu/abs/2024A&A...690A..62P/abstract target=ref>Pel&aacute;ez-Torres et al. 2024</a>",2459225.64420000,"<a refstr=PEL_AMP_AACUTE_EZ_TORRES_ET_AL__2024 href=https://ui.adsabs.harvard.edu/abs/2024A&A...690A..62P/abstract target=ref>Pel&aacute;ez-Torres et al. 2024</a>",0.17900000,"<a refstr=EXOFOP href=https://exofop.ipac.caltech.edu/tess/view_toi.php target=ref>ExoFOP</a>",1.0320000,"<a refstr=EXOFOP href=https://exofop.ipac.caltech.edu/tess/view_toi.php target=ref>ExoFOP</a>",2.63000000,11.3676000,1,0.657000,0.630000,1,"Transiting Exoplanet Survey Satellite (TESS)"
"TOI-1174 b","TOI-1174","TIC 154089169",8.95348768300,0.00000903900,-0.00001031400,"<a refstr=CROSSFIELD_ET_AL_2025 href=https://ui.adsabs.harvard.edu/abs/2025AJ....169...89C/abstract target=ref>Crossfield et al. 2025</a>",2459657.03302000,"<a refstr=CROSSFIELD_ET_AL_2025 href=https://ui.adsabs.harvard.edu/abs/2025AJ....169...89C/abstract target=ref>Crossfield et al. 2025</a>",0.11360000,"<a refstr=EXOFOP href=https://exofop.ipac.caltech.edu/tess/view_toi.php target=ref>ExoFOP</a>",3.0631000,"<a refstr=CROSSFIELD_ET_AL_2025 href=https://ui.adsabs.harvard.edu/abs/2025AJ....169...89C/abstract target=ref>Crossfield et al. 2025</a>",2.56200000,10.2549000,1,0.760000,0.850000,1,"Transiting Exoplanet Survey Satellite (TESS)"
"TOI-1180 b","TOI-1180","TIC 158002130",9.68676037800,0.00000644100,-0.00000670600,"<a refstr=CROSSFIELD_ET_AL_2025 href=https://ui.adsabs.harvard.edu/abs/2025AJ....169...89C/abstract target=ref>Crossfield et al. 2025</a>",2459950.32735000,"<a refstr=CROSSFIELD_ET_AL_2025 href=https://ui.adsabs.harvard.edu/abs/2025AJ....169...89C/abstract target=ref>Crossfield et al. 2025</a>",0.16690000,"<a refstr=EXOFOP href=https://exofop.ipac.caltech.edu/tess/view_toi.php target=ref>ExoFOP</a>",2.7490000,"<a refstr=CROSSFIELD_ET_AL_2025 href=https://ui.adsabs.harvard.edu/abs/2025AJ....169...89C/abstract target=ref>Crossfield et al. 2025</a>",3.07200000,10.1120000,1,0.730000,0.750000,1,"Transiting Exoplanet Survey Satellite (TESS)"
"TOI-1295 b","TOI-1295","TIC 219852584",3.19688380000,0.00000050000,-0.00000050000,"<a refstr=EHRHARDT_ET_AL__2024 href=https://ui.adsabs.harvard.edu/abs/2024A&A...692A.220E/abstract target=ref>Ehrhardt et al. 2024</a>",2459913.37999000,"<a refstr=EHRHARDT_ET_AL__2024 href=https://ui.adsabs.harvard.edu/abs/2024A&A...692A.220E/abstract target=ref>Ehrhardt et al. 2024</a>",0.79589807,"<a refstr=EXOFOP href=https://exofop.ipac.caltech.edu/tess/view_toi.php target=ref>ExoFOP</a>",6.2000000,"<a refstr=EHRHARDT_ET_AL__2024 href=https://ui.adsabs.harvard.edu/abs/2024A&A...692A.220E/abstract target=ref>Ehrhardt et al. 2024</a>",15.69257298,10.7973000,1,1.700000,1.380000,1,"Transiting Exoplanet Survey Satellite (TESS)"
"TOI-6130 b","TOI-6130","TIC 210083929",2.39267900000,0.00000200000,-0.00000200000,"<a refstr=EHRHARDT_ET_AL__2024 href=https://ui.adsabs.harvard.edu/abs/2024A&A...692A.220E/abstract target=ref>Ehrhardt et al. 2024</a>",2459849.63919000,"<a refstr=EHRHARDT_ET_AL__2024 href=https://ui.adsabs.harvard.edu/abs/2024A&A...692A.220E/abstract target=ref>Ehrhardt et al. 2024</a>",1.34050000,"<a refstr=EXOFOP href=https://exofop.ipac.caltech.edu/tess/view_toi.php target=ref>ExoFOP</a>",2.4200000,"<a refstr=EHRHARDT_ET_AL__2024 href=https://ui.adsabs.harvard.edu/abs/2024A&A...692A.220E/abstract target=ref>Ehrhardt et al. 2024</a>",14.34749530,10.5581000,1,1.510000,1.310000,1,"Transiting Exoplanet Survey Satellite (TESS)"
"TOI-1467 b","TOI-1467","TIC 240968774",5.97114713000,0.00000874600,-0.00000847000,"<a refstr=CROSSFIELD_ET_AL_2025 href=https://ui.adsabs.harvard.edu/abs/2025AJ....169...89C/abstract target=ref>Crossfield et al. 2025</a>",2458766.98850000,"<a refstr=CROSSFIELD_ET_AL_2025 href=https://ui.adsabs.harvard.edu/abs/2025AJ....169...89C/abstract target=ref>Crossfield et al. 2025</a>",0.14371086,"<a refstr=EXOFOP href=https://exofop.ipac.caltech.edu/tess/view_toi.php target=ref>ExoFOP</a>",1.5784000,"<a refstr=CROSSFIELD_ET_AL_2025 href=https://ui.adsabs.harvard.edu/abs/2025AJ....169...89C/abstract target=ref>Crossfield et al. 2025</a>",1.92000000,10.5977000,1,0.491000,0.489000,1,"Transiting Exoplanet Survey Satellite (TESS)"
"TOI-6038 A b","TOI-6038 A","TIC 194736418",5.82673110000,0.00000740000,-0.00000680000,"<a refstr=BALIWAL_ET_AL_2025 href=https://ui.adsabs.harvard.edu/abs/2025AJ....169..147B/abstract target=ref>Baliwal et al. 2025</a>",2459883.05800000,"<a refstr=BALIWAL_ET_AL_2025 href=https://ui.adsabs.harvard.edu/abs/2025AJ....169..147B/abstract target=ref>Baliwal et al. 2025</a>",0.12740000,"<a refstr=BALIWAL_ET_AL_2025 href=https://ui.adsabs.harvard.edu/abs/2025AJ....169..147B/abstract target=ref>Baliwal et al. 2025</a>",5.0420000,"<a refstr=BALIWAL_ET_AL_2025 href=https://ui.adsabs.harvard.edu/abs/2025AJ....169..147B/abstract target=ref>Baliwal et al. 2025</a>",6.41000000,9.3229000,1,1.648000,1.291000,1,"Transiting Exoplanet Survey Satellite (TESS)"
"TOI-2420 b","TOI-2420","TIC 268532343",5.84264100000,0.00001500000,-0.00001300000,"<a refstr=CARLEO_ET_AL__2024 href=https://ui.adsabs.harvard.edu/abs/2024A&A...690A..18C/abstract target=ref>Carleo et al. 2024</a>",2458388.41190000,"<a refstr=CARLEO_ET_AL__2024 href=https://ui.adsabs.harvard.edu/abs/2024A&A...690A..18C/abstract target=ref>Carleo et al. 2024</a>",0.26700000,"<a refstr=EXOFOP href=https://exofop.ipac.caltech.edu/tess/view_toi.php target=ref>ExoFOP</a>",4.5540000,"<a refstr=CARLEO_ET_AL__2024 href=https://ui.adsabs.harvard.edu/abs/2024A&A...690A..18C/abstract target=ref>Carleo et al. 2024</a>",15.02003414,10.8285000,1,2.369000,1.158000,1,"Transiting Exoplanet Survey Satellite (TESS)"
"TOI-4734 b","TOI-4734","TIC 97714451",6.23563300000,0.00001000000,-0.00001100000,"<a refstr=YEE_ET_AL_2025 href=https://ui.adsabs.harvard.edu/abs/2025ApJS..280...30Y/abstract target=ref>Yee et al. 2025</a>",2459710.23803000,"<a refstr=YEE_ET_AL_2025 href=https://ui.adsabs.harvard.edu/abs/2025ApJS..280...30Y/abstract target=ref>Yee et al. 2025</a>",0.29080000,"<a refstr=YEE_ET_AL_2025 href=https://ui.adsabs.harvard.edu/abs/2025ApJS..280...30Y/abstract target=ref>Yee et al. 2025</a>",5.8130000,"<a refstr=YEE_ET_AL_2025 href=https://ui.adsabs.harvard.edu/abs/2025ApJS..280...30Y/abstract target=ref>Yee et al. 2025</a>",10.91754720,11.9039000,1,1.857000,1.391000,1,"Transiting Exoplanet Survey Satellite (TESS)"
"TOI-2969 b","TOI-2969","TIC 36452991",1.82371460000,0.00000020000,-0.00000020000,"<a refstr=FRENSCH_ET_AL_2025 href=https://ui.adsabs.harvard.edu/abs/2025A&A...700A.118F/abstract target=ref>Frensch et al. 2025</a>",2459303.30015000,"<a refstr=FRENSCH_ET_AL_2025 href=https://ui.adsabs.harvard.edu/abs/2025A&A...700A.118F/abstract target=ref>Frensch et al. 2025</a>",2.29200000,"<a refstr=EXOFOP href=https://exofop.ipac.caltech.edu/tess/view_toi.php target=ref>ExoFOP</a>",1.8460000,"<a refstr=FRENSCH_ET_AL_2025 href=https://ui.adsabs.harvard.edu/abs/2025A&A...700A.118F/abstract target=ref>Frensch et al. 2025</a>",12.32987877,11.9361000,1,0.700000,0.710000,1,"Transiting Exoplanet Survey Satellite (TESS)"
"TOI-5340 b","TOI-5340","TIC 14156936",4.93943920000,0.00000710000,-0.00000720000,"<a refstr=YEE_ET_AL_2025 href=https://ui.adsabs.harvard.edu/abs/2025ApJS..280...30Y/abstract target=ref>Yee et al. 2025</a>",2459712.57912000,"<a refstr=YEE_ET_AL_2025 href=https://ui.adsabs.harvard.edu/abs/2025ApJS..280...30Y/abstract target=ref>Yee et al. 2025</a>",0.56300000,"<a refstr=YEE_ET_AL_2025 href=https://ui.adsabs.harvard.edu/abs/2025ApJS..280...30Y/abstract target=ref>Yee et al. 2025</a>",4.9800000,"<a refstr=YEE_ET_AL_2025 href=https://ui.adsabs.harvard.edu/abs/2025ApJS..280...30Y/abstract target=ref>Yee et al. 2025</a>",15.07607904,11.7085000,1,1.842000,1.350000,1,"Transiting Exoplanet Survey Satellite (TESS)"
"TOI-5386 A b","TOI-5386 A","TIC 202425357",3.62156552000,0.00000083000,-0.00000083000,"<a refstr=YEE_ET_AL_2025 href=https://ui.adsabs.harvard.edu/abs/2025ApJS..280...30Y/abstract target=ref>Yee et al. 2025</a>",2459621.28242000,"<a refstr=YEE_ET_AL_2025 href=https://ui.adsabs.harvard.edu/abs/2025ApJS..280...30Y/abstract target=ref>Yee et al. 2025</a>",1.17200000,"<a refstr=YEE_ET_AL_2025 href=https://ui.adsabs.harvard.edu/abs/2025ApJS..280...30Y/abstract target=ref>Yee et al. 2025</a>",2.2230000,"<a refstr=YEE_ET_AL_2025 href=https://ui.adsabs.harvard.edu/abs/2025ApJS..280...30Y/abstract target=ref>Yee et al. 2025</a>",14.70618268,11.3502000,1,1.245000,1.165000,1,"Transiting Exoplanet Survey Satellite (TESS)"
"TOI-640 b","TOI-640","TIC 147977348",5.00377700000,0.00000200000,-0.00000300000,"<a refstr=KNUDSTRUP_ET_AL__2023 href=https://ui.adsabs.harvard.edu/abs/2023A&A...671A.164K/abstract target=ref>Knudstrup et al. 2023</a>",2458459.74130000,"<a refstr=KNUDSTRUP_ET_AL__2023 href=https://ui.adsabs.harvard.edu/abs/2023A&A...671A.164K/abstract target=ref>Knudstrup et al. 2023</a>",0.73900000,"<a refstr=EXOFOP href=https://exofop.ipac.caltech.edu/tess/view_toi.php target=ref>ExoFOP</a>",3.6960000,"<a refstr=KNUDSTRUP_ET_AL__2023 href=https://ui.adsabs.harvard.edu/abs/2023A&A...671A.164K/abstract target=ref>Knudstrup et al. 2023</a>",19.27944680,10.0367000,1,2.082000,1.536000,1,"Transiting Exoplanet Survey Satellite (TESS)"
"TOI-5143 c","TOI-5143","TIC 281837575",5.20971180000,0.00000320000,-0.00000390000,"<a refstr=RADZOM_ET_AL__2025 href=https://ui.adsabs.harvard.edu/abs/2025AJ....169..189R/abstract target=ref>Radzom et al. 2025</a>",2459527.24264000,"<a refstr=RADZOM_ET_AL__2025 href=https://ui.adsabs.harvard.edu/abs/2025AJ....169..189R/abstract target=ref>Radzom et al. 2025</a>",1.13944692,"<a refstr=EXOFOP href=https://exofop.ipac.caltech.edu/tess/view_toi.php target=ref>ExoFOP</a>",1.6975678,"<a refstr=EXOFOP href=https://exofop.ipac.caltech.edu/tess/view_toi.php target=ref>ExoFOP</a>",16.25302201,11.2668000,1,0.852000,0.864000,1,"Transiting Exoplanet Survey Satellite (TESS)"
"TOI-5882 b","TOI-5882","TIC 232941965",7.14897200000,0.00001400000,-0.00001400000,"<a refstr=VOWELL_ET_AL_2025 href=https://ui.adsabs.harvard.edu/abs/2025AJ....170...68V/abstract target=ref>Vowell et al. 2025</a>",2459768.86210000,"<a refstr=VOWELL_ET_AL_2025 href=https://ui.adsabs.harvard.edu/abs/2025AJ....170...68V/abstract target=ref>Vowell et al. 2025</a>",0.19000000,"<a refstr=EXOFOP href=https://exofop.ipac.caltech.edu/tess/view_toi.php target=ref>ExoFOP</a>",7.1260000,"<a refstr=VOWELL_ET_AL_2025 href=https://ui.adsabs.harvard.edu/abs/2025AJ....170...68V/abstract target=ref>Vowell et al. 2025</a>",11.46678726,10.6338000,1,2.260000,1.334000,1,"Transiting Exoplanet Survey Satellite (TESS)"
"TOI-2346 b","TOI-2346","TIC 317483660",3.33120290000,0.00000240000,-0.00000240000,"<a refstr=YEE_ET_AL_2025 href=https://ui.adsabs.harvard.edu/abs/2025ApJS..280...30Y/abstract target=ref>Yee et al. 2025</a>",2459040.83958000,"<a refstr=YEE_ET_AL_2025 href=https://ui.adsabs.harvard.edu/abs/2025ApJS..280...30Y/abstract target=ref>Yee et al. 2025</a>",1.14700000,"<a refstr=YEE_ET_AL_2025 href=https://ui.adsabs.harvard.edu/abs/2025ApJS..280...30Y/abstract target=ref>Yee et al. 2025</a>",3.7970000,"<a refstr=YEE_ET_AL_2025 href=https://ui.adsabs.harvard.edu/abs/2025ApJS..280...30Y/abstract target=ref>Yee et al. 2025</a>",16.11851425,11.5584000,1,1.380000,1.271000,1,"Transiting Exoplanet Survey Satellite (TESS)"
"TOI-2886 b","TOI-2886","TIC 318796593",1.60200105000,0.00000044000,-0.00000043000,"<a refstr=YEE_ET_AL_2025 href=https://ui.adsabs.harvard.edu/abs/2025ApJS..280...30Y/abstract target=ref>Yee et al. 2025</a>",2459311.01449000,"<a refstr=YEE_ET_AL_2025 href=https://ui.adsabs.harvard.edu/abs/2025ApJS..280...30Y/abstract target=ref>Yee et al. 2025</a>",1.89700000,"<a refstr=YEE_ET_AL_2025 href=https://ui.adsabs.harvard.edu/abs/2025ApJS..280...30Y/abstract target=ref>Yee et al. 2025</a>",2.7840000,"<a refstr=YEE_ET_AL_2025 href=https://ui.adsabs.harvard.edu/abs/2025ApJS..280...30Y/abstract target=ref>Yee et al. 2025</a>",18.64053490,11.7858000,1,1.241000,1.229000,1,"Transiting Exoplanet Survey Satellite (TESS)"
"TOI-2876 b","TOI-2876","TIC 10827386",6.29964310000,0.00000700000,-0.00000700000,"<a refstr=YEE_ET_AL_2025 href=https://ui.adsabs.harvard.edu/abs/2025ApJS..280...30Y/abstract target=ref>Yee et al. 2025</a>",2459109.77217000,"<a refstr=YEE_ET_AL_2025 href=https://ui.adsabs.harvard.edu/abs/2025ApJS..280...30Y/abstract target=ref>Yee et al. 2025</a>",1.02500000,"<a refstr=YEE_ET_AL_2025 href=https://ui.adsabs.harvard.edu/abs/2025ApJS..280...30Y/abstract target=ref>Yee et al. 2025</a>",2.2490000,"<a refstr=YEE_ET_AL_2025 href=https://ui.adsabs.harvard.edu/abs/2025ApJS..280...30Y/abstract target=ref>Yee et al. 2025</a>",9.63972340,11.7038000,1,0.873000,0.939000,1,"Transiting Exoplanet Survey Satellite (TESS)"
"WASP-116 b","WASP-116","TIC 332911893",6.61320000000,0.00000200000,-0.00000200000,"<a refstr=SCHANCHE_ET_AL_2025 href=https://ui.adsabs.harvard.edu/abs/2025AJ....169..334S/abstract target=ref>Schanche et al. 2025</a>",2457092.22528000,"<a refstr=SCHANCHE_ET_AL_2025 href=https://ui.adsabs.harvard.edu/abs/2025AJ....169..334S/abstract target=ref>Schanche et al. 2025</a>",0.77630000,"<a refstr=SCHANCHE_ET_AL_2025 href=https://ui.adsabs.harvard.edu/abs/2025AJ....169..334S/abstract target=ref>Schanche et al. 2025</a>",5.6460000,"<a refstr=EXOFOP href=https://exofop.ipac.caltech.edu/tess/view_toi.php target=ref>ExoFOP</a>",13.67495645,11.8795000,1,1.426000,1.250000,1,"SuperWASP"
"TOI-3135 b","TOI-3135","TIC 448098793",3.70655850000,0.00000130000,-0.00000130000,"<a refstr=YEE_ET_AL_2025 href=https://ui.adsabs.harvard.edu/abs/2025ApJS..280...30Y/abstract target=ref>Yee et al. 2025</a>",2459595.16441000,"<a refstr=YEE_ET_AL_2025 href=https://ui.adsabs.harvard.edu/abs/2025ApJS..280...30Y/abstract target=ref>Yee et al. 2025</a>",1.61600000,"<a refstr=YEE_ET_AL_2025 href=https://ui.adsabs.harvard.edu/abs/2025ApJS..280...30Y/abstract target=ref>Yee et al. 2025</a>",2.2300000,"<a refstr=YEE_ET_AL_2025 href=https://ui.adsabs.harvard.edu/abs/2025ApJS..280...30Y/abstract target=ref>Yee et al. 2025</a>",13.65253849,11.0994000,1,0.985000,1.044000,1,"Transiting Exoplanet Survey Satellite (TESS)"
"WASP-188 b","WASP-188","TIC 289574465",5.74891600000,0.00000300000,-0.00000300000,"<a refstr=SCHANCHE_ET_AL_2025 href=https://ui.adsabs.harvard.edu/abs/2025AJ....169..334S/abstract target=ref>Schanche et al. 2025</a>",2457033.12141000,"<a refstr=SCHANCHE_ET_AL_2025 href=https://ui.adsabs.harvard.edu/abs/2025AJ....169..334S/abstract target=ref>Schanche et al. 2025</a>",0.55090000,"<a refstr=SCHANCHE_ET_AL_2025 href=https://ui.adsabs.harvard.edu/abs/2025AJ....169..334S/abstract target=ref>Schanche et al. 2025</a>",4.4120000,"<a refstr=EXOFOP href=https://exofop.ipac.caltech.edu/tess/view_toi.php target=ref>ExoFOP</a>",14.81827249,11.7191000,1,1.830000,1.500000,1,"SuperWASP"
"WASP-197 b","WASP-197","TIC 85266608",5.16722800000,0.00000300000,-0.00000300000,"<a refstr=SCHANCHE_ET_AL_2025 href=https://ui.adsabs.harvard.edu/abs/2025AJ....169..334S/abstract target=ref>Schanche et al. 2025</a>",2456885.10428000,"<a refstr=SCHANCHE_ET_AL_2025 href=https://ui.adsabs.harvard.edu/abs/2025AJ....169..334S/abstract target=ref>Schanche et al. 2025</a>",0.39310000,"<a refstr=SCHANCHE_ET_AL_2025 href=https://ui.adsabs.harvard.edu/abs/2025AJ....169..334S/abstract target=ref>Schanche et al. 2025</a>",5.9764524,"<a refstr=EXOFOP href=https://exofop.ipac.caltech.edu/tess/view_toi.php target=ref>ExoFOP</a>",14.44837612,10.8583000,1,2.112000,1.360000,1,"SuperWASP"
"TOI-3486 b","TOI-3486","TIC 221861843",2.21778105000,0.00000088000,-0.00000088000,"<a refstr=YEE_ET_AL_2025 href=https://ui.adsabs.harvard.edu/abs/2025ApJS..280...30Y/abstract target=ref>Yee et al. 2025</a>",2459797.24218000,"<a refstr=YEE_ET_AL_2025 href=https://ui.adsabs.harvard.edu/abs/2025ApJS..280...30Y/abstract target=ref>Yee et al. 2025</a>",1.51500000,"<a refstr=YEE_ET_AL_2025 href=https://ui.adsabs.harvard.edu/abs/2025ApJS..280...30Y/abstract target=ref>Yee et al. 2025</a>",1.7170000,"<a refstr=YEE_ET_AL_2025 href=https://ui.adsabs.harvard.edu/abs/2025ApJS..280...30Y/abstract target=ref>Yee et al. 2025</a>",10.57006880,11.4867000,1,0.788000,0.837000,1,"Transiting Exoplanet Survey Satellite (TESS)"
"HD 219666 b","HD 219666","TIC 266980320",6.03446800000,0.00000400000,-0.00000400000,"<a refstr=MURPHY_ET_AL__2025 href=https://ui.adsabs.harvard.edu/abs/2025AJ....169..286M/abstract target=ref>Murphy et al. 2025</a>",2459083.51070000,"<a refstr=MURPHY_ET_AL__2025 href=https://ui.adsabs.harvard.edu/abs/2025AJ....169..286M/abstract target=ref>Murphy et al. 2025</a>",0.17506458,"<a refstr=EXOFOP href=https://exofop.ipac.caltech.edu/tess/view_toi.php target=ref>ExoFOP</a>",2.1580000,"<a refstr=ESPOSITO_ET_AL__2019 href=https://ui.adsabs.harvard.edu/abs/2019A&A...623A.165E/abstract target=ref>Esposito et al. 2019</a>",4.89800000,9.1790000,1,1.059000,1.020000,1,"Transiting Exoplanet Survey Satellite (TESS)"
"TOI-3682 b","TOI-3682","TIC 28961316",3.34624060000,0.00000230000,-0.00000230000,"<a refstr=YEE_ET_AL_2025 href=https://ui.adsabs.harvard.edu/abs/2025ApJS..280...30Y/abstract target=ref>Yee et al. 2025</a>",2459692.65921000,"<a refstr=YEE_ET_AL_2025 href=https://ui.adsabs.harvard.edu/abs/2025ApJS..280...30Y/abstract target=ref>Yee et al. 2025</a>",0.45760000,"<a refstr=YEE_ET_AL_2025 href=https://ui.adsabs.harvard.edu/abs/2025ApJS..280...30Y/abstract target=ref>Yee et al. 2025</a>",4.1760000,"<a refstr=YEE_ET_AL_2025 href=https://ui.adsabs.harvard.edu/abs/2025ApJS..280...30Y/abstract target=ref>Yee et al. 2025</a>",12.80065596,11.3186000,1,1.735000,1.320000,1,"Transiting Exoplanet Survey Satellite (TESS)"
"TOI-4214 b","TOI-4214","TIC 409594381",3.49138850000,0.00000330000,-0.00000320000,"<a refstr=YEE_ET_AL_2025 href=https://ui.adsabs.harvard.edu/abs/2025ApJS..280...30Y/abstract target=ref>Yee et al. 2025</a>",2459129.83460000,"<a refstr=YEE_ET_AL_2025 href=https://ui.adsabs.harvard.edu/abs/2025ApJS..280...30Y/abstract target=ref>Yee et al. 2025</a>",0.46630000,"<a refstr=YEE_ET_AL_2025 href=https://ui.adsabs.harvard.edu/abs/2025ApJS..280...30Y/abstract target=ref>Yee et al. 2025</a>",3.2540000,"<a refstr=YEE_ET_AL_2025 href=https://ui.adsabs.harvard.edu/abs/2025ApJS..280...30Y/abstract target=ref>Yee et al. 2025</a>",10.68215861,11.0071000,1,1.434000,1.382000,1,"Transiting Exoplanet Survey Satellite (TESS)"
"WASP-4 b","WASP-4","TIC 402026209",1.33823099400,0.00000008400,-0.00000008400,"<a refstr=BA_AMP__351_T_AMP_UUML_RK_ET_AL__2025 href=https://ui.adsabs.harvard.edu/abs/2025MNRAS.541..714B/abstract target=ref>Ba&#351;t&uuml;rk et al. 2025</a>",2455804.51567913,"<a refstr=SODICKSON__AMP__GRUNBLATT_2025 href=https://ui.adsabs.harvard.edu/abs/2025ApJ...993...78S/abstract target=ref>Sodickson &amp; Grunblatt 2025</a>",2.31200000,"<a refstr=BA_AMP__351_T_AMP_UUML_RK_ET_AL__2025 href=https://ui.adsabs.harvard.edu/abs/2025MNRAS.541..714B/abstract target=ref>Ba&#351;t&uuml;rk et al. 2025</a>",2.1664800,"<a refstr=BA_AMP__351_T_AMP_UUML_RK_ET_AL__2025 href=https://ui.adsabs.harvard.edu/abs/2025MNRAS.541..714B/abstract target=ref>Ba&#351;t&uuml;rk et al. 2025</a>",15.12091496,11.8295000,1,0.912000,0.899000,1,"SuperWASP"
"TIC 257060897 b","TIC 257060897","TIC 257060897",3.66003639000,0.00000099000,-0.00000098000,"<a refstr=SCHULTE_ET_AL_2025 href=https://ui.adsabs.harvard.edu/abs/2025MNRAS.543..292S/abstract target=ref>Schulte et al. 2025</a>",2459473.94542000,"<a refstr=SCHULTE_ET_AL_2025 href=https://ui.adsabs.harvard.edu/abs/2025MNRAS.543..292S/abstract target=ref>Schulte et al. 2025</a>",0.78500000,"<a refstr=SCHULTE_ET_AL_2025 href=https://ui.adsabs.harvard.edu/abs/2025MNRAS.543..292S/abstract target=ref>Schulte et al. 2025</a>",4.7416800,"<a refstr=SCHULTE_ET_AL_2025 href=https://ui.adsabs.harvard.edu/abs/2025MNRAS.543..292S/abstract target=ref>Schulte et al. 2025</a>",17.26183028,11.2633000,1,1.863000,1.187000,1,"Transiting Exoplanet Survey Satellite (TESS)"
"TOI-4773 b","TOI-4773","TIC 415276070",1.74528510000,0.00000140000,-0.00000140000,"<a refstr=SCHULTE_ET_AL_2025 href=https://ui.adsabs.harvard.edu/abs/2025MNRAS.543..292S/abstract target=ref>Schulte et al. 2025</a>",2459673.53995000,"<a refstr=SCHULTE_ET_AL_2025 href=https://ui.adsabs.harvard.edu/abs/2025MNRAS.543..292S/abstract target=ref>Schulte et al. 2025</a>",0.75100000,"<a refstr=SCHULTE_ET_AL_2025 href=https://ui.adsabs.harvard.edu/abs/2025MNRAS.543..292S/abstract target=ref>Schulte et al. 2025</a>",1.9608000,"<a refstr=SCHULTE_ET_AL_2025 href=https://ui.adsabs.harvard.edu/abs/2025MNRAS.543..292S/abstract target=ref>Schulte et al. 2025</a>",15.22179579,11.4048000,1,1.550000,1.452000,1,"Transiting Exoplanet Survey Satellite (TESS)"
"Ross 176 b","Ross 176","TIC 193336820",5.00663380000,0.00000800000,-0.00000700000,"<a refstr=GERALDIA_GONZALEZ_ET_AL_2025 href=https://ui.adsabs.harvard.edu/abs/2025A&A...700A.216G/abstract target=ref>Gerald&iacute;a-Gonz&aacute;lez et al. 2025</a>",2459829.76270000,"<a refstr=GERALDIA_GONZALEZ_ET_AL_2025 href=https://ui.adsabs.harvard.edu/abs/2025A&A...700A.216G/abstract target=ref>Gerald&iacute;a-Gonz&aacute;lez et al. 2025</a>",0.12900000,"<a refstr=EXOFOP href=https://exofop.ipac.caltech.edu/tess/view_toi.php target=ref>ExoFOP</a>",1.6600000,"<a refstr=EXOFOP href=https://exofop.ipac.caltech.edu/tess/view_toi.php target=ref>ExoFOP</a>",1.84000000,10.4382000,1,0.569000,0.577000,1,"Transiting Exoplanet Survey Satellite (TESS)"
"TOI-5350 b","TOI-5350","TIC 68808155",7.58136700000,0.00001200000,-0.00001100000,"<a refstr=SCHULTE_ET_AL_2025 href=https://ui.adsabs.harvard.edu/abs/2025MNRAS.543..292S/abstract target=ref>Schulte et al. 2025</a>",2459611.65813000,"<a refstr=SCHULTE_ET_AL_2025 href=https://ui.adsabs.harvard.edu/abs/2025MNRAS.543..292S/abstract target=ref>Schulte et al. 2025</a>",0.91100000,"<a refstr=SCHULTE_ET_AL_2025 href=https://ui.adsabs.harvard.edu/abs/2025MNRAS.543..292S/abstract target=ref>Schulte et al. 2025</a>",4.4856000,"<a refstr=SCHULTE_ET_AL_2025 href=https://ui.adsabs.harvard.edu/abs/2025MNRAS.543..292S/abstract target=ref>Schulte et al. 2025</a>",12.41955062,11.1846000,1,1.263000,1.167000,1,"Transiting Exoplanet Survey Satellite (TESS)"
"K2-105 b","K2-105","TIC 6892385",8.26726000000,0.00018000000,-0.00018000000,"<a refstr=HOWARD_ET_AL__2025 href=https://ui.adsabs.harvard.edu/abs/2025ApJS..278...52H/abstract target=ref>Howard et al. 2025</a>",2457147.98867000,"<a refstr=HOWARD_ET_AL__2025 href=https://ui.adsabs.harvard.edu/abs/2025ApJS..278...52H/abstract target=ref>Howard et al. 2025</a>",0.13380000,"<a refstr=KRUSE_ET_AL__2019 href=https://ui.adsabs.harvard.edu/abs/2019ApJS..244...11K/abstract target=ref>Kruse et al. 2019</a>",3.4300000,"<a refstr=BOURRIER_ET_AL__2023 href=https://ui.adsabs.harvard.edu/abs/2023A&A...669A..63B/abstract target=ref>Bourrier et al. 2023</a>",3.40000000,11.2089000,1,0.905000,0.940000,1,"K2"
"WASP-120 b","WASP-120","TIC 152476657",3.61126721000,0.00000078000,-0.00000078000,"<a refstr=KOKORI_ET_AL__2023 href=https://ui.adsabs.harvard.edu/abs/2023ApJS..265....4K/abstract target=ref>Kokori et al. 2023</a>",2456779.43470000,"<a refstr=ALEXOUDI_2022 href=https://ui.adsabs.harvard.edu/abs/2022AN....34324012A/abstract target=ref>Alexoudi 2022</a>",0.56840944,"<a refstr=EXOFOP href=https://exofop.ipac.caltech.edu/tess/view_toi.php target=ref>ExoFOP</a>",3.5377447,"<a refstr=EXOFOP href=https://exofop.ipac.caltech.edu/tess/view_toi.php target=ref>ExoFOP</a>",15.58048317,10.5831000,1,1.684430,1.393000,1,"SuperWASP"
"WASP-140 b","WASP-140","TIC 178284730",2.23598448000,0.00000025000,-0.00000025000,"<a refstr=KOKORI_ET_AL__2023 href=https://ui.adsabs.harvard.edu/abs/2023ApJS..265....4K/abstract target=ref>Kokori et al. 2023</a>",2456912.35261000,"<a refstr=ALEXOUDI_2022 href=https://ui.adsabs.harvard.edu/abs/2022AN....34324012A/abstract target=ref>Alexoudi 2022</a>",1.90580137,"<a refstr=EXOFOP href=https://exofop.ipac.caltech.edu/tess/view_toi.php target=ref>ExoFOP</a>",1.5254332,"<a refstr=EXOFOP href=https://exofop.ipac.caltech.edu/tess/view_toi.php target=ref>ExoFOP</a>",14.23540549,10.3074000,1,0.870000,0.900000,1,"SuperWASP-South"
"TOI-5734 b","TOI-5734","TIC 9989136",6.18418760000,0.00000800000,-0.00000940000,"<a refstr=FILOMENO_ET_AL_2026 href=https://ui.adsabs.harvard.edu/abs/2026A&A...708A..90F/abstract target=ref>Filomeno et al. 2026</a>",2458842.51070000,"<a refstr=FILOMENO_ET_AL_2026 href=https://ui.adsabs.harvard.edu/abs/2026A&A...708A..90F/abstract target=ref>Filomeno et al. 2026</a>",0.10523509,"<a refstr=EXOFOP href=https://exofop.ipac.caltech.edu/tess/view_toi.php target=ref>ExoFOP</a>",2.3900000,"<a refstr=FILOMENO_ET_AL_2026 href=https://ui.adsabs.harvard.edu/abs/2026A&A...708A..90F/abstract target=ref>Filomeno et al. 2026</a>",2.10000000,8.5446000,1,0.639000,0.724000,1,"Transiting Exoplanet Survey Satellite (TESS)"
"TOI-5422 b","TOI-5422","TIC 80611440",5.37721900000,0.00001000000,-0.00001000000,"<a refstr=ZHANG_ET_AL_2026 href=https://ui.adsabs.harvard.edu/abs/2026AJ....171...62Z/abstract target=ref>Zhang et al. 2026</a>",2459961.67611000,"<a refstr=ZHANG_ET_AL_2026 href=https://ui.adsabs.harvard.edu/abs/2026AJ....171...62Z/abstract target=ref>Zhang et al. 2026</a>",0.32060000,"<a refstr=ZHANG_ET_AL_2026 href=https://ui.adsabs.harvard.edu/abs/2026AJ....171...62Z/abstract target=ref>Zhang et al. 2026</a>",4.6680000,"<a refstr=ZHANG_ET_AL_2026 href=https://ui.adsabs.harvard.edu/abs/2026AJ....171...62Z/abstract target=ref>Zhang et al. 2026</a>",9.10169233,11.2391000,1,1.474000,1.066000,1,"Transiting Exoplanet Survey Satellite (TESS)"
"XO-3 b","XO-3","TIC 8400842",3.19152309000,0.00000014000,-0.00000014000,"<a refstr=RUSZNAK_ET_AL_2025 href=https://ui.adsabs.harvard.edu/abs/2025ApJ...983L..42R/abstract target=ref>Rusznak et al. 2025</a>",2457424.98786000,"<a refstr=RUSZNAK_ET_AL_2025 href=https://ui.adsabs.harvard.edu/abs/2025ApJ...983L..42R/abstract target=ref>Rusznak et al. 2025</a>",0.82000000,"<a refstr=WINN_ET_AL__2008 href=https://ui.adsabs.harvard.edu/abs/2008ApJ...683.1076W/abstract target=ref> Winn et al. 2008 </a>",2.9638000,"<a refstr=RUSZNAK_ET_AL_2025 href=https://ui.adsabs.harvard.edu/abs/2025ApJ...983L..42R/abstract target=ref>Rusznak et al. 2025</a>",14.79585452,9.4410000,1,1.523000,1.449000,1,"XO"
"TOI-1243 b","TOI-1243","TIC 219698776",4.65947790000,0.00000420000,-0.00000450000,"<a refstr=POULTOURTZIDIS_ET_AL_2026 href=https://ui.adsabs.harvard.edu/abs/2026A&A...707A.106P/abstract target=ref>Poultourtzidis et al. 2026</a>",2459369.83103000,"<a refstr=POULTOURTZIDIS_ET_AL_2026 href=https://ui.adsabs.harvard.edu/abs/2026A&A...707A.106P/abstract target=ref>Poultourtzidis et al. 2026</a>",0.17251706,"<a refstr=EXOFOP href=https://exofop.ipac.caltech.edu/tess/view_toi.php target=ref>ExoFOP</a>",0.9011821,"<a refstr=EXOFOP href=https://exofop.ipac.caltech.edu/tess/view_toi.php target=ref>ExoFOP</a>",2.33000000,11.1966000,1,0.511000,0.515000,1,"Transiting Exoplanet Survey Satellite (TESS)"
"TOI-5938 b","TOI-5938","TIC 452508760",2.26042400000,0.00000360000,-0.00000330000,"<a refstr=MORELLO_ET_AL_2026 href=https://ui.adsabs.harvard.edu/abs/2026MNRAS.549ag183M/abstract target=ref>Morello et al. 2026</a>",2459820.18150000,"<a refstr=MORELLO_ET_AL_2026 href=https://ui.adsabs.harvard.edu/abs/2026MNRAS.549ag183M/abstract target=ref>Morello et al. 2026</a>",0.26800000,"<a refstr=EXOFOP href=https://exofop.ipac.caltech.edu/tess/view_toi.php target=ref>ExoFOP</a>",1.9150000,"<a refstr=MORELLO_ET_AL_2026 href=https://ui.adsabs.harvard.edu/abs/2026MNRAS.549ag183M/abstract target=ref>Morello et al. 2026</a>",3.82000000,11.3519000,1,0.712000,0.744000,1,"Transiting Exoplanet Survey Satellite (TESS)"
"TOI-5388.01","TOI-5388","TIC 407591297",2.59467480000,0.00000420000,-0.00000300000,"<a refstr=POULTOURTZIDIS_ET_AL_2026 href=https://ui.adsabs.harvard.edu/abs/2026A&A...707A.106P/abstract target=ref>Poultourtzidis et al. 2026</a>",2459348.07817000,"<a refstr=POULTOURTZIDIS_ET_AL_2026 href=https://ui.adsabs.harvard.edu/abs/2026A&A...707A.106P/abstract target=ref>Poultourtzidis et al. 2026</a>",0.10700000,"<a refstr=EXOFOP href=https://exofop.ipac.caltech.edu/tess/view_toi.php target=ref>ExoFOP</a>",0.3130000,"<a refstr=EXOFOP href=https://exofop.ipac.caltech.edu/tess/view_toi.php target=ref>ExoFOP</a>",0.99000000,10.5737000,1,0.300000,0.292000,1,"Transiting Exoplanet Survey Satellite (TESS)"
"TOI-6716 b","TOI-6716","TIC 112115898",4.71858980000,0.00000540000,-0.00000410000,"<a refstr=SCOTT_ET_AL_2026 href=https://ui.adsabs.harvard.edu/abs/2026MNRAS.547ag070S/abstract target=ref>Scott et al. 2026</a>",2459632.34484000,"<a refstr=SCOTT_ET_AL_2026 href=https://ui.adsabs.harvard.edu/abs/2026MNRAS.547ag070S/abstract target=ref>Scott et al. 2026</a>",0.17348674,"<a refstr=EXOFOP href=https://exofop.ipac.caltech.edu/tess/view_toi.php target=ref>ExoFOP</a>",1.2370000,"<a refstr=SCOTT_ET_AL_2026 href=https://ui.adsabs.harvard.edu/abs/2026MNRAS.547ag070S/abstract target=ref>Scott et al. 2026</a>",0.98200000,11.7735000,1,0.231000,0.223000,1,"Transiting Exoplanet Survey Satellite (TESS)"
"TOI-1518 b","TOI-1518","TIC 427761355",1.90261131000,0.00000043000,-0.00000043000,"<a refstr=SIMONNIN_ET_AL_2025 href=https://ui.adsabs.harvard.edu/abs/2025A&A...698A.314S/abstract target=ref>Simonnin et al. 2025</a>",2459983.79194200,"<a refstr=SIMONNIN_ET_AL_2025 href=https://ui.adsabs.harvard.edu/abs/2025A&A...698A.314S/abstract target=ref>Simonnin et al. 2025</a>",0.98800000,"<a refstr=SIMONNIN_ET_AL_2025 href=https://ui.adsabs.harvard.edu/abs/2025A&A...698A.314S/abstract target=ref>Simonnin et al. 2025</a>",2.3950000,"<a refstr=SIMONNIN_ET_AL_2025 href=https://ui.adsabs.harvard.edu/abs/2025A&A...698A.314S/abstract target=ref>Simonnin et al. 2025</a>",21.05046575,8.7512700,1,1.942000,1.880000,1,"Multiple Observatories"
"HD 202772 A b","HD 202772 A","TIC 290131778",3.30887750000,0.00000051000,-0.00000051000,"<a refstr=JOFRE_ET_AL_2025 href=https://ui.adsabs.harvard.edu/abs/2025MNRAS.544.3994J/abstract target=ref>Jofr&eacute; et al. 2025</a>",2458328.68357000,"<a refstr=JOFRE_ET_AL_2025 href=https://ui.adsabs.harvard.edu/abs/2025MNRAS.544.3994J/abstract target=ref>Jofr&eacute; et al. 2025</a>",0.46700000,"<a refstr=JOFRE_ET_AL_2025 href=https://ui.adsabs.harvard.edu/abs/2025MNRAS.544.3994J/abstract target=ref>Jofr&eacute; et al. 2025</a>",5.6731000,"<a refstr=JOFRE_ET_AL_2025 href=https://ui.adsabs.harvard.edu/abs/2025MNRAS.544.3994J/abstract target=ref>Jofr&eacute; et al. 2025</a>",18.23701160,7.8759800,1,2.554000,1.721000,1,"Transiting Exoplanet Survey Satellite (TESS)"
"TOI-941 b","TOI-941","TIC 408137826",8.51460888787,0.00002845125,-0.00003147378,"<a refstr=LAFARGA_ET_AL_2026 href=https://ui.adsabs.harvard.edu/abs/2026MNRAS.548ag512L/abstract target=ref>Lafarga et al. 2026</a>",2458440.47598067,"<a refstr=LAFARGA_ET_AL_2026 href=https://ui.adsabs.harvard.edu/abs/2026MNRAS.548ag512L/abstract target=ref>Lafarga et al. 2026</a>",0.42436394,"<a refstr=EXOFOP href=https://exofop.ipac.caltech.edu/tess/view_toi.php target=ref>ExoFOP</a>",3.9173097,"<a refstr=LAFARGA_ET_AL_2026 href=https://ui.adsabs.harvard.edu/abs/2026MNRAS.548ag512L/abstract target=ref>Lafarga et al. 2026</a>",6.51165317,10.9968000,1,1.184900,1.078000,1,"Transiting Exoplanet Survey Satellite (TESS)"
"TOI-1718 b","TOI-1718","TIC 257241363",5.58703768615,0.00000845742,-0.00000896969,"<a refstr=LAFARGA_ET_AL_2026 href=https://ui.adsabs.harvard.edu/abs/2026MNRAS.548ag512L/abstract target=ref>Lafarga et al. 2026</a>",2459518.47207549,"<a refstr=LAFARGA_ET_AL_2026 href=https://ui.adsabs.harvard.edu/abs/2026MNRAS.548ag512L/abstract target=ref>Lafarga et al. 2026</a>",0.19070000,"<a refstr=EXOFOP href=https://exofop.ipac.caltech.edu/tess/view_toi.php target=ref>ExoFOP</a>",3.0007770,"<a refstr=LAFARGA_ET_AL_2026 href=https://ui.adsabs.harvard.edu/abs/2026MNRAS.548ag512L/abstract target=ref>Lafarga et al. 2026</a>",4.10824994,8.2558000,1,0.939285,0.930000,1,"Transiting Exoplanet Survey Satellite (TESS)"
"TOI-5532 b","TOI-5532","TIC 318836983",5.65396594310,0.00005309141,-0.00005152716,"<a refstr=LAFARGA_ET_AL_2026 href=https://ui.adsabs.harvard.edu/abs/2026MNRAS.548ag512L/abstract target=ref>Lafarga et al. 2026</a>",2459497.80870780,"<a refstr=LAFARGA_ET_AL_2026 href=https://ui.adsabs.harvard.edu/abs/2026MNRAS.548ag512L/abstract target=ref>Lafarga et al. 2026</a>",0.12231789,"<a refstr=EXOFOP href=https://exofop.ipac.caltech.edu/tess/view_toi.php target=ref>ExoFOP</a>",2.8984183,"<a refstr=LAFARGA_ET_AL_2026 href=https://ui.adsabs.harvard.edu/abs/2026MNRAS.548ag512L/abstract target=ref>Lafarga et al. 2026</a>",2.52763693,11.5212000,1,0.662052,0.636083,1,"Transiting Exoplanet Survey Satellite (TESS)"
"TOI-1732 b","TOI-1732","TIC 470987100",4.11923678339,0.00002285536,-0.00002455742,"<a refstr=LAFARGA_ET_AL_2026 href=https://ui.adsabs.harvard.edu/abs/2026MNRAS.548ag512L/abstract target=ref>Lafarga et al. 2026</a>",2459584.76100942,"<a refstr=LAFARGA_ET_AL_2026 href=https://ui.adsabs.harvard.edu/abs/2026MNRAS.548ag512L/abstract target=ref>Lafarga et al. 2026</a>",0.12365042,"<a refstr=EXOFOP href=https://exofop.ipac.caltech.edu/tess/view_toi.php target=ref>ExoFOP</a>",2.1826809,"<a refstr=LAFARGA_ET_AL_2026 href=https://ui.adsabs.harvard.edu/abs/2026MNRAS.548ag512L/abstract target=ref>Lafarga et al. 2026</a>",2.49549787,11.3266000,1,0.632571,0.613891,1,"Transiting Exoplanet Survey Satellite (TESS)"
"TOI-3894 b","TOI-3894","TIC 165464482",4.33454000000,0.00000220000,-0.00000220000,"<a refstr=SCHULTE_ET_AL__2024 href=https://ui.adsabs.harvard.edu/abs/2024AJ....168...32S/abstract target=ref>Schulte et al. 2024</a>",2459250.50777000,"<a refstr=SCHULTE_ET_AL__2024 href=https://ui.adsabs.harvard.edu/abs/2024AJ....168...32S/abstract target=ref>Schulte et al. 2024</a>",0.89780000,"<a refstr=SCHULTE_ET_AL__2024 href=https://ui.adsabs.harvard.edu/abs/2024AJ....168...32S/abstract target=ref>Schulte et al. 2024</a>",3.5950000,"<a refstr=SCHULTE_ET_AL__2024 href=https://ui.adsabs.harvard.edu/abs/2024AJ....168...32S/abstract target=ref>Schulte et al. 2024</a>",15.27784069,11.3230000,1,1.506000,1.089000,1,"Transiting Exoplanet Survey Satellite (TESS)"
"TOI-5301 b","TOI-5301","TIC 58825110",5.85885800000,0.00001600000,-0.00001600000,"<a refstr=SCHULTE_ET_AL__2024 href=https://ui.adsabs.harvard.edu/abs/2024AJ....168...32S/abstract target=ref>Schulte et al. 2024</a>",2459277.36981000,"<a refstr=SCHULTE_ET_AL__2024 href=https://ui.adsabs.harvard.edu/abs/2024AJ....168...32S/abstract target=ref>Schulte et al. 2024</a>",0.32500000,"<a refstr=SCHULTE_ET_AL__2024 href=https://ui.adsabs.harvard.edu/abs/2024AJ....168...32S/abstract target=ref>Schulte et al. 2024</a>",3.9380000,"<a refstr=SCHULTE_ET_AL__2024 href=https://ui.adsabs.harvard.edu/abs/2024AJ....168...32S/abstract target=ref>Schulte et al. 2024</a>",13.09208946,11.1893000,1,2.180000,1.507000,1,"Transiting Exoplanet Survey Satellite (TESS)"
"NGTS-33 b","NGTS-33","TIC 97921547",2.82797200000,0.00000100000,-0.00000100000,"<a refstr=ALVES_ET_AL_2025 href=https://ui.adsabs.harvard.edu/abs/2025MNRAS.536.1538A/abstract target=ref>Alves et al. 2025</a>",2459986.40900000,"<a refstr=ALVES_ET_AL_2025 href=https://ui.adsabs.harvard.edu/abs/2025MNRAS.536.1538A/abstract target=ref>Alves et al. 2025</a>",1.48460000,"<a refstr=EXOFOP href=https://exofop.ipac.caltech.edu/tess/view_toi.php target=ref>ExoFOP</a>",2.6200000,"<a refstr=ALVES_ET_AL_2025 href=https://ui.adsabs.harvard.edu/abs/2025MNRAS.536.1538A/abstract target=ref>Alves et al. 2025</a>",18.38272835,11.1007000,1,1.470000,1.600000,1,"Transiting Exoplanet Survey Satellite (TESS)"
"TOI-672 b","TOI-672","TIC 151825527",3.63358100000,0.00000100000,-0.00000100000,"<a refstr=OSBORN_ET_AL_2026 href=https://ui.adsabs.harvard.edu/abs/2026A&A...709A..23O/abstract target=ref>Osborn et al. 2026</a>",2458546.47960000,"<a refstr=OSBORN_ET_AL_2026 href=https://ui.adsabs.harvard.edu/abs/2026A&A...709A..23O/abstract target=ref>Osborn et al. 2026</a>",0.86684420,"<a refstr=EXOFOP href=https://exofop.ipac.caltech.edu/tess/view_toi.php target=ref>ExoFOP</a>",1.8000000,"<a refstr=OSBORN_ET_AL_2026 href=https://ui.adsabs.harvard.edu/abs/2026A&A...709A..23O/abstract target=ref>Osborn et al. 2026</a>",5.31000000,11.6739000,1,0.540000,0.540000,1,"Transiting Exoplanet Survey Satellite (TESS)"
"TOI-6393 b","TOI-6393","TIC 147821208",9.53176110329,0.00009775099,-0.00010368657,"<a refstr=LAFARGA_ET_AL_2026 href=https://ui.adsabs.harvard.edu/abs/2026MNRAS.548ag512L/abstract target=ref>Lafarga et al. 2026</a>",2458702.88097223,"<a refstr=LAFARGA_ET_AL_2026 href=https://ui.adsabs.harvard.edu/abs/2026MNRAS.548ag512L/abstract target=ref>Lafarga et al. 2026</a>",0.10950000,"<a refstr=EXOFOP href=https://exofop.ipac.caltech.edu/tess/view_toi.php target=ref>ExoFOP</a>",3.1045696,"<a refstr=LAFARGA_ET_AL_2026 href=https://ui.adsabs.harvard.edu/abs/2026MNRAS.548ag512L/abstract target=ref>Lafarga et al. 2026</a>",2.75958542,11.7801000,1,0.766023,0.835000,1,"Transiting Exoplanet Survey Satellite (TESS)"
"TOI-6884 b","TOI-6884","TIC 156514476",4.80826400000,0.00001500000,-0.00001400000,"<a refstr=KHANDELWAL_ET_AL_2026 href=https://ui.adsabs.harvard.edu/abs/2026MNRAS.549ag988K/abstract target=ref>Khandelwal et al. 2026</a>",2459641.09870000,"<a refstr=KHANDELWAL_ET_AL_2026 href=https://ui.adsabs.harvard.edu/abs/2026MNRAS.549ag988K/abstract target=ref>Khandelwal et al. 2026</a>",0.26800000,"<a refstr=KHANDELWAL_ET_AL_2026 href=https://ui.adsabs.harvard.edu/abs/2026MNRAS.549ag988K/abstract target=ref>Khandelwal et al. 2026</a>",2.5630000,"<a refstr=KHANDELWAL_ET_AL_2026 href=https://ui.adsabs.harvard.edu/abs/2026MNRAS.549ag988K/abstract target=ref>Khandelwal et al. 2026</a>",10.39072511,11.4834000,1,1.840000,1.410000,1,"Transiting Exoplanet Survey Satellite (TESS)"
"TOI-4427 b","TOI-4427","TIC 207339000",4.61826210000,0.00000170000,-0.00000170000,"<a refstr=GUENTHER_ET_AL_2026 href=https://ui.adsabs.harvard.edu/abs/2026AJ....172...54G/abstract target=ref>Guenther et al. 2026</a>",2459598.71295400,"<a refstr=GUENTHER_ET_AL_2026 href=https://ui.adsabs.harvard.edu/abs/2026AJ....172...54G/abstract target=ref>Guenther et al. 2026</a>",1.86143353,"<a refstr=GUENTHER_ET_AL_2026 href=https://ui.adsabs.harvard.edu/abs/2026AJ....172...54G/abstract target=ref>Guenther et al. 2026</a>",2.6550000,"<a refstr=GUENTHER_ET_AL_2026 href=https://ui.adsabs.harvard.edu/abs/2026AJ....172...54G/abstract target=ref>Guenther et al. 2026</a>",13.09208946,11.3427000,1,0.890000,0.900000,1,"Transiting Exoplanet Survey Satellite (TESS)"
"TOI-2049 b","TOI-2049","TIC 314835525",5.30346800000,0.00005000000,-0.00004800000,"<a refstr=GUENTHER_ET_AL_2026 href=https://ui.adsabs.harvard.edu/abs/2026AJ....172...54G/abstract target=ref>Guenther et al. 2026</a>",2458768.84600000,"<a refstr=GUENTHER_ET_AL_2026 href=https://ui.adsabs.harvard.edu/abs/2026AJ....172...54G/abstract target=ref>Guenther et al. 2026</a>",0.22750000,"<a refstr=GUENTHER_ET_AL_2026 href=https://ui.adsabs.harvard.edu/abs/2026AJ....172...54G/abstract target=ref>Guenther et al. 2026</a>",4.9150000,"<a refstr=GUENTHER_ET_AL_2026 href=https://ui.adsabs.harvard.edu/abs/2026AJ....172...54G/abstract target=ref>Guenther et al. 2026</a>",16.64533634,10.6568000,1,3.200000,1.570000,1,"Transiting Exoplanet Survey Satellite (TESS)"
"TOI-4458 b","TOI-4458","TIC 229671380",3.93937920000,0.00000180000,-0.00000180000,"<a refstr=GUENTHER_ET_AL_2026 href=https://ui.adsabs.harvard.edu/abs/2026AJ....172...54G/abstract target=ref>Guenther et al. 2026</a>",2459711.66523000,"<a refstr=GUENTHER_ET_AL_2026 href=https://ui.adsabs.harvard.edu/abs/2026AJ....172...54G/abstract target=ref>Guenther et al. 2026</a>",0.33680000,"<a refstr=GUENTHER_ET_AL_2026 href=https://ui.adsabs.harvard.edu/abs/2026AJ....172...54G/abstract target=ref>Guenther et al. 2026</a>",5.7530000,"<a refstr=GUENTHER_ET_AL_2026 href=https://ui.adsabs.harvard.edu/abs/2026AJ....172...54G/abstract target=ref>Guenther et al. 2026</a>",12.40834163,11.0672000,1,1.960000,1.470000,1,"Transiting Exoplanet Survey Satellite (TESS)"
"TOI-159 b","TOI-159","TIC 394657039",3.76283960000,0.00000030000,-0.00000030000,"<a refstr=MANTOVAN_ET_AL_2026 href=https://ui.adsabs.harvard.edu/abs/2026A&A...711A.107M/abstract target=ref>Mantovan et al. 2026</a>",2459382.23258000,"<a refstr=MANTOVAN_ET_AL_2026 href=https://ui.adsabs.harvard.edu/abs/2026A&A...711A.107M/abstract target=ref>Mantovan et al. 2026</a>",1.13600000,"<a refstr=EXOFOP href=https://exofop.ipac.caltech.edu/tess/view_toi.php target=ref>ExoFOP</a>",4.2200000,"<a refstr=MANTOVAN_ET_AL_2026 href=https://ui.adsabs.harvard.edu/abs/2026A&A...711A.107M/abstract target=ref>Mantovan et al. 2026</a>",18.18000000,10.5132000,1,1.620000,1.661000,1,"Transiting Exoplanet Survey Satellite (TESS)"
"K2-334 b","K2-334","TIC 330687113",5.11398100000,0.00006100000,-0.00006200000,"<a refstr=DE_LEON_ET_AL_2021 href=https://ui.adsabs.harvard.edu/abs/2021MNRAS.508..195D/abstract target=ref>de Leon et al. 2021</a>",2458096.81022800,"<a refstr=DE_LEON_ET_AL_2021 href=https://ui.adsabs.harvard.edu/abs/2021MNRAS.508..195D/abstract target=ref>de Leon et al. 2021</a>",0.12903750,"<a refstr=EXOFOP href=https://exofop.ipac.caltech.edu/tess/view_toi.php target=ref>ExoFOP</a>",2.4600000,"<a refstr=DE_LEON_ET_AL_2021 href=https://ui.adsabs.harvard.edu/abs/2021MNRAS.508..195D/abstract target=ref>de Leon et al. 2021</a>",5.65000000,10.9990000,1,1.490000,1.360000,1,"K2"
"HAT-P-31 b","HAT-P-31","TIC 320798691",5.00542000000,0.00009100000,-0.00009100000,"<a refstr=STASSUN_ET_AL__2017 href=https://ui.adsabs.harvard.edu/abs/2017AJ....153..136S/abstract target=ref>Stassun et al. 2017</a>",2458940.75332000,"<a refstr=KOKORI_ET_AL__2023 href=https://ui.adsabs.harvard.edu/abs/2023ApJS..265....4K/abstract target=ref>Kokori et al. 2023</a>",0.65000000,"<a refstr=STASSUN_ET_AL__2017 href=https://ui.adsabs.harvard.edu/abs/2017AJ....153..136S/abstract target=ref>Stassun et al. 2017</a>",4.9057646,"<a refstr=EXOFOP href=https://exofop.ipac.caltech.edu/tess/view_toi.php target=ref>ExoFOP</a>",12.21781000,11.0269000,1,1.390000,1.310000,1,"HATNet"
"HAT-P-35 b","HAT-P-35","TIC 455096220",3.64670600000,0.00002100000,-0.00002100000,"<a refstr=BONOMO_ET_AL__2017 href=https://ui.adsabs.harvard.edu/abs/2017A&A...602A.107B/abstract target=ref>Bonomo et al. 2017</a>",2455578.66158000,"<a refstr=BONOMO_ET_AL__2017 href=https://ui.adsabs.harvard.edu/abs/2017A&A...602A.107B/abstract target=ref>Bonomo et al. 2017</a>",0.89945737,"<a refstr=EXOFOP href=https://exofop.ipac.caltech.edu/tess/view_toi.php target=ref>ExoFOP</a>",3.9360000,"<a refstr=BAKOS_ET_AL__2012 href=https://ui.adsabs.harvard.edu/abs/2012arXiv1201.0659B/abstract target=ref> Bakos et al. 2012 </a>",14.93038800,11.8997000,1,1.435000,1.236000,1,"HATNet"
"HAT-P-16 b","HAT-P-16","TIC 191284318",2.77596727000,0.00000009000,-0.00000009000,"<a refstr=YALCINKAYA_ET_AL_2024 href=https://ui.adsabs.harvard.edu/abs/2024MNRAS.530.2475Y/abstract target=ref>Yal&ccedil;&#x131;nkaya et al. 2024</a>",2455027.60356000,"<a refstr=ALEXOUDI_2022 href=https://ui.adsabs.harvard.edu/abs/2022AN....34324012A/abstract target=ref>Alexoudi 2022</a>",1.36130000,"<a refstr=EXOFOP href=https://exofop.ipac.caltech.edu/tess/view_toi.php target=ref>ExoFOP</a>",3.0624000,"<a refstr=BUCHHAVE_ET_AL__2010 href=https://ui.adsabs.harvard.edu/abs/2010ApJ...720.1118B/abstract target=ref> Buchhave et al. 2010 </a>",14.68376472,10.3740000,1,1.158000,1.218000,1,"HATNet"
"HAT-P-21 b","HAT-P-21","TIC 17993892",4.12448000000,0.00000700000,-0.00000700000,"<a refstr=STASSUN_ET_AL__2017 href=https://ui.adsabs.harvard.edu/abs/2017AJ....153..136S/abstract target=ref>Stassun et al. 2017</a>",2458159.89639000,"<a refstr=KOKORI_ET_AL__2023 href=https://ui.adsabs.harvard.edu/abs/2023ApJS..265....4K/abstract target=ref>Kokori et al. 2023</a>",0.90000000,"<a refstr=STASSUN_ET_AL__2017 href=https://ui.adsabs.harvard.edu/abs/2017AJ....153..136S/abstract target=ref>Stassun et al. 2017</a>",3.6720000,"<a refstr=BAKOS_ET_AL__2010 href=https://ui.adsabs.harvard.edu/abs/2010arXiv1008.3388B/abstract target=ref> Bakos et al. 2010 </a>",12.44199000,11.1065000,1,1.210000,1.240000,1,"HATNet"
"TrES-3 b","TrES-3","TIC 116264089",1.30618581000,,,"<a refstr=SOZZETTI_ET_AL__2009 href=https://ui.adsabs.harvard.edu/abs/2009ApJ...691.1145S/abstract target=ref> Sozzetti et al. 2009 </a>",2454185.91040000,"<a refstr=SOZZETTI_ET_AL__2009 href=https://ui.adsabs.harvard.edu/abs/2009ApJ...691.1145S/abstract target=ref> Sozzetti et al. 2009 </a>",2.73900000,"<a refstr=SOZZETTI_ET_AL__2009 href=https://ui.adsabs.harvard.edu/abs/2009ApJ...691.1145S/abstract target=ref> Sozzetti et al. 2009 </a>",1.4177746,"<a refstr=EXOFOP href=https://exofop.ipac.caltech.edu/tess/view_toi.php target=ref>ExoFOP</a>",14.97500000,11.7213000,1,0.829000,0.928000,1,"TrES"
"WASP-50 b","WASP-50","TIC 382391899",1.95510000000,0.00000500000,-0.00000500000,"<a refstr=CHAKRABARTY__AMP__SENGUPTA_2019 href=https://ui.adsabs.harvard.edu/abs/2019AJ....158...39C/abstract target=ref>Chakrabarty &amp; Sengupta 2019</a>",2458411.09342000,"<a refstr=YALCINKAYA_ET_AL_2024 href=https://ui.adsabs.harvard.edu/abs/2024MNRAS.530.2475Y/abstract target=ref>Yal&ccedil;&#x131;nkaya et al. 2024</a>",1.96349909,"<a refstr=EXOFOP href=https://exofop.ipac.caltech.edu/tess/view_toi.php target=ref>ExoFOP</a>",1.8336000,"<a refstr=CHAKRABARTY__AMP__SENGUPTA_2019 href=https://ui.adsabs.harvard.edu/abs/2019AJ....158...39C/abstract target=ref>Chakrabarty &amp; Sengupta 2019</a>",13.06969400,11.0529000,1,0.843000,0.892000,1,"SuperWASP"
"WASP-10 b","WASP-10","TIC 431701493",3.09276160000,0.00001120000,-0.00001120000,"<a refstr=JOHNSON_ET_AL__2009 href=https://ui.adsabs.harvard.edu/abs/2009ApJ...692L.100J/abstract target=ref> Johnson et al. 2009 </a>",2454664.03729500,"<a refstr=JOHNSON_ET_AL__2009 href=https://ui.adsabs.harvard.edu/abs/2009ApJ...692L.100J/abstract target=ref> Johnson et al. 2009 </a>",2.52500000,"<a refstr=JOHNSON_ET_AL__2009 href=https://ui.adsabs.harvard.edu/abs/2009ApJ...692L.100J/abstract target=ref> Johnson et al. 2009 </a>",2.2271000,"<a refstr=JOHNSON_ET_AL__2009 href=https://ui.adsabs.harvard.edu/abs/2009ApJ...692L.100J/abstract target=ref> Johnson et al. 2009 </a>",12.10600000,11.5189000,1,0.698000,0.750000,1,"SuperWASP"
"WASP-16 b","WASP-16","TIC 46096489",3.11860000000,0.00001400000,-0.00001400000,"<a refstr=STASSUN_ET_AL__2017 href=https://ui.adsabs.harvard.edu/abs/2017AJ....153..136S/abstract target=ref>Stassun et al. 2017</a>",2456355.79653000,"<a refstr=KOKORI_ET_AL__2023 href=https://ui.adsabs.harvard.edu/abs/2023ApJS..265....4K/abstract target=ref>Kokori et al. 2023</a>",1.20000000,"<a refstr=STASSUN_ET_AL__2017 href=https://ui.adsabs.harvard.edu/abs/2017AJ....153..136S/abstract target=ref>Stassun et al. 2017</a>",2.0432740,"<a refstr=EXOFOP href=https://exofop.ipac.caltech.edu/tess/view_toi.php target=ref>ExoFOP</a>",13.67498000,10.6481000,1,1.140000,1.780000,1,"SuperWASP"
"WASP-35 b","WASP-35","TIC 43647325",3.16158000000,0.00000200000,-0.00000200000,"<a refstr=STASSUN_ET_AL__2017 href=https://ui.adsabs.harvard.edu/abs/2017AJ....153..136S/abstract target=ref>Stassun et al. 2017</a>",2458120.80442100,"<a refstr=KOKORI_ET_AL__2023 href=https://ui.adsabs.harvard.edu/abs/2023ApJS..265....4K/abstract target=ref>Kokori et al. 2023</a>",1.50000000,"<a refstr=STASSUN_ET_AL__2017 href=https://ui.adsabs.harvard.edu/abs/2017AJ....153..136S/abstract target=ref>Stassun et al. 2017</a>",3.1425792,"<a refstr=EXOFOP href=https://exofop.ipac.caltech.edu/tess/view_toi.php target=ref>ExoFOP</a>",14.57170000,10.4408000,1,1.080000,1.050000,1,"SuperWASP"
"WASP-99 b","WASP-99","TIC 166836920",5.75251000000,0.00004000000,-0.00004000000,"<a refstr=STASSUN_ET_AL__2017 href=https://ui.adsabs.harvard.edu/abs/2017AJ....153..136S/abstract target=ref>Stassun et al. 2017</a>",2459135.79592110,"<a refstr=SODICKSON__AMP__GRUNBLATT_2025 href=https://ui.adsabs.harvard.edu/abs/2025ApJ...993...78S/abstract target=ref>Sodickson &amp; Grunblatt 2025</a>",0.41000000,"<a refstr=STASSUN_ET_AL__2017 href=https://ui.adsabs.harvard.edu/abs/2017AJ....153..136S/abstract target=ref>Stassun et al. 2017</a>",5.2560000,"<a refstr=HELLIER_ET_AL__2014 href=https://ui.adsabs.harvard.edu/abs/2014MNRAS.440.1982H/abstract target=ref> Hellier et al. 2014 </a>",11.43318000,8.9300000,1,1.640000,1.210000,1,"SuperWASP"
"HATS-3 b","HATS-3","TIC 336732616",3.54785100000,0.00000500000,-0.00000500000,"<a refstr=BAYLISS_ET_AL__2013 href=https://ui.adsabs.harvard.edu/abs/2013AJ....146..113B/abstract target=ref> Bayliss et al. 2013 </a>",2456155.96734000,"<a refstr=BAYLISS_ET_AL__2013 href=https://ui.adsabs.harvard.edu/abs/2013AJ....146..113B/abstract target=ref> Bayliss et al. 2013 </a>",1.00000000,"<a refstr=STASSUN_ET_AL__2017 href=https://ui.adsabs.harvard.edu/abs/2017AJ....153..136S/abstract target=ref>Stassun et al. 2017</a>",3.5856000,"<a refstr=BAYLISS_ET_AL__2013 href=https://ui.adsabs.harvard.edu/abs/2013AJ....146..113B/abstract target=ref> Bayliss et al. 2013 </a>",15.48000000,11.5232000,1,1.404000,1.209000,1,"HATSouth"
"HATS-29 b","HATS-29","TIC 201604954",4.60587490000,0.00000630000,-0.00000630000,"<a refstr=ESPINOZA_ET_AL__2016 href=https://ui.adsabs.harvard.edu/abs/2016AJ....152..108E/abstract target=ref>Espinoza et al. 2016</a>",2457031.95618000,"<a refstr=ESPINOZA_ET_AL__2016 href=https://ui.adsabs.harvard.edu/abs/2016AJ....152..108E/abstract target=ref>Espinoza et al. 2016</a>",1.37930349,"<a refstr=EXOFOP href=https://exofop.ipac.caltech.edu/tess/view_toi.php target=ref>ExoFOP</a>",3.2112000,"<a refstr=ESPINOZA_ET_AL__2016 href=https://ui.adsabs.harvard.edu/abs/2016AJ....152..108E/abstract target=ref>Espinoza et al. 2016</a>",14.02245900,11.9707000,1,1.073000,1.032000,1,"HATSouth"
"HAT-P-41 b","HAT-P-41","TIC 398895470",2.69405000000,0.00000400000,-0.00000400000,"<a refstr=STASSUN_ET_AL__2017 href=https://ui.adsabs.harvard.edu/abs/2017AJ....153..136S/abstract target=ref>Stassun et al. 2017</a>",2458071.24389000,"<a refstr=KOKORI_ET_AL__2022 href=https://ui.adsabs.harvard.edu/abs/2022ApJS..258...40K/abstract target=ref>Kokori et al. 2022</a>",1.10000000,"<a refstr=STASSUN_ET_AL__2017 href=https://ui.adsabs.harvard.edu/abs/2017AJ....153..136S/abstract target=ref>Stassun et al. 2017</a>",3.6552000,"<a refstr=TSANTAKI_ET_AL__2014 href=https://ui.adsabs.harvard.edu/abs/2014A&A...570A..80T/abstract target=ref>Tsantaki et al. 2014</a>",22.97845000,10.5523000,1,2.050000,2.560000,1,"HATNet"
"KELT-12 b","KELT-12","TIC 116242971",5.03162300000,0.00003200000,-0.00003100000,"<a refstr=STEVENS_ET_AL__2017 href=https://ui.adsabs.harvard.edu/abs/2017AJ....153..178S/abstract target=ref>Stevens et al. 2017</a>",2457083.66045900,"<a refstr=STEVENS_ET_AL__2017 href=https://ui.adsabs.harvard.edu/abs/2017AJ....153..178S/abstract target=ref>Stevens et al. 2017</a>",0.59600000,"<a refstr=STEVENS_ET_AL__2017 href=https://ui.adsabs.harvard.edu/abs/2017AJ....153..178S/abstract target=ref>Stevens et al. 2017</a>",5.7624000,"<a refstr=STEVENS_ET_AL__2017 href=https://ui.adsabs.harvard.edu/abs/2017AJ....153..178S/abstract target=ref>Stevens et al. 2017</a>",19.95202000,10.1213000,1,2.370000,1.591000,1,"KELT-North"
"KELT-19 A b","KELT-19 A","TIC 425206121",4.61170930000,0.00000880000,-0.00000880000,"<a refstr=SIVERD_ET_AL__2018 href=https://ui.adsabs.harvard.edu/abs/2018AJ....155...35S/abstract target=ref>Siverd et al. 2018</a>",2457281.24953700,"<a refstr=SIVERD_ET_AL__2018 href=https://ui.adsabs.harvard.edu/abs/2018AJ....155...35S/abstract target=ref>Siverd et al. 2018</a>",1.14800000,"<a refstr=SIVERD_ET_AL__2018 href=https://ui.adsabs.harvard.edu/abs/2018AJ....155...35S/abstract target=ref>Siverd et al. 2018</a>",4.3944000,"<a refstr=SIVERD_ET_AL__2018 href=https://ui.adsabs.harvard.edu/abs/2018AJ....155...35S/abstract target=ref>Siverd et al. 2018</a>",21.40919000,9.6540000,1,1.830000,1.620000,1,"KELT"
"WASP-71 b","WASP-71","TIC 422655579",2.90367000000,0.00000700000,-0.00000700000,"<a refstr=STASSUN_ET_AL__2017 href=https://ui.adsabs.harvard.edu/abs/2017AJ....153..136S/abstract target=ref>Stassun et al. 2017</a>",2458720.93288000,"<a refstr=KOKORI_ET_AL__2023 href=https://ui.adsabs.harvard.edu/abs/2023ApJS..265....4K/abstract target=ref>Kokori et al. 2023</a>",0.44000000,"<a refstr=STASSUN_ET_AL__2017 href=https://ui.adsabs.harvard.edu/abs/2017AJ....153..136S/abstract target=ref>Stassun et al. 2017</a>",5.0469369,"<a refstr=EXOFOP href=https://exofop.ipac.caltech.edu/tess/view_toi.php target=ref>ExoFOP</a>",13.22662000,10.1638000,1,1.820000,0.760000,1,"SuperWASP"
"TOI-1244 b","TOI-1244","TIC 219850915",6.40031648300,0.00000593400,-0.00000589800,"<a refstr=CROSSFIELD_ET_AL_2025 href=https://ui.adsabs.harvard.edu/abs/2025AJ....169...89C/abstract target=ref>Crossfield et al. 2025</a>",2459913.80830000,"<a refstr=CROSSFIELD_ET_AL_2025 href=https://ui.adsabs.harvard.edu/abs/2025AJ....169...89C/abstract target=ref>Crossfield et al. 2025</a>",0.10266019,"<a refstr=EXOFOP href=https://exofop.ipac.caltech.edu/tess/view_toi.php target=ref>ExoFOP</a>",2.2098000,"<a refstr=CROSSFIELD_ET_AL_2025 href=https://ui.adsabs.harvard.edu/abs/2025AJ....169...89C/abstract target=ref>Crossfield et al. 2025</a>",2.46700000,11.0157000,1,0.721000,0.730000,1,"Transiting Exoplanet Survey Satellite (TESS)"
"WASP-55 b","WASP-55","TIC 294301883",4.46563100000,0.00000130000,-0.00000130000,"<a refstr=MCGRUDER_ET_AL__2023 href=https://ui.adsabs.harvard.edu/abs/2023ApJ...944L..56M/abstract target=ref>McGruder et al. 2023</a>",2455737.93919000,"<a refstr=MCGRUDER_ET_AL__2023 href=https://ui.adsabs.harvard.edu/abs/2023ApJ...944L..56M/abstract target=ref>McGruder et al. 2023</a>",1.83550000,"<a refstr=KRUSE_ET_AL__2019 href=https://ui.adsabs.harvard.edu/abs/2019ApJS..244...11K/abstract target=ref>Kruse et al. 2019</a>",3.5332800,"<a refstr=KRUSE_ET_AL__2019 href=https://ui.adsabs.harvard.edu/abs/2019ApJS..244...11K/abstract target=ref>Kruse et al. 2019</a>",14.72860064,11.3473000,1,1.090000,1.071000,1,"SuperWASP"
"WASP-62 b","WASP-62","TIC 149603524",4.41195000000,0.00000300000,-0.00000300000,"<a refstr=STASSUN_ET_AL__2017 href=https://ui.adsabs.harvard.edu/abs/2017AJ....153..136S/abstract target=ref>Stassun et al. 2017</a>",2458851.09933800,"<a refstr=KOKORI_ET_AL__2023 href=https://ui.adsabs.harvard.edu/abs/2023ApJS..265....4K/abstract target=ref>Kokori et al. 2023</a>",1.20000000,"<a refstr=STASSUN_ET_AL__2017 href=https://ui.adsabs.harvard.edu/abs/2017AJ....153..136S/abstract target=ref>Stassun et al. 2017</a>",3.8160000,"<a refstr=BROWN_ET_AL__2017 href=https://ui.adsabs.harvard.edu/abs/2017MNRAS.464..810B/abstract target=ref>Brown et al. 2017</a>",14.79588000,9.7109000,1,1.230000,1.110000,1,"SuperWASP"
"TOI-929 b","TOI-929","TIC 175532955",5.83015366944,0.00003482336,-0.00003111897,"<a refstr=LAFARGA_ET_AL_2026 href=https://ui.adsabs.harvard.edu/abs/2026MNRAS.548ag512L/abstract target=ref>Lafarga et al. 2026</a>",2458429.24986183,"<a refstr=LAFARGA_ET_AL_2026 href=https://ui.adsabs.harvard.edu/abs/2026MNRAS.548ag512L/abstract target=ref>Lafarga et al. 2026</a>",0.13100000,"<a refstr=EXOFOP href=https://exofop.ipac.caltech.edu/tess/view_toi.php target=ref>ExoFOP</a>",2.8656840,"<a refstr=LAFARGA_ET_AL_2026 href=https://ui.adsabs.harvard.edu/abs/2026MNRAS.548ag512L/abstract target=ref>Lafarga et al. 2026</a>",2.68983343,11.4337000,1,0.717414,0.700000,1,"Transiting Exoplanet Survey Satellite (TESS)"
"KELT-3 b","KELT-3","TIC 67666096",2.70339000000,0.00001000000,-0.00001000000,"<a refstr=STASSUN_ET_AL__2017 href=https://ui.adsabs.harvard.edu/abs/2017AJ....153..136S/abstract target=ref>Stassun et al. 2017</a>",2458872.85437300,"<a refstr=YALCINKAYA_ET_AL_2024 href=https://ui.adsabs.harvard.edu/abs/2024MNRAS.530.2475Y/abstract target=ref>Yal&ccedil;&#x131;nkaya et al. 2024</a>",0.89000000,"<a refstr=STASSUN_ET_AL__2017 href=https://ui.adsabs.harvard.edu/abs/2017AJ....153..136S/abstract target=ref>Stassun et al. 2017</a>",3.1512000,"<a refstr=PEPPER_ET_AL__2013 href=https://ui.adsabs.harvard.edu/abs/2013ApJ...773...64P/abstract target=ref> Pepper et al. 2013 </a>",17.48604000,9.4335100,1,1.700000,1.960000,1,"KELT"
"KELT-14 b","KELT-14","TIC 134537478",1.71005660000,0.00000320000,-0.00000260000,"<a refstr=TURNER_ET_AL__2016 href=https://ui.adsabs.harvard.edu/abs/2016PASP..128f4401T/abstract target=ref>Turner et al. 2016</a>",2456665.22401000,"<a refstr=TURNER_ET_AL__2016 href=https://ui.adsabs.harvard.edu/abs/2016PASP..128f4401T/abstract target=ref>Turner et al. 2016</a>",1.38600000,"<a refstr=TURNER_ET_AL__2016 href=https://ui.adsabs.harvard.edu/abs/2016PASP..128f4401T/abstract target=ref>Turner et al. 2016</a>",2.1880800,"<a refstr=TURNER_ET_AL__2016 href=https://ui.adsabs.harvard.edu/abs/2016PASP..128f4401T/abstract target=ref>Turner et al. 2016</a>",19.53728700,10.3887000,1,1.520000,1.239000,1,"KELT-South"
"WASP-56 b","WASP-56","TIC 347329162",4.61710000000,0.00000300000,-0.00000300000,"<a refstr=STASSUN_ET_AL__2017 href=https://ui.adsabs.harvard.edu/abs/2017AJ....153..136S/abstract target=ref>Stassun et al. 2017</a>",2455841.60939000,"<a refstr=KOKORI_ET_AL__2022 href=https://ui.adsabs.harvard.edu/abs/2022ApJS..258...40K/abstract target=ref>Kokori et al. 2022</a>",1.00000000,"<a refstr=STASSUN_ET_AL__2017 href=https://ui.adsabs.harvard.edu/abs/2017AJ....153..136S/abstract target=ref>Stassun et al. 2017</a>",3.5616000,"<a refstr=FAEDI_ET_AL__2013 href=https://ui.adsabs.harvard.edu/abs/2013A%26A...551A..73F/abstract target=ref> Faedi et al. 2013 </a>",10.53646000,11.5384000,1,0.960000,0.710000,1,"SuperWASP"
"WASP-68 b","WASP-68","TIC 71841620",5.08430000000,0.00001500000,-0.00001500000,"<a refstr=STASSUN_ET_AL__2017 href=https://ui.adsabs.harvard.edu/abs/2017AJ....153..136S/abstract target=ref>Stassun et al. 2017</a>",2456802.08922000,"<a refstr=KOKORI_ET_AL__2023 href=https://ui.adsabs.harvard.edu/abs/2023ApJS..265....4K/abstract target=ref>Kokori et al. 2023</a>",0.57000000,"<a refstr=STASSUN_ET_AL__2017 href=https://ui.adsabs.harvard.edu/abs/2017AJ....153..136S/abstract target=ref>Stassun et al. 2017</a>",5.0844391,"<a refstr=EXOFOP href=https://exofop.ipac.caltech.edu/tess/view_toi.php target=ref>ExoFOP</a>",14.79588000,9.9543000,1,1.790000,1.490000,1,"SuperWASP"
"WASP-78 b","WASP-78","TIC 139528693",2.17518000000,0.00000500000,-0.00000500000,"<a refstr=STASSUN_ET_AL__2017 href=https://ui.adsabs.harvard.edu/abs/2017AJ....153..136S/abstract target=ref>Stassun et al. 2017</a>",2457966.18625000,"<a refstr=KOKORI_ET_AL__2023 href=https://ui.adsabs.harvard.edu/abs/2023ApJS..265....4K/abstract target=ref>Kokori et al. 2023</a>",0.65000000,"<a refstr=STASSUN_ET_AL__2017 href=https://ui.adsabs.harvard.edu/abs/2017AJ....153..136S/abstract target=ref>Stassun et al. 2017</a>",4.9680000,"<a refstr=BROWN_ET_AL__2017 href=https://ui.adsabs.harvard.edu/abs/2017MNRAS.464..810B/abstract target=ref>Brown et al. 2017</a>",21.63337000,11.8282000,1,2.460000,1.870000,1,"SuperWASP"
"WASP-88 b","WASP-88","TIC 100566492",4.95400000000,0.00001900000,-0.00001900000,"<a refstr=STASSUN_ET_AL__2017 href=https://ui.adsabs.harvard.edu/abs/2017AJ....153..136S/abstract target=ref>Stassun et al. 2017</a>",2458248.26526000,"<a refstr=KOKORI_ET_AL__2023 href=https://ui.adsabs.harvard.edu/abs/2023ApJS..265....4K/abstract target=ref>Kokori et al. 2023</a>",0.70000000,"<a refstr=STASSUN_ET_AL__2017 href=https://ui.adsabs.harvard.edu/abs/2017AJ....153..136S/abstract target=ref>Stassun et al. 2017</a>",6.0480000,"<a refstr=DELREZ_ET_AL__2014 href=https://ui.adsabs.harvard.edu/abs/2014A%26A...563A.143D/abstract target=ref> Delrez et al. 2014 </a>",16.36514000,11.1170000,1,1.800000,0.940000,1,"SuperWASP"
"HATS-51 b","HATS-51","TIC 53458803",3.34887020000,0.00000390000,-0.00000390000,"<a refstr=HENNING_ET_AL__2018 href=https://ui.adsabs.harvard.edu/abs/2018AJ....155...79H/abstract target=ref>Henning et al. 2018</a>",2457042.00405000,"<a refstr=HENNING_ET_AL__2018 href=https://ui.adsabs.harvard.edu/abs/2018AJ....155...79H/abstract target=ref>Henning et al. 2018</a>",1.09871748,"<a refstr=EXOFOP href=https://exofop.ipac.caltech.edu/tess/view_toi.php target=ref>ExoFOP</a>",3.3216000,"<a refstr=HENNING_ET_AL__2018 href=https://ui.adsabs.harvard.edu/abs/2018AJ....155...79H/abstract target=ref>Henning et al. 2018</a>",15.80469000,11.8656000,1,1.440000,1.187000,1,"HATSouth"
"HD 18599 b","HD 18599","TIC 207141131",4.13743540000,0.00000360000,-0.00000370000,"<a refstr=DESIDERA_ET_AL_2023 href=https://ui.adsabs.harvard.edu/abs/2023A&A...675A.158D/abstract target=ref>Desidera et al. 2023</a>",2459111.73946000,"<a refstr=DESIDERA_ET_AL_2023 href=https://ui.adsabs.harvard.edu/abs/2023A&A...675A.158D/abstract target=ref>Desidera et al. 2023</a>",0.10084447,"<a refstr=EXOFOP href=https://exofop.ipac.caltech.edu/tess/view_toi.php target=ref>ExoFOP</a>",2.0600000,"<a refstr=DESIDERA_ET_AL_2023 href=https://ui.adsabs.harvard.edu/abs/2023A&A...675A.158D/abstract target=ref>Desidera et al. 2023</a>",2.60000000,8.1796000,1,0.767000,0.863000,1,"Transiting Exoplanet Survey Satellite (TESS)"
"TOI-5210 b","TOI-5210","TIC 265979849",4.56610610000,0.00000240000,-0.00000230000,"<a refstr=YEE_ET_AL_2025 href=https://ui.adsabs.harvard.edu/abs/2025ApJS..280...30Y/abstract target=ref>Yee et al. 2025</a>",2459854.90873000,"<a refstr=YEE_ET_AL_2025 href=https://ui.adsabs.harvard.edu/abs/2025ApJS..280...30Y/abstract target=ref>Yee et al. 2025</a>",0.66200000,"<a refstr=YEE_ET_AL_2025 href=https://ui.adsabs.harvard.edu/abs/2025ApJS..280...30Y/abstract target=ref>Yee et al. 2025</a>",3.7100000,"<a refstr=YEE_ET_AL_2025 href=https://ui.adsabs.harvard.edu/abs/2025ApJS..280...30Y/abstract target=ref>Yee et al. 2025</a>",10.72699453,11.4194000,1,1.209000,1.105000,1,"Transiting Exoplanet Survey Satellite (TESS)"
"TOI-5238 b","TOI-5238","TIC 219016883",4.87217100000,,,"<a refstr=MANTOVAN_ET_AL_2022 href=https://ui.adsabs.harvard.edu/abs/2022MNRAS.516.4432M/abstract target=ref>Mantovan et al. 2022</a>",2459661.51574000,"<a refstr=EXOFOP href=https://exofop.ipac.caltech.edu/tess/view_toi.php target=ref>ExoFOP</a>",0.21800000,"<a refstr=EXOFOP href=https://exofop.ipac.caltech.edu/tess/view_toi.php target=ref>ExoFOP</a>",2.5840000,"<a refstr=EXOFOP href=https://exofop.ipac.caltech.edu/tess/view_toi.php target=ref>ExoFOP</a>",5.22000000,11.6370000,1,1.022830,1.000000,1,"Transiting Exoplanet Survey Satellite (TESS)"
"TOI-5777 b","TOI-5777","TIC 459189798",6.91716177373,0.00005941586,-0.00005828566,"<a refstr=LAFARGA_ET_AL_2026 href=https://ui.adsabs.harvard.edu/abs/2026MNRAS.548ag512L/abstract target=ref>Lafarga et al. 2026</a>",2459392.31582170,"<a refstr=LAFARGA_ET_AL_2026 href=https://ui.adsabs.harvard.edu/abs/2026MNRAS.548ag512L/abstract target=ref>Lafarga et al. 2026</a>",0.12500000,"<a refstr=EXOFOP href=https://exofop.ipac.caltech.edu/tess/view_toi.php target=ref>ExoFOP</a>",2.5609922,"<a refstr=LAFARGA_ET_AL_2026 href=https://ui.adsabs.harvard.edu/abs/2026MNRAS.548ag512L/abstract target=ref>Lafarga et al. 2026</a>",3.09551273,11.8799000,1,0.671912,0.658000,1,"Transiting Exoplanet Survey Satellite (TESS)"
"TOI-6016 b","TOI-6016","TIC 327369524",4.02368700000,0.00000300000,-0.00000300000,"<a refstr=EHRHARDT_ET_AL__2024 href=https://ui.adsabs.harvard.edu/abs/2024A&A...692A.220E/abstract target=ref>Ehrhardt et al. 2024</a>",2459877.79300000,"<a refstr=EHRHARDT_ET_AL__2024 href=https://ui.adsabs.harvard.edu/abs/2024A&A...692A.220E/abstract target=ref>Ehrhardt et al. 2024</a>",0.89250000,"<a refstr=EXOFOP href=https://exofop.ipac.caltech.edu/tess/view_toi.php target=ref>ExoFOP</a>",5.7000000,"<a refstr=EHRHARDT_ET_AL__2024 href=https://ui.adsabs.harvard.edu/abs/2024A&A...692A.220E/abstract target=ref>Ehrhardt et al. 2024</a>",13.67495645,11.3864000,1,1.510000,1.310000,1,"Transiting Exoplanet Survey Satellite (TESS)"
"HAT-P-57 b","HAT-P-57","TIC 317520667",2.46530000000,0.00000300000,-0.00000300000,"<a refstr=STASSUN_ET_AL__2017 href=https://ui.adsabs.harvard.edu/abs/2017AJ....153..136S/abstract target=ref>Stassun et al. 2017</a>",2457598.49926000,"<a refstr=KOKORI_ET_AL__2023 href=https://ui.adsabs.harvard.edu/abs/2023ApJS..265....4K/abstract target=ref>Kokori et al. 2023</a>",0.94000000,"<a refstr=STASSUN_ET_AL__2017 href=https://ui.adsabs.harvard.edu/abs/2017AJ....153..136S/abstract target=ref>Stassun et al. 2017</a>",3.4987200,"<a refstr=HARTMAN_ET_AL__2015 href=https://ui.adsabs.harvard.edu/abs/2015AJ....150..197H/abstract target=ref>Hartman et al. 2015</a>",19.50366000,10.1154000,1,1.850000,2.770000,1,"HATNet"
"KELT-23 A b","KELT-23 A","TIC 458478250",2.25525100000,0.00001100000,-0.00001200000,"<a refstr=JOHNS_ET_AL__2019 href=https://ui.adsabs.harvard.edu/abs/2019AJ....158...78J/abstract target=ref>Johns et al. 2019</a>",2458140.37920000,"<a refstr=JOHNS_ET_AL__2019 href=https://ui.adsabs.harvard.edu/abs/2019AJ....158...78J/abstract target=ref>Johns et al. 2019</a>",1.86400000,"<a refstr=JOHNS_ET_AL__2019 href=https://ui.adsabs.harvard.edu/abs/2019AJ....158...78J/abstract target=ref>Johns et al. 2019</a>",2.3810400,"<a refstr=JOHNS_ET_AL__2019 href=https://ui.adsabs.harvard.edu/abs/2019AJ....158...78J/abstract target=ref>Johns et al. 2019</a>",14.82950700,9.7670300,1,0.996000,0.944000,1,"KELT-North"
"TOI-3023 b","TOI-3023","TIC 454248975",3.90149710000,0.00000310000,-0.00000310000,"<a refstr=YEE_ET_AL__2023 href=https://ui.adsabs.harvard.edu/abs/2023ApJS..265....1Y/abstract target=ref>Yee et al. 2023</a>",2459071.19220000,"<a refstr=YEE_ET_AL__2023 href=https://ui.adsabs.harvard.edu/abs/2023ApJS..265....1Y/abstract target=ref>Yee et al. 2023</a>",0.81500000,"<a refstr=YEE_ET_AL__2023 href=https://ui.adsabs.harvard.edu/abs/2023ApJS..265....1Y/abstract target=ref>Yee et al. 2023</a>",4.9610000,"<a refstr=YEE_ET_AL__2023 href=https://ui.adsabs.harvard.edu/abs/2023ApJS..265....1Y/abstract target=ref>Yee et al. 2023</a>",16.43236571,11.4848000,1,1.668000,1.120000,1,"Transiting Exoplanet Survey Satellite (TESS)"
"TOI-2567 b","TOI-2567","TIC 258920431",5.98394400000,0.00001300000,-0.00001300000,"<a refstr=YEE_ET_AL__2022 href=https://ui.adsabs.harvard.edu/abs/2022AJ....164...70Y/abstract target=ref>Yee et al. 2022</a>",2459007.78085000,"<a refstr=YEE_ET_AL__2022 href=https://ui.adsabs.harvard.edu/abs/2022AJ....164...70Y/abstract target=ref>Yee et al. 2022</a>",0.35370000,"<a refstr=YEE_ET_AL__2022 href=https://ui.adsabs.harvard.edu/abs/2022AJ....164...70Y/abstract target=ref>Yee et al. 2022</a>",5.4576000,"<a refstr=YEE_ET_AL__2022 href=https://ui.adsabs.harvard.edu/abs/2022AJ....164...70Y/abstract target=ref>Yee et al. 2022</a>",10.92875618,11.7489000,1,1.686000,1.130000,1,"Transiting Exoplanet Survey Satellite (TESS)"
"WASP-87 b","WASP-87","TIC 15445551",1.68279500000,0.00000190000,-0.00000190000,"<a refstr=ADDISON_ET_AL__2016 href=https://ui.adsabs.harvard.edu/abs/2016ApJ...823...29A/abstract target=ref>Addison et al. 2016</a>",2457082.07656000,"<a refstr=ADDISON_ET_AL__2016 href=https://ui.adsabs.harvard.edu/abs/2016ApJ...823...29A/abstract target=ref>Addison et al. 2016</a>",0.76500000,"<a refstr=ADDISON_ET_AL__2016 href=https://ui.adsabs.harvard.edu/abs/2016ApJ...823...29A/abstract target=ref>Addison et al. 2016</a>",3.0314666,"<a refstr=EXOFOP href=https://exofop.ipac.caltech.edu/tess/view_toi.php target=ref>ExoFOP</a>",15.52446500,10.3490000,1,1.627000,1.204000,1,"Anglo-Australian Telescope"
"TOI-163 b","TOI-163","TIC 179317684",4.23130600000,0.00006300000,-0.00005700000,"<a refstr=KOSSAKOWSKI_ET_AL__2019 href=https://ui.adsabs.harvard.edu/abs/2019MNRAS.490.1094K/abstract target=ref>Kossakowski et al. 2019</a>",2458328.87970000,"<a refstr=KOSSAKOWSKI_ET_AL__2019 href=https://ui.adsabs.harvard.edu/abs/2019MNRAS.490.1094K/abstract target=ref>Kossakowski et al. 2019</a>",0.72612759,"<a refstr=EXOFOP href=https://exofop.ipac.caltech.edu/tess/view_toi.php target=ref>ExoFOP</a>",4.9300000,"<a refstr=KOSSAKOWSKI_ET_AL__2019 href=https://ui.adsabs.harvard.edu/abs/2019MNRAS.490.1094K/abstract target=ref>Kossakowski et al. 2019</a>",16.69020100,10.8719000,1,1.648000,1.435200,1,"Transiting Exoplanet Survey Satellite (TESS)"
"WASP-187 b","WASP-187","TIC 15692883",5.14787800000,0.00000500000,-0.00000900000,"<a refstr=SCHANCHE_ET_AL__2020 href=https://ui.adsabs.harvard.edu/abs/2020MNRAS.499..428S/abstract target=ref>Schanche et al. 2020</a>",2455197.35290000,"<a refstr=SCHANCHE_ET_AL__2020 href=https://ui.adsabs.harvard.edu/abs/2020MNRAS.499..428S/abstract target=ref>Schanche et al. 2020</a>",0.35000000,"<a refstr=SCHANCHE_ET_AL__2020 href=https://ui.adsabs.harvard.edu/abs/2020MNRAS.499..428S/abstract target=ref>Schanche et al. 2020</a>",5.8200000,"<a refstr=SCHANCHE_ET_AL__2020 href=https://ui.adsabs.harvard.edu/abs/2020MNRAS.499..428S/abstract target=ref>Schanche et al. 2020</a>",18.38276000,9.7116000,1,2.830000,1.540000,1,"SuperWASP"
"Qatar-6 b","Qatar-6","TIC 311133118",3.50619500000,0.00001800000,-0.00001800000,"<a refstr=ALSUBAI_ET_AL__2018 href=https://ui.adsabs.harvard.edu/abs/2018AJ....155...52A/abstract target=ref>Alsubai et al. 2018</a>",2457784.03270000,"<a refstr=ALSUBAI_ET_AL__2018 href=https://ui.adsabs.harvard.edu/abs/2018AJ....155...52A/abstract target=ref>Alsubai et al. 2018</a>",1.83794360,"<a refstr=EXOFOP href=https://exofop.ipac.caltech.edu/tess/view_toi.php target=ref>ExoFOP</a>",1.5888000,"<a refstr=ALSUBAI_ET_AL__2018 href=https://ui.adsabs.harvard.edu/abs/2018AJ....155...52A/abstract target=ref>Alsubai et al. 2018</a>",11.90395800,10.5319000,1,0.722000,0.822000,1,"Qatar"
"TOI-2382 b","TOI-2382","TIC 2760219",4.66120610000,0.00000320000,-0.00000320000,"<a refstr=YEE_ET_AL_2025 href=https://ui.adsabs.harvard.edu/abs/2025ApJS..280...30Y/abstract target=ref>Yee et al. 2025</a>",2459215.45850000,"<a refstr=YEE_ET_AL_2025 href=https://ui.adsabs.harvard.edu/abs/2025ApJS..280...30Y/abstract target=ref>Yee et al. 2025</a>",0.62800000,"<a refstr=YEE_ET_AL_2025 href=https://ui.adsabs.harvard.edu/abs/2025ApJS..280...30Y/abstract target=ref>Yee et al. 2025</a>",2.2700000,"<a refstr=YEE_ET_AL_2025 href=https://ui.adsabs.harvard.edu/abs/2025ApJS..280...30Y/abstract target=ref>Yee et al. 2025</a>",12.25141591,11.4408000,1,1.417000,1.260000,1,"Transiting Exoplanet Survey Satellite (TESS)"
"K2-405 b","K2-405","TIC 149496868",3.43547100000,0.00003600000,-0.00003100000,"<a refstr=CHRISTIANSEN_ET_AL_2022 href=https://ui.adsabs.harvard.edu/abs/2022AJ....163..244C/abstract target=ref>Christiansen et al. 2022</a>",2457908.99590000,"<a refstr=CHRISTIANSEN_ET_AL_2022 href=https://ui.adsabs.harvard.edu/abs/2022AJ....163..244C/abstract target=ref>Christiansen et al. 2022</a>",0.25800000,"<a refstr=EXOFOP href=https://exofop.ipac.caltech.edu/tess/view_toi.php target=ref>ExoFOP</a>",2.1100000,"<a refstr=EXOFOP href=https://exofop.ipac.caltech.edu/tess/view_toi.php target=ref>ExoFOP</a>",4.56900000,11.9783000,1,0.765000,1.034000,1,"K2"
"TOI-1181 b","TOI-1181","TIC 229510866",2.10318900000,0.00000300000,-0.00000500000,"<a refstr=SAUNDERS_ET_AL__2024 href=https://ui.adsabs.harvard.edu/abs/2024AJ....168...81S/abstract target=ref>Saunders et al. 2024</a>",2459481.51696000,"<a refstr=SAUNDERS_ET_AL__2024 href=https://ui.adsabs.harvard.edu/abs/2024AJ....168...81S/abstract target=ref>Saunders et al. 2024</a>",0.71420000,"<a refstr=EXOFOP href=https://exofop.ipac.caltech.edu/tess/view_toi.php target=ref>ExoFOP</a>",4.1218716,"<a refstr=POLANSKI_ET_AL__2024 href=https://ui.adsabs.harvard.edu/abs/2024ApJS..272...32P/abstract target=ref>Polanski et al. 2024</a>",17.02644168,10.0790000,1,1.961000,1.467000,1,"Transiting Exoplanet Survey Satellite (TESS)"
"TOI-2818 b","TOI-2818","TIC 151483286",4.03970900000,0.00000240000,-0.00000230000,"<a refstr=YEE_ET_AL__2023 href=https://ui.adsabs.harvard.edu/abs/2023ApJS..265....1Y/abstract target=ref>Yee et al. 2023</a>",2459023.44641000,"<a refstr=YEE_ET_AL__2023 href=https://ui.adsabs.harvard.edu/abs/2023ApJS..265....1Y/abstract target=ref>Yee et al. 2023</a>",1.30000000,"<a refstr=YEE_ET_AL__2023 href=https://ui.adsabs.harvard.edu/abs/2023ApJS..265....1Y/abstract target=ref>Yee et al. 2023</a>",3.8040000,"<a refstr=YEE_ET_AL__2023 href=https://ui.adsabs.harvard.edu/abs/2023ApJS..265....1Y/abstract target=ref>Yee et al. 2023</a>",15.27784069,11.3944000,1,1.229000,0.977000,1,"Transiting Exoplanet Survey Satellite (TESS)"
"TOI-1516 b","TOI-1516","TIC 376637093",2.05601400000,0.00000200000,-0.00000200000,"<a refstr=KABATH_ET_AL_2022 href=https://ui.adsabs.harvard.edu/abs/2022MNRAS.513.5955K/abstract target=ref>Kab&aacute;th et al. 2022</a>",2458765.32500000,"<a refstr=KABATH_ET_AL_2022 href=https://ui.adsabs.harvard.edu/abs/2022MNRAS.513.5955K/abstract target=ref>Kab&aacute;th et al. 2022</a>",1.74530000,"<a refstr=EXOFOP href=https://exofop.ipac.caltech.edu/tess/view_toi.php target=ref>ExoFOP</a>",2.8260000,"<a refstr=KABATH_ET_AL_2022 href=https://ui.adsabs.harvard.edu/abs/2022MNRAS.513.5955K/abstract target=ref>Kab&aacute;th et al. 2022</a>",15.24421375,10.3770000,1,1.140000,1.140000,1,"Transiting Exoplanet Survey Satellite (TESS)"
"HATS-57 b","HATS-57","TIC 178289267",2.35062100000,0.00000130000,-0.00000130000,"<a refstr=ESPINOZA_ET_AL__2019 href=https://ui.adsabs.harvard.edu/abs/2019AJ....158...63E/abstract target=ref>Espinoza et al. 2019</a>",2457778.49589000,"<a refstr=ESPINOZA_ET_AL__2019 href=https://ui.adsabs.harvard.edu/abs/2019AJ....158...63E/abstract target=ref>Espinoza et al. 2019</a>",1.59400000,"<a refstr=EXOFOP href=https://exofop.ipac.caltech.edu/tess/view_toi.php target=ref>ExoFOP</a>",2.4885600,"<a refstr=ESPINOZA_ET_AL__2019 href=https://ui.adsabs.harvard.edu/abs/2019AJ....158...63E/abstract target=ref>Espinoza et al. 2019</a>",12.76705100,11.7076000,1,0.960000,1.026000,1,"HATSouth"
"HATS-56 b","HATS-56","TIC 272213425",4.32479900000,0.00002700000,-0.00002700000,"<a refstr=ESPINOZA_ET_AL__2019 href=https://ui.adsabs.harvard.edu/abs/2019AJ....158...63E/abstract target=ref>Espinoza et al. 2019</a>",2457788.00290000,"<a refstr=ESPINOZA_ET_AL__2019 href=https://ui.adsabs.harvard.edu/abs/2019AJ....158...63E/abstract target=ref>Espinoza et al. 2019</a>",0.63800000,"<a refstr=EXOFOP href=https://exofop.ipac.caltech.edu/tess/view_toi.php target=ref>ExoFOP</a>",4.6416000,"<a refstr=ESPINOZA_ET_AL__2019 href=https://ui.adsabs.harvard.edu/abs/2019AJ....158...63E/abstract target=ref>Espinoza et al. 2019</a>",18.92079200,11.1138000,1,2.201000,1.573000,1,"HATSouth"
"TOI-1722 b","TOI-1722","TIC 85242435",9.60523206943,0.00021312959,-0.00020031766,"<a refstr=LAFARGA_ET_AL_2026 href=https://ui.adsabs.harvard.edu/abs/2026MNRAS.548ag512L/abstract target=ref>Lafarga et al. 2026</a>",2458844.11315365,"<a refstr=LAFARGA_ET_AL_2026 href=https://ui.adsabs.harvard.edu/abs/2026MNRAS.548ag512L/abstract target=ref>Lafarga et al. 2026</a>",0.14370000,"<a refstr=EXOFOP href=https://exofop.ipac.caltech.edu/tess/view_toi.php target=ref>ExoFOP</a>",4.0723210,"<a refstr=LAFARGA_ET_AL_2026 href=https://ui.adsabs.harvard.edu/abs/2026MNRAS.548ag512L/abstract target=ref>Lafarga et al. 2026</a>",4.38298108,9.5268200,1,1.094140,1.162000,1,"Transiting Exoplanet Survey Satellite (TESS)"
"TOI-2158 b","TOI-2158","TIC 342642208",8.60077000000,0.00003000000,-0.00003000000,"<a refstr=KNUDSTRUP_ET_AL_2022 href=https://ui.adsabs.harvard.edu/abs/2022A&A...667A..22K/abstract target=ref>Knudstrup et al. 2022</a>",2459018.92250000,"<a refstr=KNUDSTRUP_ET_AL_2022 href=https://ui.adsabs.harvard.edu/abs/2022A&A...667A..22K/abstract target=ref>Knudstrup et al. 2022</a>",0.50900000,"<a refstr=EXOFOP href=https://exofop.ipac.caltech.edu/tess/view_toi.php target=ref>ExoFOP</a>",3.7700000,"<a refstr=KNUDSTRUP_ET_AL_2022 href=https://ui.adsabs.harvard.edu/abs/2022A&A...667A..22K/abstract target=ref>Knudstrup et al. 2022</a>",10.76062147,10.1669000,1,1.410000,1.120000,1,"Transiting Exoplanet Survey Satellite (TESS)"
"TOI-132 b","TOI-132","TIC 89020549",2.10970190000,0.00001200000,-0.00001100000,"<a refstr=D_IACUTE_AZ_ET_AL__2020 href=https://ui.adsabs.harvard.edu/abs/2020MNRAS.493..973D/abstract target=ref>D&iacute;az et al. 2020</a>",2458333.23095000,"<a refstr=D_IACUTE_AZ_ET_AL__2020 href=https://ui.adsabs.harvard.edu/abs/2020MNRAS.493..973D/abstract target=ref>D&iacute;az et al. 2020</a>",0.13097297,"<a refstr=EXOFOP href=https://exofop.ipac.caltech.edu/tess/view_toi.php target=ref>ExoFOP</a>",2.1344043,"<a refstr=EXOFOP href=https://exofop.ipac.caltech.edu/tess/view_toi.php target=ref>ExoFOP</a>",3.42000000,10.8061000,1,0.900000,0.970000,1,"Transiting Exoplanet Survey Satellite (TESS)"
"TOI-2498 b","TOI-2498","TIC 263179590",3.73825200000,0.00000400000,-0.00000400000,"<a refstr=FRAME_ET_AL_2023 href=https://ui.adsabs.harvard.edu/abs/2023MNRAS.523.1163F/abstract target=ref>Frame et al. 2023</a>",2459204.41670000,"<a refstr=FRAME_ET_AL_2023 href=https://ui.adsabs.harvard.edu/abs/2023MNRAS.523.1163F/abstract target=ref>Frame et al. 2023</a>",0.13164623,"<a refstr=EXOFOP href=https://exofop.ipac.caltech.edu/tess/view_toi.php target=ref>ExoFOP</a>",2.9752080,"<a refstr=EXOFOP href=https://exofop.ipac.caltech.edu/tess/view_toi.php target=ref>ExoFOP</a>",6.06000000,10.8440000,1,1.260000,1.120000,1,"Transiting Exoplanet Survey Satellite (TESS)"
"HD 2685 b","HD 2685","TIC 267263253",4.12688000000,0.00005000000,-0.00004000000,"<a refstr=JONES_ET_AL__2019 href=https://ui.adsabs.harvard.edu/abs/2019A&A...625A..16J/abstract target=ref>Jones et al. 2019</a>",2458325.78297000,"<a refstr=JONES_ET_AL__2019 href=https://ui.adsabs.harvard.edu/abs/2019A&A...625A..16J/abstract target=ref>Jones et al. 2019</a>",1.08310000,"<a refstr=EXOFOP href=https://exofop.ipac.caltech.edu/tess/view_toi.php target=ref>ExoFOP</a>",4.4050000,"<a refstr=EXOFOP href=https://exofop.ipac.caltech.edu/tess/view_toi.php target=ref>ExoFOP</a>",16.14096000,9.2205000,1,1.560000,1.430000,1,"Transiting Exoplanet Survey Satellite (TESS)"
"Kepler-1517 b","Kepler-1517","TIC 158555987",5.54608366500,0.00000708700,-0.00000708700,"<a refstr=MORTON_ET_AL__2016 href=https://ui.adsabs.harvard.edu/abs/2016ApJ...822...86M/abstract target=ref>Morton et al. 2016</a>",2454966.50335000,"<a refstr=MORTON_ET_AL__2016 href=https://ui.adsabs.harvard.edu/abs/2016ApJ...822...86M/abstract target=ref>Morton et al. 2016</a>",0.21493000,"<a refstr=Q1_Q17_DR24_KOI_TABLE href=https://exoplanetarchive.ipac.caltech.edu/docs/Kepler_KOI_docs.html target=ref>Q1-Q17 DR24 KOI Table</a>",2.3929000,"<a refstr=MORTON_ET_AL__2016 href=https://ui.adsabs.harvard.edu/abs/2016ApJ...822...86M/abstract target=ref>Morton et al. 2016</a>",9.76000000,11.8995000,1,1.950000,1.580000,1,"Kepler"
"KELT-17 b","KELT-17","TIC 6893917",3.08017160000,0.00000530000,-0.00000520000,"<a refstr=ZHOU_ET_AL__2016 href=https://ui.adsabs.harvard.edu/abs/2016AJ....152..136Z/abstract target=ref>Zhou et al. 2016</a>",2457226.14219400,"<a refstr=ZHOU_ET_AL__2016 href=https://ui.adsabs.harvard.edu/abs/2016AJ....152..136Z/abstract target=ref>Zhou et al. 2016</a>",0.90700000,"<a refstr=ZHOU_ET_AL__2016 href=https://ui.adsabs.harvard.edu/abs/2016AJ....152..136Z/abstract target=ref>Zhou et al. 2016</a>",3.4752000,"<a refstr=ZHOU_ET_AL__2016 href=https://ui.adsabs.harvard.edu/abs/2016AJ....152..136Z/abstract target=ref>Zhou et al. 2016</a>",17.09372500,9.0209700,1,1.645000,1.635000,1,"KELT"
"WASP-118 b","WASP-118","TIC 380907135",4.04604350000,0.00000440000,-0.00000440000,"<a refstr=HAY_ET_AL__2016 href=https://ui.adsabs.harvard.edu/abs/2016MNRAS.463.3276H/abstract target=ref>Hay et al. 2016</a>",2456787.81423000,"<a refstr=HAY_ET_AL__2016 href=https://ui.adsabs.harvard.edu/abs/2016MNRAS.463.3276H/abstract target=ref>Hay et al. 2016</a>",0.75500000,"<a refstr=HAY_ET_AL__2016 href=https://ui.adsabs.harvard.edu/abs/2016MNRAS.463.3276H/abstract target=ref>Hay et al. 2016</a>",4.8048000,"<a refstr=HAY_ET_AL__2016 href=https://ui.adsabs.harvard.edu/abs/2016MNRAS.463.3276H/abstract target=ref>Hay et al. 2016</a>",16.14096000,10.5559000,1,1.696000,1.320000,1,"SuperWASP"
"TOI-3593 b","TOI-3593","TIC 162289289",3.82128670000,0.00000160000,-0.00000160000,"<a refstr=YEE_ET_AL_2025 href=https://ui.adsabs.harvard.edu/abs/2025ApJS..280...30Y/abstract target=ref>Yee et al. 2025</a>",2460055.72703000,"<a refstr=YEE_ET_AL_2025 href=https://ui.adsabs.harvard.edu/abs/2025ApJS..280...30Y/abstract target=ref>Yee et al. 2025</a>",1.21000000,"<a refstr=YEE_ET_AL_2025 href=https://ui.adsabs.harvard.edu/abs/2025ApJS..280...30Y/abstract target=ref>Yee et al. 2025</a>",2.4860000,"<a refstr=YEE_ET_AL_2025 href=https://ui.adsabs.harvard.edu/abs/2025ApJS..280...30Y/abstract target=ref>Yee et al. 2025</a>",11.02963701,11.4880000,1,0.918000,1.015000,1,"Transiting Exoplanet Survey Satellite (TESS)"
"WASP-195 b","WASP-195","TIC 232567319",5.05192800000,0.00000400000,-0.00000400000,"<a refstr=SCHANCHE_ET_AL_2025 href=https://ui.adsabs.harvard.edu/abs/2025AJ....169..334S/abstract target=ref>Schanche et al. 2025</a>",2457357.23855000,"<a refstr=SCHANCHE_ET_AL_2025 href=https://ui.adsabs.harvard.edu/abs/2025AJ....169..334S/abstract target=ref>Schanche et al. 2025</a>",0.36020000,"<a refstr=SCHANCHE_ET_AL_2025 href=https://ui.adsabs.harvard.edu/abs/2025AJ....169..334S/abstract target=ref>Schanche et al. 2025</a>",3.7430000,"<a refstr=EXOFOP href=https://exofop.ipac.caltech.edu/tess/view_toi.php target=ref>ExoFOP</a>",10.31226224,11.4354000,1,1.578000,1.300000,1,"SuperWASP"
"TOI-4529 b","TOI-4529","TIC 384888319",5.87957700000,0.00001100000,-0.00001000000,"<a refstr=POULTOURTZIDIS_ET_AL_2026 href=https://ui.adsabs.harvard.edu/abs/2026A&A...707A.106P/abstract target=ref>Poultourtzidis et al. 2026</a>",2459701.33290000,"<a refstr=POULTOURTZIDIS_ET_AL_2026 href=https://ui.adsabs.harvard.edu/abs/2026A&A...707A.106P/abstract target=ref>Poultourtzidis et al. 2026</a>",0.13527622,"<a refstr=EXOFOP href=https://exofop.ipac.caltech.edu/tess/view_toi.php target=ref>ExoFOP</a>",2.2539712,"<a refstr=LAFARGA_ET_AL_2026 href=https://ui.adsabs.harvard.edu/abs/2026MNRAS.548ag512L/abstract target=ref>Lafarga et al. 2026</a>",1.77000000,10.1406000,1,0.480000,0.482000,1,"Transiting Exoplanet Survey Satellite (TESS)"
"TOI-4551 b","TOI-4551","TIC 204650483",9.95581000000,0.00007600000,-0.00007800000,"<a refstr=PEREIRA_ET_AL_2024 href=https://ui.adsabs.harvard.edu/abs/2024MNRAS.527.6332P/abstract target=ref>Pereira et al. 2024</a>",2458575.65970000,"<a refstr=PEREIRA_ET_AL_2024 href=https://ui.adsabs.harvard.edu/abs/2024MNRAS.527.6332P/abstract target=ref>Pereira et al. 2024</a>",0.10240000,"<a refstr=EXOFOP href=https://exofop.ipac.caltech.edu/tess/view_toi.php target=ref>ExoFOP</a>",10.4740000,"<a refstr=EXOFOP href=https://exofop.ipac.caltech.edu/tess/view_toi.php target=ref>ExoFOP</a>",11.85910158,9.0276500,1,3.550000,1.310000,1,"Transiting Exoplanet Survey Satellite (TESS)"
"TOI-1259 A b","TOI-1259 A","TIC 288735205",3.47797920000,0.00000010000,-0.00000010000,"<a refstr=VELDHUIS_ET_AL_2026 href=https://ui.adsabs.harvard.edu/abs/2026A&A...708A.272V/abstract target=ref>Veldhuis et al. 2026</a>",2458686.70048000,"<a refstr=VELDHUIS_ET_AL_2026 href=https://ui.adsabs.harvard.edu/abs/2026A&A...708A.272V/abstract target=ref>Veldhuis et al. 2026</a>",2.70216932,"<a refstr=EXOFOP href=https://exofop.ipac.caltech.edu/tess/view_toi.php target=ref>ExoFOP</a>",2.5103489,"<a refstr=EXOFOP href=https://exofop.ipac.caltech.edu/tess/view_toi.php target=ref>ExoFOP</a>",11.60000000,11.1534000,1,0.715000,0.746000,1,"Transiting Exoplanet Survey Satellite (TESS)"
"TOI-4145 A b","TOI-4145 A","TIC 279947414",4.06644280000,0.00000580000,-0.00000580000,"<a refstr=YEE_ET_AL__2023 href=https://ui.adsabs.harvard.edu/abs/2023ApJS..265....1Y/abstract target=ref>Yee et al. 2023</a>",2458925.88211000,"<a refstr=YEE_ET_AL__2023 href=https://ui.adsabs.harvard.edu/abs/2023ApJS..265....1Y/abstract target=ref>Yee et al. 2023</a>",2.01500000,"<a refstr=YEE_ET_AL__2023 href=https://ui.adsabs.harvard.edu/abs/2023ApJS..265....1Y/abstract target=ref>Yee et al. 2023</a>",2.1060000,"<a refstr=YEE_ET_AL__2023 href=https://ui.adsabs.harvard.edu/abs/2023ApJS..265....1Y/abstract target=ref>Yee et al. 2023</a>",13.30506009,11.5241000,1,0.859000,0.905000,1,"Transiting Exoplanet Survey Satellite (TESS)"
"TOI-4379 b","TOI-4379","TIC 97766057",3.25352000000,0.00002000000,-0.00002000000,"<a refstr=SAUNDERS_ET_AL__2024 href=https://ui.adsabs.harvard.edu/abs/2024AJ....168...81S/abstract target=ref>Saunders et al. 2024</a>",2459734.26900000,"<a refstr=SAUNDERS_ET_AL__2024 href=https://ui.adsabs.harvard.edu/abs/2024AJ....168...81S/abstract target=ref>Saunders et al. 2024</a>",0.61150131,"<a refstr=EXOFOP href=https://exofop.ipac.caltech.edu/tess/view_toi.php target=ref>ExoFOP</a>",5.1923833,"<a refstr=EXOFOP href=https://exofop.ipac.caltech.edu/tess/view_toi.php target=ref>ExoFOP</a>",16.69017226,11.8994000,1,1.976000,1.372000,1,"Transiting Exoplanet Survey Satellite (TESS)"
"GPX-1 b","GPX-1","TIC 245392284",1.74457900000,0.00000800000,-0.00000800000,"<a refstr=BENNI_ET_AL__2021 href=https://ui.adsabs.harvard.edu/abs/2021MNRAS.505.4956B/abstract target=ref>Benni et al. 2021</a>",2458770.23823000,"<a refstr=BENNI_ET_AL__2021 href=https://ui.adsabs.harvard.edu/abs/2021MNRAS.505.4956B/abstract target=ref>Benni et al. 2021</a>",0.90000000,"<a refstr=BENNI_ET_AL__2021 href=https://ui.adsabs.harvard.edu/abs/2021MNRAS.505.4956B/abstract target=ref>Benni et al. 2021</a>",2.0900000,"<a refstr=BENNI_ET_AL__2021 href=https://ui.adsabs.harvard.edu/abs/2021MNRAS.505.4956B/abstract target=ref>Benni et al. 2021</a>",16.47720163,11.9004000,1,1.560000,1.680000,1,"Acton Sky Portal Observatory"
"TOI-3819 b","TOI-3819","TIC 95660472",3.24431410000,0.00000550000,-0.00000550000,"<a refstr=YEE_ET_AL__2023 href=https://ui.adsabs.harvard.edu/abs/2023ApJS..265....1Y/abstract target=ref>Yee et al. 2023</a>",2459502.74370000,"<a refstr=YEE_ET_AL__2023 href=https://ui.adsabs.harvard.edu/abs/2023ApJS..265....1Y/abstract target=ref>Yee et al. 2023</a>",0.61300000,"<a refstr=YEE_ET_AL__2023 href=https://ui.adsabs.harvard.edu/abs/2023ApJS..265....1Y/abstract target=ref>Yee et al. 2023</a>",2.7790000,"<a refstr=YEE_ET_AL__2023 href=https://ui.adsabs.harvard.edu/abs/2023ApJS..265....1Y/abstract target=ref>Yee et al. 2023</a>",13.13692538,11.9824000,1,1.538000,1.242000,1,"Transiting Exoplanet Survey Satellite (TESS)"
"TOI-1431 b","TOI-1431","TIC 375506058",2.65023700000,0.00000300000,-0.00000300000,"<a refstr=ADDISON_ET_AL__2021 href=https://ui.adsabs.harvard.edu/abs/2021AJ....162..292A/abstract target=ref>Addison et al. 2021</a>",2458739.17737000,"<a refstr=ADDISON_ET_AL__2021 href=https://ui.adsabs.harvard.edu/abs/2021AJ....162..292A/abstract target=ref>Addison et al. 2021</a>",0.57970000,"<a refstr=ADDISON_ET_AL__2021 href=https://ui.adsabs.harvard.edu/abs/2021AJ....162..292A/abstract target=ref>Addison et al. 2021</a>",2.4890000,"<a refstr=ADDISON_ET_AL__2021 href=https://ui.adsabs.harvard.edu/abs/2021AJ....162..292A/abstract target=ref>Addison et al. 2021</a>",16.70138124,7.7982400,1,1.920000,1.900000,1,"Transiting Exoplanet Survey Satellite (TESS)"
"TOI-3862 b","TOI-3862","TIC 141205978",1.55745774000,0.00000036000,-0.00000042000,"<a refstr=CARLEO_ET_AL_2026 href=https://ui.adsabs.harvard.edu/abs/2026A&A...707A...4C/abstract target=ref>Carleo et al. 2026</a>",2459662.73870000,"<a refstr=CARLEO_ET_AL_2026 href=https://ui.adsabs.harvard.edu/abs/2026A&A...707A...4C/abstract target=ref>Carleo et al. 2026</a>",0.39000000,"<a refstr=EXOFOP href=https://exofop.ipac.caltech.edu/tess/view_toi.php target=ref>ExoFOP</a>",1.4090000,"<a refstr=CARLEO_ET_AL_2026 href=https://ui.adsabs.harvard.edu/abs/2026A&A...707A...4C/abstract target=ref>Carleo et al. 2026</a>",5.53000000,11.7201000,1,0.920000,0.900000,1,"Transiting Exoplanet Survey Satellite (TESS)"
"TOI-4662 b","TOI-4662","TIC 166778944",4.70343764575,0.00005530158,-0.00006074156,"<a refstr=LAFARGA_ET_AL_2026 href=https://ui.adsabs.harvard.edu/abs/2026MNRAS.548ag512L/abstract target=ref>Lafarga et al. 2026</a>",2458417.16429205,"<a refstr=LAFARGA_ET_AL_2026 href=https://ui.adsabs.harvard.edu/abs/2026MNRAS.548ag512L/abstract target=ref>Lafarga et al. 2026</a>",0.13900000,"<a refstr=EXOFOP href=https://exofop.ipac.caltech.edu/tess/view_toi.php target=ref>ExoFOP</a>",2.1670415,"<a refstr=LAFARGA_ET_AL_2026 href=https://ui.adsabs.harvard.edu/abs/2026MNRAS.548ag512L/abstract target=ref>Lafarga et al. 2026</a>",2.87998299,11.4031000,1,0.693750,0.703000,1,"Transiting Exoplanet Survey Satellite (TESS)"
"TOI-1789 b","TOI-1789","TIC 172518755",3.20866400000,0.00001500000,-0.00001500000,"<a refstr=KHANDELWAL_ET_AL__2022 href=https://ui.adsabs.harvard.edu/abs/2022MNRAS.509.3339K/abstract target=ref>Khandelwal et al. 2022</a>",2458873.65374000,"<a refstr=KHANDELWAL_ET_AL__2022 href=https://ui.adsabs.harvard.edu/abs/2022MNRAS.509.3339K/abstract target=ref>Khandelwal et al. 2022</a>",0.46300000,"<a refstr=KHANDELWAL_ET_AL__2022 href=https://ui.adsabs.harvard.edu/abs/2022MNRAS.509.3339K/abstract target=ref>Khandelwal et al. 2022</a>",2.3000000,"<a refstr=KHANDELWAL_ET_AL__2022 href=https://ui.adsabs.harvard.edu/abs/2022MNRAS.509.3339K/abstract target=ref>Khandelwal et al. 2022</a>",16.14093221,9.1824000,1,2.168000,1.507000,1,"Transiting Exoplanet Survey Satellite (TESS)"
"WASP-182 b","WASP-182","TIC 369455629",3.37698480000,0.00000240000,-0.00000240000,"<a refstr=NIELSEN_ET_AL__2019 href=https://ui.adsabs.harvard.edu/abs/2019MNRAS.489.2478N/abstract target=ref>Nielsen et al. 2019</a>",2458018.66018000,"<a refstr=NIELSEN_ET_AL__2019 href=https://ui.adsabs.harvard.edu/abs/2019MNRAS.489.2478N/abstract target=ref>Nielsen et al. 2019</a>",0.42600000,"<a refstr=NIELSEN_ET_AL__2019 href=https://ui.adsabs.harvard.edu/abs/2019MNRAS.489.2478N/abstract target=ref>Nielsen et al. 2019</a>",2.5968000,"<a refstr=NIELSEN_ET_AL__2019 href=https://ui.adsabs.harvard.edu/abs/2019MNRAS.489.2478N/abstract target=ref>Nielsen et al. 2019</a>",9.52765000,11.4513000,1,1.340000,1.076000,1,"WASP-South"
"TOI-4463 A b","TOI-4463 A","TIC 8599009",2.88071980000,0.00000280000,-0.00000270000,"<a refstr=YEE_ET_AL__2023 href=https://ui.adsabs.harvard.edu/abs/2023ApJS..265....1Y/abstract target=ref>Yee et al. 2023</a>",2459291.64004000,"<a refstr=YEE_ET_AL__2023 href=https://ui.adsabs.harvard.edu/abs/2023ApJS..265....1Y/abstract target=ref>Yee et al. 2023</a>",1.31100000,"<a refstr=YEE_ET_AL__2023 href=https://ui.adsabs.harvard.edu/abs/2023ApJS..265....1Y/abstract target=ref>Yee et al. 2023</a>",1.8500000,"<a refstr=YEE_ET_AL__2023 href=https://ui.adsabs.harvard.edu/abs/2023ApJS..265....1Y/abstract target=ref>Yee et al. 2023</a>",13.26022417,10.4673000,1,1.062000,1.056000,1,"Transiting Exoplanet Survey Satellite (TESS)"
"TOI-3912 b","TOI-3912","TIC 156648452",3.49362640000,0.00000380000,-0.00000380000,"<a refstr=YEE_ET_AL__2023 href=https://ui.adsabs.harvard.edu/abs/2023ApJS..265....1Y/abstract target=ref>Yee et al. 2023</a>",2459442.81871000,"<a refstr=YEE_ET_AL__2023 href=https://ui.adsabs.harvard.edu/abs/2023ApJS..265....1Y/abstract target=ref>Yee et al. 2023</a>",0.88500000,"<a refstr=YEE_ET_AL__2023 href=https://ui.adsabs.harvard.edu/abs/2023ApJS..265....1Y/abstract target=ref>Yee et al. 2023</a>",3.5570000,"<a refstr=YEE_ET_AL__2023 href=https://ui.adsabs.harvard.edu/abs/2023ApJS..265....1Y/abstract target=ref>Yee et al. 2023</a>",14.28024141,11.8747000,1,1.392000,1.088000,1,"Transiting Exoplanet Survey Satellite (TESS)"
"TOI-4487 A b","TOI-4487 A","TIC 193754373",3.95407090000,0.00000210000,-0.00000210000,"<a refstr=YEE_ET_AL_2025 href=https://ui.adsabs.harvard.edu/abs/2025ApJS..280...30Y/abstract target=ref>Yee et al. 2025</a>",2460079.02001000,"<a refstr=YEE_ET_AL_2025 href=https://ui.adsabs.harvard.edu/abs/2025ApJS..280...30Y/abstract target=ref>Yee et al. 2025</a>",0.66900000,"<a refstr=YEE_ET_AL_2025 href=https://ui.adsabs.harvard.edu/abs/2025ApJS..280...30Y/abstract target=ref>Yee et al. 2025</a>",4.2700000,"<a refstr=YEE_ET_AL_2025 href=https://ui.adsabs.harvard.edu/abs/2025ApJS..280...30Y/abstract target=ref>Yee et al. 2025</a>",14.60530185,11.4923000,1,1.634000,1.378000,1,"Transiting Exoplanet Survey Satellite (TESS)"
"TOI-628 b","TOI-628","TIC 281408474",3.40956750000,0.00000700000,-0.00000690000,"<a refstr=RODRIGUEZ_ET_AL__2021 href=https://ui.adsabs.harvard.edu/abs/2021AJ....161..194R/abstract target=ref>Rodriguez et al. 2021</a>",2458629.47972000,"<a refstr=RODRIGUEZ_ET_AL__2021 href=https://ui.adsabs.harvard.edu/abs/2021AJ....161..194R/abstract target=ref>Rodriguez et al. 2021</a>",0.65700000,"<a refstr=RODRIGUEZ_ET_AL__2021 href=https://ui.adsabs.harvard.edu/abs/2021AJ....161..194R/abstract target=ref>Rodriguez et al. 2021</a>",3.7824000,"<a refstr=RODRIGUEZ_ET_AL__2021 href=https://ui.adsabs.harvard.edu/abs/2021AJ....161..194R/abstract target=ref>Rodriguez et al. 2021</a>",11.88154000,9.6564600,1,1.345000,1.311000,1,"Transiting Exoplanet Survey Satellite (TESS)"
"TOI-3980 b","TOI-3980","TIC 312548829",3.60892540000,0.00000300000,-0.00000310000,"<a refstr=YEE_ET_AL_2025 href=https://ui.adsabs.harvard.edu/abs/2025ApJS..280...30Y/abstract target=ref>Yee et al. 2025</a>",2459528.89504000,"<a refstr=YEE_ET_AL_2025 href=https://ui.adsabs.harvard.edu/abs/2025ApJS..280...30Y/abstract target=ref>Yee et al. 2025</a>",0.67000000,"<a refstr=YEE_ET_AL_2025 href=https://ui.adsabs.harvard.edu/abs/2025ApJS..280...30Y/abstract target=ref>Yee et al. 2025</a>",2.3590000,"<a refstr=YEE_ET_AL_2025 href=https://ui.adsabs.harvard.edu/abs/2025ApJS..280...30Y/abstract target=ref>Yee et al. 2025</a>",14.45958510,11.8630000,1,1.626000,1.240000,1,"Transiting Exoplanet Survey Satellite (TESS)"
"HAT-P-7 b","HAT-P-7","TIC 424865156",2.20474000000,0.00001700000,-0.00001700000,"<a refstr=STASSUN_ET_AL__2017 href=https://ui.adsabs.harvard.edu/abs/2017AJ....153..136S/abstract target=ref>Stassun et al. 2017</a>",2454954.35857200,"<a refstr=ESTEVES_ET_AL__2015 href=https://ui.adsabs.harvard.edu/abs/2015ApJ...804..150E/abstract target=ref>Esteves et al. 2015</a>",0.60000000,"<a refstr=STASSUN_ET_AL__2017 href=https://ui.adsabs.harvard.edu/abs/2017AJ....153..136S/abstract target=ref>Stassun et al. 2017</a>",3.8821600,"<a refstr=MORTON_ET_AL__2016 href=https://ui.adsabs.harvard.edu/abs/2016ApJ...822...86M/abstract target=ref>Morton et al. 2016</a>",16.92559000,10.0274000,1,2.000000,1.560000,1,"HATNet"
"K2-27 b","K2-27","TIC 363548415",6.77134700000,0.00005900000,-0.00005900000,"<a refstr=HOWARD_ET_AL__2025 href=https://ui.adsabs.harvard.edu/abs/2025ApJS..278...52H/abstract target=ref>Howard et al. 2025</a>",2456812.84470000,"<a refstr=HOWARD_ET_AL__2025 href=https://ui.adsabs.harvard.edu/abs/2025ApJS..278...52H/abstract target=ref>Howard et al. 2025</a>",0.29300000,"<a refstr=EXOFOP href=https://exofop.ipac.caltech.edu/tess/view_toi.php target=ref>ExoFOP</a>",2.8020000,"<a refstr=CROSSFIELD_ET_AL__2016 href=https://ui.adsabs.harvard.edu/abs/2016ApJS..226....7C/abstract target=ref>Crossfield et al. 2016</a>",4.74000000,11.9186000,1,0.876000,0.880000,1,"K2"
